timestamp,temperature,humidity,pressure,wind_speed,rainfall
2026-09-05 03:02:57.896881,28.4,73.73,1009.92,12.95,0.0
2026-09-05 03:07:57.896881,28.02,73.55,1009.94,12.36,0.0
2026-09-05 03:12:57.896881,28.78,69.44,1009.94,2.33,0.0
2026-09-05 03:17:57.896881,29.61,73.75,1010.21,5.74,0.0
2026-09-05 03:22:57.896881,28.34,76.85,1009.76,8.31,0.0
2026-09-05 03:27:57.896881,28.47,70.74,1009.69,37.93,0.0
2026-09-05 03:32:57.896881,30.05,77.62,1010.37,6.11,0.0
2026-09-05 03:37:57.896881,29.53,75.85,1009.82,3.89,0.0
2026-09-05 03:42:57.896881,28.67,72.1,1009.54,2.8,0.0
2026-09-05 03:47:57.896881,29.6,73.8,1009.81,2.25,0.0
2026-09-05 03:52:57.896881,28.93,78.93,1009.9,38.81,0.0
2026-09-05 03:57:57.896881,29.05,76.25,1010.51,11.67,0.0
2026-09-05 04:02:57.896881,29.75,73.99,1010.26,4.37,0.0
2026-09-05 04:07:57.896881,28.15,73.17,1010.3,24.88,0.0
2026-09-05 04:12:57.896881,28.42,74.03,1010.24,32.67,0.85
2026-09-05 04:17:57.896881,29.48,72.18,1010.28,4.55,0.0
2026-09-05 04:22:57.896881,29.24,67.32,1009.74,7.09,0.0
2026-09-05 04:27:57.896881,30.43,79.68,1009.91,22.29,0.0
2026-09-05 04:32:57.896881,29.57,73.94,1009.64,16.77,0.0
2026-09-05 04:37:57.896881,29.29,74.58,1009.96,8.94,0.0
2026-09-05 04:42:57.896881,31.71,73.14,1010.31,22.7,0.0
2026-09-05 04:47:57.896881,30.47,71.03,1010.17,2.24,0.0
2026-09-05 04:52:57.896881,30.82,72.6,1010.59,3.73,0.0
2026-09-05 04:57:57.896881,29.75,68.28,1009.86,5.46,0.0
2026-09-05 05:02:57.896881,30.56,79.83,1010.39,4.91,0.0
2026-09-05 05:07:57.896881,31.2,69.22,1009.94,1.01,0.26
2026-09-05 05:12:57.896881,30.3,69.75,1010.35,7.45,0.0
2026-09-05 05:17:57.896881,31.63,71.46,1010.54,15.13,0.0
2026-09-05 05:22:57.896881,30.96,76.57,1010.16,18.44,0.0
2026-09-05 05:27:57.896881,31.31,72.68,1010.39,17.44,0.0
2026-09-05 05:32:57.896881,31.17,68.86,1009.98,21.28,0.0
2026-09-05 05:37:57.896881,33.24,76.26,1009.81,13.91,0.0
2026-09-05 05:42:57.896881,31.85,74.62,1010.51,6.43,0.0
2026-09-05 05:47:57.896881,31.11,73.98,1010.83,1.69,0.0
2026-09-05 05:52:57.896881,32.71,74.44,1009.91,1.64,0.0
2026-09-05 05:57:57.896881,31.17,79.42,1010.55,11.1,0.0
2026-09-05 06:02:57.896881,32.41,78.73,1010.19,4.62,0.0
2026-09-05 06:07:57.896881,30.77,70.05,1009.76,10.68,0.0
2026-09-05 06:12:57.896881,31.36,76.92,1009.85,3.37,0.0
2026-09-05 06:17:57.896881,32.67,73.14,1010.29,24.21,0.0
2026-09-05 06:22:57.896881,33.19,73.43,1010.17,7.68,1.98
2026-09-05 06:27:57.896881,32.82,66.8,1009.89,8.19,0.0
2026-09-05 06:32:57.896881,32.67,71.32,1009.76,8.8,0.0
2026-09-05 06:37:57.896881,32.6,69.34,1010.02,22.38,0.0
2026-09-05 06:42:57.896881,31.73,74.21,1010.29,3.8,0.0
2026-09-05 06:47:57.896881,32.41,74.89,1010.24,8.98,0.0
2026-09-05 06:52:57.896881,32.69,65.4,1010.11,10.43,0.0
2026-09-05 06:57:57.896881,33.98,71.51,1010.33,5.03,0.0
2026-09-05 07:02:57.896881,33.47,74.9,1010.61,15.4,0.0
2026-09-05 07:07:57.896881,31.85,70.93,1010.44,20.67,0.0
2026-09-05 07:12:57.896881,33.58,73.64,1010.19,1.66,0.0
2026-09-05 07:17:57.896881,33.07,72.47,1010.54,16.57,0.0
2026-09-05 07:22:57.896881,32.9,72.4,1009.94,1.3,0.0
2026-09-05 07:27:57.896881,33.98,70.52,1010.1,5.04,0.0
2026-09-05 07:32:57.896881,34.37,67.65,1010.06,6.34,0.0
2026-09-05 07:37:57.896881,34.34,67.91,1009.77,6.5,0.0
2026-09-05 07:42:57.896881,32.97,73.37,1010.0,23.17,0.0
2026-09-05 07:47:57.896881,33.43,71.27,1009.42,6.87,0.0
2026-09-05 07:52:57.896881,33.99,70.77,1010.64,6.86,0.0
2026-09-05 07:57:57.896881,34.54,69.89,1009.71,2.93,0.0
2026-09-05 08:02:57.896881,33.41,70.22,1010.48,12.49,0.0
2026-09-05 08:07:57.896881,33.68,74.26,1010.03,8.44,0.0
2026-09-05 08:12:57.896881,32.97,70.09,1010.23,14.26,0.0
2026-09-05 08:17:57.896881,32.93,67.05,1010.0,2.87,0.0
2026-09-05 08:22:57.896881,34.56,73.29,1010.14,30.47,0.0
2026-09-05 08:27:57.896881,35.02,70.43,1010.27,17.39,0.0
2026-09-05 08:32:57.896881,33.89,71.13,1010.26,10.33,0.0
2026-09-05 08:37:57.896881,34.77,75.85,1010.32,19.87,0.0
2026-09-05 08:42:57.896881,34.27,70.95,1009.99,31.0,0.0
2026-09-05 08:47:57.896881,33.47,71.88,1009.93,12.69,0.0
2026-09-05 08:52:57.896881,34.28,67.47,1009.58,8.65,0.0
2026-09-05 08:57:57.896881,35.23,70.34,1010.16,6.73,0.0
2026-09-05 09:02:57.896881,33.97,72.83,1010.37,7.82,0.0
2026-09-05 09:07:57.896881,35.25,66.33,1010.56,11.41,14.8
2026-09-05 09:12:57.896881,31.9,71.61,1010.21,8.33,0.0
2026-09-05 09:17:57.896881,34.64,71.31,1009.87,16.33,0.0
2026-09-05 09:22:57.896881,34.05,71.14,1009.56,25.78,0.0
2026-09-05 09:27:57.896881,33.73,74.14,1010.33,3.46,0.0
2026-09-05 09:32:57.896881,34.02,72.04,1009.5,3.44,0.0
2026-09-05 09:37:57.896881,32.34,75.48,1009.88,6.93,0.0
2026-09-05 09:42:57.896881,33.73,68.08,1010.01,1.68,0.0
2026-09-05 09:47:57.896881,34.17,71.48,1009.99,29.04,0.0
2026-09-05 09:52:57.896881,35.04,71.35,1010.03,21.34,0.0
2026-09-05 09:57:57.896881,33.41,67.91,1010.14,8.57,0.0
2026-09-05 10:02:57.896881,33.15,74.01,1009.41,9.21,0.0
2026-09-05 10:07:57.896881,33.36,78.13,1010.14,12.93,0.0
2026-09-05 10:12:57.896881,34.45,71.13,1009.42,5.11,0.0
2026-09-05 10:17:57.896881,33.94,72.73,1010.24,7.59,0.0
2026-09-05 10:22:57.896881,33.21,71.49,1009.89,5.44,0.0
2026-09-05 10:27:57.896881,34.0,69.13,1009.49,10.46,0.0
2026-09-05 10:32:57.896881,33.62,65.84,1009.87,10.68,0.0
2026-09-05 10:37:57.896881,34.27,69.22,1009.89,9.01,0.0
2026-09-05 10:42:57.896881,32.88,67.2,1010.29,19.97,0.0
2026-09-05 10:47:57.896881,33.12,76.52,1009.94,9.11,0.0
2026-09-05 10:52:57.896881,33.01,71.11,1009.98,9.55,0.0
2026-09-05 10:57:57.896881,32.09,70.46,1010.31,2.4,0.0
2026-09-05 11:02:57.896881,33.43,74.2,1009.96,15.97,0.0
2026-09-05 11:07:57.896881,33.34,68.22,1010.23,11.25,0.0
2026-09-05 11:12:57.896881,33.06,69.33,1010.19,17.2,0.0
2026-09-05 11:17:57.896881,32.8,71.88,1009.57,4.71,0.0
2026-09-05 11:22:57.896881,31.78,74.81,1010.47,3.68,0.0
2026-09-05 11:27:57.896881,32.5,73.28,1009.61,8.24,1.08
2026-09-05 11:32:57.896881,32.49,72.57,1010.21,1.37,0.0
2026-09-05 11:37:57.896881,32.04,72.11,1009.45,30.14,0.0
2026-09-05 11:42:57.896881,32.47,73.14,1010.04,8.02,0.0
2026-09-05 11:47:57.896881,32.83,72.6,1010.39,0.61,0.0
2026-09-05 11:52:57.896881,33.93,68.96,1009.79,6.54,0.0
2026-09-05 11:57:57.896881,32.47,72.25,1009.78,8.72,0.0
2026-09-05 12:02:57.896881,32.45,68.95,1010.03,25.92,0.0
2026-09-05 12:07:57.896881,32.09,72.48,1009.82,10.37,0.0
2026-09-05 12:12:57.896881,30.52,70.86,1010.43,2.61,0.0
2026-09-05 12:17:57.896881,31.93,79.98,1010.03,13.05,0.0
2026-09-05 12:22:57.896881,31.9,72.31,1009.84,10.25,0.0
2026-09-05 12:27:57.896881,33.73,68.28,1009.78,8.46,0.0
2026-09-05 12:32:57.896881,31.5,72.16,1009.65,7.41,0.0
2026-09-05 12:37:57.896881,31.79,74.19,1009.75,19.05,0.0
2026-09-05 12:42:57.896881,31.41,77.73,1009.85,10.01,0.0
2026-09-05 12:47:57.896881,30.4,71.01,1009.83,9.54,0.0
2026-09-05 12:52:57.896881,32.14,68.1,1009.75,22.16,0.0
2026-09-05 12:57:57.896881,31.71,75.38,1010.52,17.56,0.0
2026-09-05 13:02:57.896881,31.63,68.86,1009.7,13.09,0.0
2026-09-05 13:07:57.896881,30.16,71.77,1010.03,5.56,0.0
2026-09-05 13:12:57.896881,31.89,72.38,1010.2,7.81,0.0
2026-09-05 13:17:57.896881,29.53,73.02,1010.13,9.28,0.0
2026-09-05 13:22:57.896881,31.01,75.38,1009.91,2.94,0.0
2026-09-05 13:27:57.896881,32.17,71.34,1009.85,6.64,0.0
2026-09-05 13:32:57.896881,29.5,72.65,1010.08,10.29,0.0
2026-09-05 13:37:57.896881,29.72,73.51,1009.89,15.15,0.0
2026-09-05 13:42:57.896881,30.13,74.08,1009.74,14.7,0.0
2026-09-05 13:47:57.896881,29.53,74.01,1009.29,1.91,0.0
2026-09-05 13:52:57.896881,28.56,75.11,1009.64,7.43,0.0
2026-09-05 13:57:57.896881,29.73,76.41,1009.38,5.0,0.0
2026-09-05 14:02:57.896881,28.7,75.14,1009.48,1.52,0.0
2026-09-05 14:07:57.896881,29.8,75.41,1009.68,8.93,0.0
2026-09-05 14:12:57.896881,28.56,69.39,1009.72,6.57,1.56
2026-09-05 14:17:57.896881,30.41,74.37,1010.13,10.03,0.0
2026-09-05 14:22:57.896881,28.42,75.74,1009.37,14.8,0.0
2026-09-05 14:27:57.896881,28.66,76.58,1009.67,13.0,0.0
2026-09-05 14:32:57.896881,29.43,72.4,1009.58,32.99,0.0
2026-09-05 14:37:57.896881,27.67,72.59,1009.82,11.22,0.0
2026-09-05 14:42:57.896881,28.7,72.93,1009.59,25.25,0.0
2026-09-05 14:47:57.896881,29.44,76.35,1009.15,3.86,0.0
2026-09-05 14:52:57.896881,26.98,77.93,1008.91,12.85,0.0
2026-09-05 14:57:57.896881,28.28,73.69,1009.48,5.5,0.0
2026-09-05 15:02:57.896881,28.21,77.72,1009.24,8.14,0.0
2026-09-05 15:07:57.896881,28.49,75.46,1009.16,17.85,0.0
2026-09-05 15:12:57.896881,26.75,74.8,1009.01,8.08,8.2
2026-09-05 15:17:57.896881,26.55,74.63,1009.43,20.22,0.0
2026-09-05 15:22:57.896881,27.89,77.59,1009.75,5.65,0.0
2026-09-05 15:27:57.896881,27.58,76.41,1009.16,3.72,0.0
2026-09-05 15:32:57.896881,27.42,82.35,1009.46,11.74,0.0
2026-09-05 15:37:57.896881,27.36,73.05,1009.21,12.14,0.0
2026-09-05 15:42:57.896881,26.41,77.25,1008.83,7.68,0.0
2026-09-05 15:47:57.896881,27.02,74.19,1009.36,15.59,0.0
2026-09-05 15:52:57.896881,26.94,73.26,1008.82,1.24,0.0
2026-09-05 15:57:57.896881,26.0,75.92,1009.21,4.28,0.0
2026-09-05 16:02:57.896881,27.94,76.45,1009.04,13.58,0.0
2026-09-05 16:07:57.896881,26.7,84.87,1009.38,8.35,0.0
2026-09-05 16:12:57.896881,25.24,75.65,1008.82,5.87,0.0
2026-09-05 16:17:57.896881,26.6,72.9,1009.32,11.08,0.0
2026-09-05 16:22:57.896881,25.17,77.19,1008.87,19.18,0.0
2026-09-05 16:27:57.896881,26.46,70.23,1008.96,12.9,0.0
2026-09-05 16:32:57.896881,26.63,76.25,1008.04,17.07,0.0
2026-09-05 16:37:57.896881,24.93,76.66,1009.75,13.39,0.0
2026-09-05 16:42:57.896881,26.23,79.07,1009.17,22.64,3.2
2026-09-05 16:47:57.896881,25.68,79.69,1008.8,6.62,0.0
2026-09-05 16:52:57.896881,25.89,75.34,1008.77,20.04,0.0
2026-09-05 16:57:57.896881,26.63,76.47,1008.96,2.06,0.0
2026-09-05 17:02:57.896881,24.8,74.7,1009.27,3.37,0.0
2026-09-05 17:07:57.896881,24.28,73.69,1008.46,15.35,0.0
2026-09-05 17:12:57.896881,24.06,78.08,1009.08,3.18,0.0
2026-09-05 17:17:57.896881,24.01,73.4,1009.7,7.69,0.0
2026-09-05 17:22:57.896881,24.5,76.05,1008.86,22.41,0.0
2026-09-05 17:27:57.896881,24.73,74.38,1009.24,3.8,0.0
2026-09-05 17:32:57.896881,24.57,79.08,1009.84,18.13,0.0
2026-09-05 17:37:57.896881,24.91,82.91,1009.36,7.38,0.0
2026-09-05 17:42:57.896881,24.15,73.67,1009.21,3.49,0.0
2026-09-05 17:47:57.896881,25.21,72.08,1009.35,9.95,0.0
2026-09-05 17:52:57.896881,23.73,77.33,1009.15,21.41,0.0
2026-09-05 17:57:57.896881,26.03,77.81,1009.72,3.08,0.0
2026-09-05 18:02:57.896881,24.26,78.48,1009.14,2.92,0.0
2026-09-05 18:07:57.896881,22.98,76.55,1008.68,15.0,0.0
2026-09-05 18:12:57.896881,22.72,77.35,1009.19,6.34,0.0
2026-09-05 18:17:57.896881,23.87,79.11,1009.05,33.26,7.68
2026-09-05 18:22:57.896881,23.22,81.19,1009.22,12.15,2.04
2026-09-05 18:27:57.896881,23.89,72.25,1009.37,19.13,0.0
2026-09-05 18:32:57.896881,23.62,77.07,1009.75,11.84,0.0
2026-09-05 18:37:57.896881,23.1,78.87,1009.54,3.16,0.0
2026-09-05 18:42:57.896881,22.41,75.52,1009.42,4.59,0.0
2026-09-05 18:47:57.896881,21.8,83.52,1009.45,5.16,0.0
2026-09-05 18:52:57.896881,22.58,76.47,1009.09,13.96,0.0
2026-09-05 18:57:57.896881,23.56,78.3,1008.74,9.68,0.0
2026-09-05 19:02:57.896881,22.98,80.13,1009.48,1.64,0.0
2026-09-05 19:07:57.896881,21.74,76.73,1009.69,15.89,0.0
2026-09-05 19:12:57.896881,22.82,73.01,1009.4,37.39,0.0
2026-09-05 19:17:57.896881,22.93,77.3,1009.3,3.74,0.0
2026-09-05 19:22:57.896881,21.86,81.71,1009.61,4.29,0.0
2026-09-05 19:27:57.896881,22.63,77.65,1009.5,5.7,7.58
2026-09-05 19:32:57.896881,22.5,76.16,1010.09,8.82,0.0
2026-09-05 19:37:57.896881,21.49,81.51,1009.97,4.02,0.0
2026-09-05 19:42:57.896881,22.65,77.77,1009.91,22.22,0.04
2026-09-05 19:47:57.896881,22.77,77.26,1009.86,27.95,0.63
2026-09-05 19:52:57.896881,23.14,79.26,1009.27,10.67,0.0
2026-09-05 19:57:57.896881,23.08,81.15,1009.86,9.28,0.0
2026-09-05 20:02:57.896881,21.1,86.01,1009.77,1.87,0.0
2026-09-05 20:07:57.896881,21.42,81.37,1009.9,3.43,0.0
2026-09-05 20:12:57.896881,22.55,82.38,1009.94,1.01,0.0
2026-09-05 20:17:57.896881,22.53,77.41,1009.85,5.93,0.0
2026-09-05 20:22:57.896881,22.5,75.86,1010.53,6.87,0.0
2026-09-05 20:27:57.896881,25.15,79.14,1009.66,14.86,0.0
2026-09-05 20:32:57.896881,22.51,79.29,1009.95,10.76,0.0
2026-09-05 20:37:57.896881,22.94,75.74,1009.55,4.9,0.0
2026-09-05 20:42:57.896881,22.79,78.46,1009.96,15.43,0.0
2026-09-05 20:47:57.896881,22.53,80.19,1010.0,41.41,0.0
2026-09-05 20:52:57.896881,21.75,80.08,1009.73,15.99,0.0
2026-09-05 20:57:57.896881,22.61,80.51,1010.07,6.41,0.0
2026-09-05 21:02:57.896881,21.38,79.87,1009.35,11.63,0.0
2026-09-05 21:07:57.896881,21.81,77.48,1009.33,3.92,0.0
2026-09-05 21:12:57.896881,21.62,77.45,1009.6,3.54,0.0
2026-09-05 21:17:57.896881,22.08,75.39,1009.83,29.38,0.0
2026-09-05 21:22:57.896881,23.87,84.34,1009.68,11.77,0.0
2026-09-05 21:27:57.896881,20.54,79.02,1010.01,19.57,0.0
2026-09-05 21:32:57.896881,22.6,78.29,1009.32,7.86,0.0
2026-09-05 21:37:57.896881,20.78,76.17,1009.2,3.51,0.0
2026-09-05 21:42:57.896881,21.71,87.75,1009.7,2.9,0.0
2026-09-05 21:47:57.896881,22.99,75.7,1009.63,4.49,0.0
2026-09-05 21:52:57.896881,22.19,77.62,1009.78,12.94,0.0
2026-09-05 21:57:57.896881,21.31,80.13,1009.61,2.33,0.0
2026-09-05 22:02:57.896881,21.63,80.66,1009.49,10.0,0.0
2026-09-05 22:07:57.896881,22.78,81.71,1009.53,14.19,0.0
2026-09-05 22:12:57.896881,21.69,84.24,1009.61,3.39,4.58
2026-09-05 22:17:57.896881,22.49,80.31,1009.45,41.26,0.0
2026-09-05 22:22:57.896881,22.4,75.59,1009.43,17.96,0.0
2026-09-05 22:27:57.896881,21.89,77.96,1009.32,8.79,0.0
2026-09-05 22:32:57.896881,24.17,79.62,1009.62,5.19,0.0
2026-09-05 22:37:57.896881,23.02,84.87,1009.43,12.09,0.0
2026-09-05 22:42:57.896881,20.94,74.43,1010.11,11.8,0.0
2026-09-05 22:47:57.896881,22.77,82.2,1009.47,10.17,0.0
2026-09-05 22:52:57.896881,22.15,79.09,1009.18,12.42,0.0
2026-09-05 22:57:57.896881,23.42,81.02,1010.19,4.12,0.0
2026-09-05 23:02:57.896881,22.17,78.16,1009.6,15.94,0.0
2026-09-05 23:07:57.896881,22.78,75.89,1009.74,2.7,0.0
2026-09-05 23:12:57.896881,23.34,80.63,1009.59,1.13,0.0
2026-09-05 23:17:57.896881,23.7,80.29,1009.63,14.72,0.0
2026-09-05 23:22:57.896881,22.12,81.19,1009.68,12.7,0.0
2026-09-05 23:27:57.896881,22.89,78.19,1009.17,9.5,0.0
2026-09-05 23:32:57.896881,22.86,76.37,1009.54,5.7,0.0
2026-09-05 23:37:57.896881,22.8,73.44,1009.07,6.6,0.0
2026-09-05 23:42:57.896881,24.82,80.52,1009.45,3.99,0.0
2026-09-05 23:47:57.896881,23.81,79.28,1009.29,11.65,0.0
2026-09-05 23:52:57.896881,22.57,75.05,1009.58,0.9,0.0
2026-09-05 23:57:57.896881,24.4,76.27,1009.62,1.54,0.0
2026-09-06 00:02:57.896881,25.46,76.43,1009.7,4.17,0.0
2026-09-06 00:07:57.896881,24.68,73.32,1009.6,10.63,1.09
2026-09-06 00:12:57.896881,22.73,75.25,1009.33,8.93,0.0
2026-09-06 00:17:57.896881,23.66,74.24,1009.37,23.34,0.0
2026-09-06 00:22:57.896881,25.16,76.33,1009.76,7.71,0.0
2026-09-06 00:27:57.896881,23.68,75.29,1009.79,16.85,0.0
2026-09-06 00:32:57.896881,24.7,72.55,1009.1,10.23,0.0
2026-09-06 00:37:57.896881,25.07,83.43,1008.99,1.1,0.0
2026-09-06 00:42:57.896881,23.82,81.05,1009.23,3.51,0.33
2026-09-06 00:47:57.896881,24.62,74.89,1009.81,3.99,0.0
2026-09-06 00:52:57.896881,22.18,77.97,1009.89,4.92,0.0
2026-09-06 00:57:57.896881,24.07,78.33,1009.24,7.08,0.0
2026-09-06 01:02:57.896881,24.8,80.57,1009.64,19.91,0.0
2026-09-06 01:07:57.896881,24.12,74.47,1010.12,8.18,0.0
2026-09-06 01:12:57.896881,26.54,80.12,1009.68,5.47,0.0
2026-09-06 01:17:57.896881,24.2,75.13,1009.97,17.64,0.0
2026-09-06 01:22:57.896881,25.11,72.68,1009.84,17.55,0.0
2026-09-06 01:27:57.896881,25.69,78.78,1009.29,0.67,0.0
2026-09-06 01:32:57.896881,26.86,80.4,1009.49,8.86,0.0
2026-09-06 01:37:57.896881,24.68,84.21,1009.53,21.67,0.0
2026-09-06 01:42:57.896881,26.88,72.77,1009.65,7.81,0.0
2026-09-06 01:47:57.896881,26.08,78.38,1009.94,3.67,0.0
2026-09-06 01:52:57.896881,25.41,74.97,1009.75,16.74,0.0
2026-09-06 01:57:57.896881,26.69,78.47,1008.78,3.19,0.0
2026-09-06 02:02:57.896881,26.61,71.62,1009.27,10.34,4.65
2026-09-06 02:07:57.896881,26.09,72.16,1009.03,7.74,0.0
2026-09-06 02:12:57.896881,26.76,73.54,1009.75,1.87,0.0
2026-09-06 02:17:57.896881,26.52,76.02,1009.82,19.23,0.91
2026-09-06 02:22:57.896881,27.05,73.77,1009.85,12.34,0.0
2026-09-06 02:27:57.896881,27.62,77.59,1009.48,23.94,0.0
2026-09-06 02:32:57.896881,28.49,78.6,1010.02,8.89,0.0
2026-09-06 02:37:57.896881,26.36,77.23,1010.05,3.94,0.0
2026-09-06 02:42:57.896881,29.18,80.2,1009.46,2.05,0.0
2026-09-06 02:47:57.896881,26.05,76.51,1009.41,17.79,0.0
2026-09-06 02:52:57.896881,27.62,71.52,1009.85,3.59,18.83
2026-09-06 02:57:57.896881,28.34,79.18,1010.39,41.11,0.0
2026-09-06 03:02:57.896881,28.22,73.18,1010.33,30.2,0.0
2026-09-06 03:07:57.896881,27.63,77.64,1009.95,9.58,0.0
2026-09-06 03:12:57.896881,28.1,79.55,1009.51,7.29,0.0
2026-09-06 03:17:57.896881,28.0,76.11,1009.93,4.88,0.0
2026-09-06 03:22:57.896881,28.05,70.16,1009.48,5.42,0.0
2026-09-06 03:27:57.896881,29.33,71.81,1009.38,36.28,0.0
2026-09-06 03:32:57.896881,29.07,78.45,1008.97,6.4,0.0
2026-09-06 03:37:57.896881,28.36,73.88,1009.63,12.99,0.0
2026-09-06 03:42:57.896881,29.76,74.54,1009.29,13.71,0.0
2026-09-06 03:47:57.896881,29.42,76.5,1009.59,18.5,0.0
2026-09-06 03:52:57.896881,29.95,76.22,1008.93,12.21,0.0
2026-09-06 03:57:57.896881,29.93,74.89,1009.69,8.97,0.0
2026-09-06 04:02:57.896881,28.89,73.34,1009.0,4.47,0.0
2026-09-06 04:07:57.896881,29.23,72.94,1010.01,13.45,0.0
2026-09-06 04:12:57.896881,30.4,76.37,1009.94,11.46,0.0
2026-09-06 04:17:57.896881,30.42,75.37,1009.65,6.3,0.0
2026-09-06 04:22:57.896881,30.04,72.86,1009.91,12.63,0.0
2026-09-06 04:27:57.896881,30.27,76.8,1009.39,8.38,0.0
2026-09-06 04:32:57.896881,31.32,73.08,1009.7,11.46,0.0
2026-09-06 04:37:57.896881,29.94,70.83,1009.94,15.37,0.0
2026-09-06 04:42:57.896881,30.97,71.03,1008.76,10.26,0.0
2026-09-06 04:47:57.896881,30.49,70.29,1009.59,16.41,0.0
2026-09-06 04:52:57.896881,30.6,72.34,1009.72,10.12,0.0
2026-09-06 04:57:57.896881,31.76,76.78,1009.65,18.49,0.0
2026-09-06 05:02:57.896881,31.66,70.58,1010.11,7.01,0.0
2026-09-06 05:07:57.896881,31.76,73.49,1009.38,3.7,0.0
2026-09-06 05:12:57.896881,32.27,70.88,1009.5,11.06,0.0
2026-09-06 05:17:57.896881,31.35,72.0,1009.16,27.47,0.0
2026-09-06 05:22:57.896881,31.99,68.18,1010.25,17.22,0.0
2026-09-06 05:27:57.896881,31.3,71.97,1009.63,27.25,0.0
2026-09-06 05:32:57.896881,31.91,71.98,1009.63,6.25,0.0
2026-09-06 05:37:57.896881,31.65,74.12,1009.85,8.93,0.0
2026-09-06 05:42:57.896881,31.93,73.1,1010.07,3.9,0.0
2026-09-06 05:47:57.896881,32.43,68.77,1010.01,2.91,0.0
2026-09-06 05:52:57.896881,31.4,75.55,1010.76,24.75,0.0
2026-09-06 05:57:57.896881,33.82,72.86,1010.08,23.09,0.0
2026-09-06 06:02:57.896881,31.44,72.77,1009.82,14.39,0.0
2026-09-06 06:07:57.896881,31.36,72.08,1009.72,6.33,0.0
2026-09-06 06:12:57.896881,33.35,70.5,1009.78,15.67,0.0
2026-09-06 06:17:57.896881,33.14,72.65,1009.47,21.79,0.0
2026-09-06 06:22:57.896881,33.1,73.36,1009.96,29.54,0.0
2026-09-06 06:27:57.896881,33.18,66.64,1010.24,2.27,0.0
2026-09-06 06:32:57.896881,32.75,70.21,1009.78,7.12,0.0
2026-09-06 06:37:57.896881,32.12,71.01,1009.7,6.56,0.0
2026-09-06 06:42:57.896881,32.98,72.49,1010.49,8.02,0.0
2026-09-06 06:47:57.896881,32.45,75.25,1009.6,13.65,0.0
2026-09-06 06:52:57.896881,33.84,69.31,1009.41,1.19,0.0
2026-09-06 06:57:57.896881,33.01,70.09,1009.69,6.2,0.0
2026-09-06 07:02:57.896881,32.54,70.0,1009.53,6.73,0.0
2026-09-06 07:07:57.896881,33.0,69.09,1010.19,10.05,0.0
2026-09-06 07:12:57.896881,33.65,70.41,1009.94,11.03,0.0
2026-09-06 07:17:57.896881,32.93,73.72,1009.92,7.92,0.0
2026-09-06 07:22:57.896881,32.78,68.21,1010.31,33.69,0.0
2026-09-06 07:27:57.896881,33.69,72.62,1009.66,8.51,0.0
2026-09-06 07:32:57.896881,33.74,66.2,1010.07,13.55,0.0
2026-09-06 07:37:57.896881,33.19,69.59,1010.24,15.32,0.0
2026-09-06 07:42:57.896881,33.26,70.25,1009.68,4.31,0.0
2026-09-06 07:47:57.896881,33.87,76.24,1010.0,4.53,0.0
2026-09-06 07:52:57.896881,32.56,70.36,1009.75,15.51,0.0
2026-09-06 07:57:57.896881,32.63,64.56,1010.17,23.29,0.0
2026-09-06 08:02:57.896881,33.22,65.14,1009.46,29.42,0.0
2026-09-06 08:07:57.896881,33.66,71.22,1009.43,4.42,0.0
2026-09-06 08:12:57.896881,34.11,72.94,1009.81,19.17,0.0
2026-09-06 08:17:57.896881,35.06,72.2,1009.59,9.46,0.0
2026-09-06 08:22:57.896881,34.59,71.56,1009.69,23.05,0.0
2026-09-06 08:27:57.896881,33.8,74.53,1009.74,12.49,0.0
2026-09-06 08:32:57.896881,33.93,69.42,1010.06,14.48,0.0
2026-09-06 08:37:57.896881,33.16,73.71,1009.85,25.85,0.0
2026-09-06 08:42:57.896881,33.96,66.12,1009.75,27.65,0.0
2026-09-06 08:47:57.896881,33.76,68.29,1009.79,10.65,0.0
2026-09-06 08:52:57.896881,34.25,65.58,1009.65,1.99,0.0
2026-09-06 08:57:57.896881,33.34,70.18,1009.6,5.24,0.0
2026-09-06 09:02:57.896881,34.42,70.86,1009.4,36.95,0.0
2026-09-06 09:07:57.896881,35.22,71.34,1009.87,15.0,0.0
2026-09-06 09:12:57.896881,33.91,71.19,1009.69,4.45,0.0
2026-09-06 09:17:57.896881,34.31,68.23,1010.09,5.96,0.0
2026-09-06 09:22:57.896881,34.53,70.44,1009.32,20.68,0.0
2026-09-06 09:27:57.896881,33.64,66.53,1009.62,33.14,0.0
2026-09-06 09:32:57.896881,34.13,75.12,1010.28,9.91,8.46
2026-09-06 09:37:57.896881,33.94,70.14,1009.48,23.09,0.0
2026-09-06 09:42:57.896881,33.99,69.59,1009.62,18.96,0.0
2026-09-06 09:47:57.896881,33.27,75.84,1009.42,12.61,0.0
2026-09-06 09:52:57.896881,33.88,67.37,1009.34,16.4,0.0
2026-09-06 09:57:57.896881,34.23,67.74,1010.2,12.22,0.0
2026-09-06 10:02:57.896881,34.96,67.85,1009.8,23.65,0.0
2026-09-06 10:07:57.896881,34.53,70.96,1009.76,17.06,4.05
2026-09-06 10:12:57.896881,35.44,72.48,1009.22,2.28,0.0
2026-09-06 10:17:57.896881,33.07,73.43,1009.86,8.43,0.0
2026-09-06 10:22:57.896881,34.34,78.96,1010.15,4.39,0.0
2026-09-06 10:27:57.896881,33.74,64.52,1010.19,10.81,0.0
2026-09-06 10:32:57.896881,35.3,73.13,1010.04,8.06,0.0
2026-09-06 10:37:57.896881,32.85,69.67,1009.49,5.82,0.0
2026-09-06 10:42:57.896881,32.77,69.62,1010.04,3.22,0.0
2026-09-06 10:47:57.896881,32.9,69.55,1010.19,1.04,0.0
2026-09-06 10:52:57.896881,31.62,68.73,1009.41,23.38,0.0
2026-09-06 10:57:57.896881,32.84,76.55,1009.62,23.35,0.0
2026-09-06 11:02:57.896881,32.59,74.06,1010.2,3.09,0.0
2026-09-06 11:07:57.896881,33.25,71.65,1010.19,12.45,0.0
2026-09-06 11:12:57.896881,33.33,75.68,1009.4,1.69,0.0
2026-09-06 11:17:57.896881,34.49,67.14,1010.08,4.96,0.37
2026-09-06 11:22:57.896881,33.68,67.73,1009.97,7.63,0.0
2026-09-06 11:27:57.896881,32.38,65.24,1010.2,5.48,0.0
2026-09-06 11:32:57.896881,32.04,69.73,1009.65,14.97,0.0
2026-09-06 11:37:57.896881,33.07,72.37,1010.1,0.4,0.0
2026-09-06 11:42:57.896881,31.54,72.24,1010.21,4.81,0.0
2026-09-06 11:47:57.896881,33.98,72.44,1009.83,18.08,0.0
2026-09-06 11:52:57.896881,33.37,67.82,1009.98,1.52,0.0
2026-09-06 11:57:57.896881,31.96,74.52,1009.74,5.31,0.0
2026-09-06 12:02:57.896881,30.87,72.89,1010.4,19.81,0.0
2026-09-06 12:07:57.896881,33.23,74.43,1009.95,35.56,0.0
2026-09-06 12:12:57.896881,31.96,66.62,1009.69,23.37,0.0
2026-09-06 12:17:57.896881,32.95,73.3,1009.66,7.46,0.0
2026-09-06 12:22:57.896881,30.58,68.87,1009.91,35.39,0.0
2026-09-06 12:27:57.896881,31.28,71.3,1010.09,18.46,0.0
2026-09-06 12:32:57.896881,31.66,74.17,1009.53,3.17,0.0
2026-09-06 12:37:57.896881,31.59,72.91,1010.48,1.79,0.0
2026-09-06 12:42:57.896881,31.08,70.15,1010.0,17.39,0.0
2026-09-06 12:47:57.896881,31.83,72.8,1010.1,8.65,0.0
2026-09-06 12:52:57.896881,30.37,68.26,1009.94,3.05,0.0
2026-09-06 12:57:57.896881,31.0,76.38,1009.93,8.3,0.0
2026-09-06 13:02:57.896881,31.1,72.38,1009.94,20.87,0.0
2026-09-06 13:07:57.896881,31.3,76.43,1010.3,5.53,0.0
2026-09-06 13:12:57.896881,31.34,71.57,1009.99,5.39,0.0
2026-09-06 13:17:57.896881,29.75,71.66,1010.24,8.21,0.0
2026-09-06 13:22:57.896881,29.31,71.02,1009.82,9.15,0.0
2026-09-06 13:27:57.896881,31.44,76.02,1009.98,7.02,0.0
2026-09-06 13:32:57.896881,30.56,71.34,1009.68,15.12,0.0
2026-09-06 13:37:57.896881,29.58,75.48,1010.28,16.34,0.0
2026-09-06 13:42:57.896881,31.29,72.48,1009.73,8.91,0.0
2026-09-06 13:47:57.896881,30.02,67.79,1009.89,5.23,0.0
2026-09-06 13:52:57.896881,30.75,72.09,1009.94,6.21,0.0
2026-09-06 13:57:57.896881,29.73,70.34,1009.93,24.92,0.0
2026-09-06 14:02:57.896881,31.2,74.07,1010.3,35.01,0.0
2026-09-06 14:07:57.896881,30.83,70.48,1010.01,2.54,0.0
2026-09-06 14:12:57.896881,29.1,76.91,1010.53,3.32,0.0
2026-09-06 14:17:57.896881,29.95,73.95,1009.86,6.1,0.0
2026-09-06 14:22:57.896881,29.56,73.77,1010.11,25.34,0.0
2026-09-06 14:27:57.896881,30.01,76.36,1009.85,7.0,0.0
2026-09-06 14:32:57.896881,28.01,77.37,1010.21,15.07,0.0
2026-09-06 14:37:57.896881,29.2,74.5,1010.05,8.29,0.0
2026-09-06 14:42:57.896881,29.37,72.34,1010.07,6.23,0.0
2026-09-06 14:47:57.896881,26.99,69.42,1010.41,7.88,0.0
2026-09-06 14:52:57.896881,27.32,72.77,1009.83,3.07,0.0
2026-09-06 14:57:57.896881,26.5,73.06,1010.26,16.42,0.0
2026-09-06 15:02:57.896881,27.78,75.32,1009.87,5.15,0.0
2026-09-06 15:07:57.896881,28.44,74.05,1010.13,5.69,0.0
2026-09-06 15:12:57.896881,28.94,77.24,1009.75,4.57,0.0
2026-09-06 15:17:57.896881,27.67,73.42,1009.92,27.87,0.0
2026-09-06 15:22:57.896881,28.78,75.18,1010.01,6.57,7.26
2026-09-06 15:27:57.896881,26.24,78.99,1010.57,11.4,0.0
2026-09-06 15:32:57.896881,25.85,76.55,1010.13,0.93,0.0
2026-09-06 15:37:57.896881,27.04,75.43,1010.57,0.35,0.0
2026-09-06 15:42:57.896881,27.27,73.89,1010.12,3.16,0.0
2026-09-06 15:47:57.896881,26.8,73.88,1009.91,19.8,0.0
2026-09-06 15:52:57.896881,25.05,73.31,1010.48,10.84,0.0
2026-09-06 15:57:57.896881,26.5,74.33,1010.12,29.83,0.0
2026-09-06 16:02:57.896881,25.4,78.3,1009.82,21.95,0.0
2026-09-06 16:07:57.896881,26.86,75.45,1010.17,4.67,0.0
2026-09-06 16:12:57.896881,26.49,72.15,1009.98,8.32,0.0
2026-09-06 16:17:57.896881,25.32,81.59,1009.42,24.42,0.0
2026-09-06 16:22:57.896881,25.54,77.33,1010.28,7.65,0.0
2026-09-06 16:27:57.896881,24.98,72.23,1010.31,15.98,0.0
2026-09-06 16:32:57.896881,25.65,75.21,1010.56,2.59,0.0
2026-09-06 16:37:57.896881,26.35,76.94,1010.09,12.44,0.0
2026-09-06 16:42:57.896881,24.68,81.8,1009.94,9.43,0.0
2026-09-06 16:47:57.896881,25.75,73.44,1010.32,4.72,0.0
2026-09-06 16:52:57.896881,24.81,79.78,1010.28,8.56,4.72
2026-09-06 16:57:57.896881,24.48,81.12,1010.49,12.25,0.0
2026-09-06 17:02:57.896881,24.91,75.11,1009.96,19.29,0.0
2026-09-06 17:07:57.896881,24.06,76.24,1010.05,28.3,0.0
2026-09-06 17:12:57.896881,24.33,74.04,1009.87,17.51,0.0
2026-09-06 17:17:57.896881,23.71,76.61,1010.33,22.81,10.64
2026-09-06 17:22:57.896881,26.13,77.18,1009.64,4.12,0.0
2026-09-06 17:27:57.896881,24.48,79.34,1010.29,3.48,0.33
2026-09-06 17:32:57.896881,23.79,80.71,1010.2,14.57,0.0
2026-09-06 17:37:57.896881,24.42,75.26,1010.15,2.79,0.0
2026-09-06 17:42:57.896881,24.05,71.67,1010.01,7.92,0.0
2026-09-06 17:47:57.896881,23.87,77.57,1010.39,17.24,0.0
2026-09-06 17:52:57.896881,24.44,78.58,1010.15,25.43,0.0
2026-09-06 17:57:57.896881,24.46,78.51,1009.76,12.69,0.0
2026-09-06 18:02:57.896881,23.33,76.85,1009.83,3.78,0.0
2026-09-06 18:07:57.896881,23.21,78.26,1009.79,9.78,0.0
2026-09-06 18:12:57.896881,23.36,82.5,1010.25,10.7,0.0
2026-09-06 18:17:57.896881,21.65,79.15,1009.78,5.26,0.0
2026-09-06 18:22:57.896881,22.19,76.94,1010.39,1.97,0.0
2026-09-06 18:27:57.896881,24.41,76.62,1010.41,17.52,0.0
2026-09-06 18:32:57.896881,24.56,77.66,1009.77,8.1,0.0
2026-09-06 18:37:57.896881,22.96,83.14,1009.92,15.81,0.0
2026-09-06 18:42:57.896881,23.55,77.73,1009.93,11.78,2.26
2026-09-06 18:47:57.896881,23.26,78.27,1010.25,8.14,0.0
2026-09-06 18:52:57.896881,25.4,76.93,1010.56,7.21,0.0
2026-09-06 18:57:57.896881,23.77,81.72,1009.59,9.2,0.0
2026-09-06 19:02:57.896881,22.7,84.34,1010.05,14.49,0.0
2026-09-06 19:07:57.896881,21.98,79.86,1010.06,0.62,0.0
2026-09-06 19:12:57.896881,21.39,78.8,1009.65,14.21,0.0
2026-09-06 19:17:57.896881,22.78,78.7,1009.96,13.4,0.0
2026-09-06 19:22:57.896881,21.96,71.47,1010.26,17.41,0.0
2026-09-06 19:27:57.896881,21.37,80.9,1010.05,26.35,0.0
2026-09-06 19:32:57.896881,21.94,79.1,1009.66,5.39,0.0
2026-09-06 19:37:57.896881,21.54,80.01,1011.03,2.35,0.0
2026-09-06 19:42:57.896881,23.71,76.62,1010.2,11.27,7.73
2026-09-06 19:47:57.896881,23.02,77.63,1010.11,10.59,0.0
2026-09-06 19:52:57.896881,22.27,77.58,1009.7,7.36,0.0
2026-09-06 19:57:57.896881,23.42,81.91,1010.11,13.71,0.0
2026-09-06 20:02:57.896881,22.27,77.73,1009.93,5.74,0.0
2026-09-06 20:07:57.896881,21.48,85.13,1009.38,8.17,0.0
2026-09-06 20:12:57.896881,23.36,80.2,1009.59,14.18,0.0
2026-09-06 20:17:57.896881,22.55,75.1,1010.14,7.49,0.0
2026-09-06 20:22:57.896881,21.26,78.55,1010.41,10.61,0.0
2026-09-06 20:27:57.896881,21.92,77.0,1009.94,7.53,0.0
2026-09-06 20:32:57.896881,21.35,72.38,1010.22,3.85,0.0
2026-09-06 20:37:57.896881,20.93,83.77,1009.85,17.24,0.0
2026-09-06 20:42:57.896881,22.76,81.09,1009.95,16.17,6.28
2026-09-06 20:47:57.896881,23.54,80.59,1010.37,15.81,0.0
2026-09-06 20:52:57.896881,20.89,79.49,1010.58,8.7,0.0
2026-09-06 20:57:57.896881,22.45,74.85,1010.47,18.18,0.0
2026-09-06 21:02:57.896881,21.48,77.55,1009.77,18.75,0.0
2026-09-06 21:07:57.896881,21.61,81.52,1010.1,24.21,0.0
2026-09-06 21:12:57.896881,21.53,75.84,1010.19,8.83,0.0
2026-09-06 21:17:57.896881,21.32,71.4,1009.93,11.14,0.0
2026-09-06 21:22:57.896881,22.06,78.3,1010.15,3.83,0.0
2026-09-06 21:27:57.896881,21.37,78.55,1010.22,26.32,0.0
2026-09-06 21:32:57.896881,22.27,79.37,1010.23,7.66,0.0
2026-09-06 21:37:57.896881,22.03,81.14,1010.44,2.9,0.0
2026-09-06 21:42:57.896881,21.9,80.85,1009.83,24.69,0.0
2026-09-06 21:47:57.896881,21.39,79.7,1009.44,8.57,0.0
2026-09-06 21:52:57.896881,21.68,82.49,1009.97,33.32,0.0
2026-09-06 21:57:57.896881,22.78,74.33,1010.48,10.07,0.0
2026-09-06 22:02:57.896881,22.61,80.38,1009.71,5.23,0.0
2026-09-06 22:07:57.896881,21.46,80.72,1010.12,17.68,0.0
2026-09-06 22:12:57.896881,22.36,75.1,1010.05,8.16,0.0
2026-09-06 22:17:57.896881,22.92,74.28,1010.0,15.4,0.0
2026-09-06 22:22:57.896881,21.03,76.52,1009.93,5.5,3.95
2026-09-06 22:27:57.896881,22.84,76.74,1009.66,14.2,0.0
2026-09-06 22:32:57.896881,21.93,80.96,1009.15,7.14,0.0
2026-09-06 22:37:57.896881,22.96,76.82,1009.5,16.88,0.0
2026-09-06 22:42:57.896881,21.95,76.06,1009.73,9.19,2.62
2026-09-06 22:47:57.896881,21.17,76.75,1010.17,11.13,0.0
2026-09-06 22:52:57.896881,21.38,81.9,1009.78,8.04,0.0
2026-09-06 22:57:57.896881,22.78,78.55,1009.61,9.49,0.0
2026-09-06 23:02:57.896881,23.01,77.93,1009.56,16.67,0.0
2026-09-06 23:07:57.896881,22.15,78.09,1010.02,3.76,0.0
2026-09-06 23:12:57.896881,23.45,82.25,1010.31,12.15,0.0
2026-09-06 23:17:57.896881,21.68,76.08,1010.19,44.84,0.0
2026-09-06 23:22:57.896881,23.03,82.22,1010.04,22.35,0.0
2026-09-06 23:27:57.896881,22.19,78.86,1009.45,8.7,0.0
2026-09-06 23:32:57.896881,22.72,77.69,1009.71,10.66,0.0
2026-09-06 23:37:57.896881,23.36,85.62,1010.34,6.75,0.0
2026-09-06 23:42:57.896881,22.72,74.9,1010.14,15.02,0.0
2026-09-06 23:47:57.896881,23.18,76.95,1009.29,2.96,0.0
2026-09-06 23:52:57.896881,24.38,74.25,1009.64,7.13,0.0
2026-09-06 23:57:57.896881,23.2,80.75,1009.86,5.23,0.0
2026-09-07 00:02:57.896881,24.43,82.9,1009.45,6.96,0.0
2026-09-07 00:07:57.896881,22.95,82.78,1009.0,11.7,0.0
2026-09-07 00:12:57.896881,24.37,81.37,1009.72,0.75,0.0
2026-09-07 00:17:57.896881,25.2,77.04,1009.32,7.77,0.0
2026-09-07 00:22:57.896881,22.17,76.48,1009.3,6.48,0.0
2026-09-07 00:27:57.896881,23.61,72.49,1009.46,19.32,0.0
2026-09-07 00:32:57.896881,24.81,83.54,1009.54,4.41,0.0
2026-09-07 00:37:57.896881,24.29,78.77,1009.62,11.84,0.0
2026-09-07 00:42:57.896881,24.86,75.82,1009.34,8.72,0.0
2026-09-07 00:47:57.896881,24.18,81.21,1009.58,20.3,0.0
2026-09-07 00:52:57.896881,24.85,74.23,1009.08,18.42,0.0
2026-09-07 00:57:57.896881,24.76,78.29,1009.63,29.34,0.0
2026-09-07 01:02:57.896881,25.93,76.48,1008.61,20.8,0.0
2026-09-07 01:07:57.896881,25.32,78.84,1009.31,12.48,0.0
2026-09-07 01:12:57.896881,25.5,76.66,1009.72,17.55,0.0
2026-09-07 01:17:57.896881,25.02,72.42,1009.06,8.09,0.0
2026-09-07 01:22:57.896881,25.07,76.92,1009.6,10.83,0.0
2026-09-07 01:27:57.896881,25.24,79.76,1009.72,11.19,0.0
2026-09-07 01:32:57.896881,26.02,76.44,1008.38,4.62,0.0
2026-09-07 01:37:57.896881,25.49,78.78,1009.39,19.81,0.0
2026-09-07 01:42:57.896881,26.18,73.23,1008.55,25.09,0.0
2026-09-07 01:47:57.896881,27.73,76.21,1009.41,8.82,0.0
2026-09-07 01:52:57.896881,26.89,74.33,1009.45,9.36,8.27
2026-09-07 01:57:57.896881,26.06,78.36,1008.7,5.75,0.0
2026-09-07 02:02:57.896881,27.41,76.13,1010.13,3.4,0.0
2026-09-07 02:07:57.896881,26.25,78.02,1009.57,16.22,0.0
2026-09-07 02:12:57.896881,25.07,79.13,1009.29,3.63,0.0
2026-09-07 02:17:57.896881,26.02,77.86,1010.02,3.44,0.0
2026-09-07 02:22:57.896881,25.46,76.51,1009.02,15.51,0.0
2026-09-07 02:27:57.896881,26.81,72.61,1009.27,11.31,0.0
2026-09-07 02:32:57.896881,27.23,75.51,1008.86,16.29,0.0
2026-09-07 02:37:57.896881,28.69,73.84,1010.06,5.15,0.0
2026-09-07 02:42:57.896881,27.74,74.32,1009.56,31.86,0.0
2026-09-07 02:47:57.896881,27.43,74.14,1009.68,4.49,0.0
2026-09-07 02:52:57.896881,28.4,72.23,1009.51,6.47,0.0
2026-09-07 02:57:57.896881,26.1,69.22,1009.62,5.35,0.0
2026-09-07 03:02:57.896881,28.19,73.0,1009.46,31.25,0.0
2026-09-07 03:07:57.896881,28.75,75.49,1009.49,7.22,0.0
2026-09-07 03:12:57.896881,27.08,70.78,1009.46,4.16,0.0
2026-09-07 03:17:57.896881,29.31,74.79,1009.24,42.95,0.0
2026-09-07 03:22:57.896881,28.79,80.35,1009.35,27.94,0.0
2026-09-07 03:27:57.896881,28.32,77.63,1009.59,22.63,0.0
2026-09-07 03:32:57.896881,29.29,79.41,1009.51,26.88,0.0
2026-09-07 03:37:57.896881,30.73,75.56,1008.93,4.32,0.0
2026-09-07 03:42:57.896881,29.19,77.81,1008.92,29.37,8.47
2026-09-07 03:47:57.896881,29.37,72.05,1009.59,8.36,0.0
2026-09-07 03:52:57.896881,28.93,72.2,1009.21,12.85,0.0
2026-09-07 03:57:57.896881,28.75,65.83,1009.5,9.74,0.0
2026-09-07 04:02:57.896881,30.22,77.52,1009.01,24.94,0.0
2026-09-07 04:07:57.896881,28.99,78.5,1008.88,0.65,0.0
2026-09-07 04:12:57.896881,29.86,72.14,1009.05,3.76,0.46
2026-09-07 04:17:57.896881,29.55,72.95,1009.22,26.85,0.0
2026-09-07 04:22:57.896881,30.44,71.37,1009.09,5.83,0.0
2026-09-07 04:27:57.896881,30.44,74.7,1009.72,24.32,0.0
2026-09-07 04:32:57.896881,31.13,76.84,1009.4,5.58,0.0
2026-09-07 04:37:57.896881,30.01,68.16,1009.92,8.1,0.0
2026-09-07 04:42:57.896881,30.32,74.54,1009.51,33.55,0.0
2026-09-07 04:47:57.896881,29.87,72.4,1008.71,17.44,0.0
2026-09-07 04:52:57.896881,30.42,73.49,1009.77,11.47,0.0
2026-09-07 04:57:57.896881,31.19,74.45,1009.02,14.6,0.0
2026-09-07 05:02:57.896881,31.61,72.44,1009.6,20.86,0.0
2026-09-07 05:07:57.896881,30.37,72.61,1009.26,10.97,0.0
2026-09-07 05:12:57.896881,31.92,72.21,1010.1,15.47,0.0
2026-09-07 05:17:57.896881,32.42,75.69,1009.83,43.52,0.0
2026-09-07 05:22:57.896881,31.77,73.96,1009.18,4.02,2.54
2026-09-07 05:27:57.896881,33.05,73.3,1009.27,11.38,0.0
2026-09-07 05:32:57.896881,31.03,68.75,1009.41,6.72,0.0
2026-09-07 05:37:57.896881,30.76,71.36,1009.59,4.71,0.0
2026-09-07 05:42:57.896881,30.43,75.12,1009.39,11.28,0.0
2026-09-07 05:47:57.896881,33.15,72.48,1009.04,4.79,0.0
2026-09-07 05:52:57.896881,32.58,74.28,1009.13,4.18,0.0
2026-09-07 05:57:57.896881,32.1,77.53,1009.4,9.23,0.0
2026-09-07 06:02:57.896881,32.47,75.29,1009.84,15.15,0.0
2026-09-07 06:07:57.896881,31.43,72.39,1009.56,14.3,0.0
2026-09-07 06:12:57.896881,34.38,70.52,1009.21,9.38,0.0
2026-09-07 06:17:57.896881,32.61,64.33,1009.65,2.94,0.0
2026-09-07 06:22:57.896881,32.68,71.43,1009.36,2.77,0.0
2026-09-07 06:27:57.896881,33.26,70.9,1009.73,13.16,0.0
2026-09-07 06:32:57.896881,33.14,73.0,1010.28,5.97,0.0
2026-09-07 06:37:57.896881,33.02,71.31,1009.32,11.87,0.0
2026-09-07 06:42:57.896881,32.28,70.76,1009.65,10.73,0.0
2026-09-07 06:47:57.896881,33.37,66.34,1009.21,1.51,0.0
2026-09-07 06:52:57.896881,34.57,68.81,1009.42,27.19,15.89
2026-09-07 06:57:57.896881,34.21,73.01,1009.53,2.73,0.0
2026-09-07 07:02:57.896881,34.47,76.68,1009.53,8.29,0.0
2026-09-07 07:07:57.896881,32.85,71.2,1010.31,3.3,0.0
2026-09-07 07:12:57.896881,32.53,72.44,1009.54,5.85,0.0
2026-09-07 07:17:57.896881,33.28,74.27,1009.77,6.46,0.0
2026-09-07 07:22:57.896881,33.48,68.94,1009.07,6.99,0.0
2026-09-07 07:27:57.896881,34.37,72.44,1009.87,8.48,0.0
2026-09-07 07:32:57.896881,32.19,69.08,1010.14,31.16,0.0
2026-09-07 07:37:57.896881,34.82,73.87,1009.64,4.54,0.0
2026-09-07 07:42:57.896881,33.51,71.7,1009.03,15.53,0.0
2026-09-07 07:47:57.896881,33.34,72.11,1009.7,22.52,0.0
2026-09-07 07:52:57.896881,32.91,68.84,1009.73,14.39,0.0
2026-09-07 07:57:57.896881,32.44,73.28,1009.89,25.72,0.0
2026-09-07 08:02:57.896881,34.45,77.39,1010.23,14.49,0.0
2026-09-07 08:07:57.896881,33.89,68.09,1009.46,14.18,0.0
2026-09-07 08:12:57.896881,32.83,70.08,1009.29,22.96,0.0
2026-09-07 08:17:57.896881,32.85,71.77,1009.19,12.76,0.0
2026-09-07 08:22:57.896881,33.64,73.42,1009.62,22.6,8.55
2026-09-07 08:27:57.896881,35.27,69.37,1009.67,12.73,0.0
2026-09-07 08:32:57.896881,33.74,62.54,1009.42,22.32,0.0
2026-09-07 08:37:57.896881,32.76,75.1,1009.8,29.2,0.0
2026-09-07 08:42:57.896881,33.78,73.3,1009.67,7.47,0.0
2026-09-07 08:47:57.896881,33.77,65.78,1009.56,6.6,0.0
2026-09-07 08:52:57.896881,31.84,69.18,1009.37,25.68,0.0
2026-09-07 08:57:57.896881,33.96,75.71,1009.51,22.02,0.0
2026-09-07 09:02:57.896881,33.82,75.34,1008.91,1.8,0.0
2026-09-07 09:07:57.896881,34.56,73.82,1009.63,11.98,0.0
2026-09-07 09:12:57.896881,35.47,70.48,1009.56,33.38,0.0
2026-09-07 09:17:57.896881,34.89,71.26,1009.62,3.74,0.0
2026-09-07 09:22:57.896881,33.76,70.62,1009.7,3.26,0.0
2026-09-07 09:27:57.896881,33.08,74.41,1009.58,5.69,0.0
2026-09-07 09:32:57.896881,36.01,68.41,1009.39,7.08,0.0
2026-09-07 09:37:57.896881,33.98,68.63,1009.51,2.16,0.0
2026-09-07 09:42:57.896881,33.92,74.09,1009.14,3.79,0.0
2026-09-07 09:47:57.896881,33.87,70.94,1009.34,1.96,0.0
2026-09-07 09:52:57.896881,34.02,75.23,1009.57,11.69,0.0
2026-09-07 09:57:57.896881,33.71,69.1,1009.27,11.51,0.0
2026-09-07 10:02:57.896881,33.34,70.97,1009.82,25.84,0.0
2026-09-07 10:07:57.896881,33.32,68.39,1009.38,12.41,0.0
2026-09-07 10:12:57.896881,33.7,71.21,1009.69,15.33,0.0
2026-09-07 10:17:57.896881,33.25,66.78,1009.57,16.5,0.0
2026-09-07 10:22:57.896881,33.07,69.78,1009.8,4.37,0.0
2026-09-07 10:27:57.896881,33.68,66.96,1009.84,3.9,0.0
2026-09-07 10:32:57.896881,33.34,73.39,1009.82,3.37,0.0
2026-09-07 10:37:57.896881,34.7,73.49,1009.03,7.06,0.0
2026-09-07 10:42:57.896881,31.32,66.18,1010.02,6.58,0.0
2026-09-07 10:47:57.896881,34.25,75.41,1010.09,10.57,0.0
2026-09-07 10:52:57.896881,34.32,78.94,1009.53,17.42,0.0
2026-09-07 10:57:57.896881,31.6,71.63,1009.74,15.31,0.0
2026-09-07 11:02:57.896881,32.92,69.61,1009.36,6.53,0.0
2026-09-07 11:07:57.896881,32.83,80.05,1009.0,5.59,0.0
2026-09-07 11:12:57.896881,31.93,67.67,1009.28,6.21,0.0
2026-09-07 11:17:57.896881,32.37,71.73,1009.32,6.91,0.0
2026-09-07 11:22:57.896881,32.03,72.26,1009.43,2.56,0.0
2026-09-07 11:27:57.896881,34.24,75.81,1009.26,12.54,0.0
2026-09-07 11:32:57.896881,33.51,72.91,1009.3,33.5,0.0
2026-09-07 11:37:57.896881,33.7,70.38,1009.55,10.14,0.0
2026-09-07 11:42:57.896881,33.17,69.08,1009.29,10.49,0.0
2026-09-07 11:47:57.896881,31.61,70.97,1009.68,13.9,0.0
2026-09-07 11:52:57.896881,32.0,69.03,1009.72,3.69,0.0
2026-09-07 11:57:57.896881,32.73,72.25,1010.27,5.74,0.0
2026-09-07 12:02:57.896881,31.26,70.48,1009.81,6.27,0.0
2026-09-07 12:07:57.896881,32.72,67.75,1009.5,3.53,0.0
2026-09-07 12:12:57.896881,31.86,76.06,1009.16,28.97,0.0
2026-09-07 12:17:57.896881,31.66,70.87,1009.42,17.07,0.0
2026-09-07 12:22:57.896881,32.43,68.62,1009.49,17.94,0.0
2026-09-07 12:27:57.896881,32.11,71.99,1009.22,7.61,0.0
2026-09-07 12:32:57.896881,31.36,72.77,1009.58,11.13,0.0
2026-09-07 12:37:57.896881,32.48,67.4,1008.97,7.08,0.0
2026-09-07 12:42:57.896881,30.58,73.7,1009.37,8.4,0.0
2026-09-07 12:47:57.896881,31.83,69.64,1009.6,10.54,0.0
2026-09-07 12:52:57.896881,31.7,77.98,1009.39,8.8,0.0
2026-09-07 12:57:57.896881,30.87,74.5,1009.36,10.44,0.0
2026-09-07 13:02:57.896881,31.26,71.8,1009.45,2.25,0.0
2026-09-07 13:07:57.896881,29.89,70.84,1009.34,3.76,0.0
2026-09-07 13:12:57.896881,31.51,72.84,1009.97,7.06,0.0
2026-09-07 13:17:57.896881,30.51,75.07,1009.21,8.09,0.0
2026-09-07 13:22:57.896881,30.12,73.23,1009.58,8.09,0.46
2026-09-07 13:27:57.896881,31.26,72.74,1009.64,14.97,0.0
2026-09-07 13:32:57.896881,29.73,73.64,1009.21,12.03,0.0
2026-09-07 13:37:57.896881,29.05,71.74,1009.58,13.39,0.0
2026-09-07 13:42:57.896881,28.81,72.6,1009.32,6.19,0.0
2026-09-07 13:47:57.896881,30.41,67.46,1009.97,4.34,0.0
2026-09-07 13:52:57.896881,28.78,76.72,1009.22,8.64,0.0
2026-09-07 13:57:57.896881,31.08,74.78,1009.32,16.22,0.0
2026-09-07 14:02:57.896881,27.89,71.64,1009.14,28.16,0.0
2026-09-07 14:07:57.896881,30.78,79.75,1009.07,6.35,0.0
2026-09-07 14:12:57.896881,29.47,74.4,1010.01,28.11,0.0
2026-09-07 14:17:57.896881,29.09,71.11,1009.8,3.92,0.0
2026-09-07 14:22:57.896881,28.61,76.88,1009.61,2.45,0.0
2026-09-07 14:27:57.896881,29.23,75.59,1009.28,7.9,0.0
2026-09-07 14:32:57.896881,28.75,75.66,1009.73,4.35,0.0
2026-09-07 14:37:57.896881,29.54,73.29,1009.14,5.54,0.0
2026-09-07 14:42:57.896881,28.61,76.0,1009.62,19.09,0.0
2026-09-07 14:47:57.896881,28.51,73.95,1009.16,17.84,0.0
2026-09-07 14:52:57.896881,27.97,76.49,1009.31,12.05,0.0
2026-09-07 14:57:57.896881,28.09,69.2,1009.74,11.36,0.0
2026-09-07 15:02:57.896881,28.25,73.7,1009.76,5.47,0.0
2026-09-07 15:07:57.896881,26.5,80.25,1009.58,8.73,0.0
2026-09-07 15:12:57.896881,26.66,72.87,1009.09,7.62,0.13
2026-09-07 15:17:57.896881,28.2,73.45,1009.27,3.04,0.0
2026-09-07 15:22:57.896881,27.61,74.0,1009.48,31.49,0.0
2026-09-07 15:27:57.896881,27.2,71.79,1009.15,7.79,0.0
2026-09-07 15:32:57.896881,27.23,68.9,1009.79,4.05,0.0
2026-09-07 15:37:57.896881,27.37,74.92,1008.59,2.75,0.0
2026-09-07 15:42:57.896881,26.53,76.1,1008.96,14.01,0.0
2026-09-07 15:47:57.896881,26.21,75.62,1008.98,29.72,0.0
2026-09-07 15:52:57.896881,26.86,75.43,1008.2,36.19,0.0
2026-09-07 15:57:57.896881,25.79,76.08,1008.66,9.18,0.0
2026-09-07 16:02:57.896881,26.77,79.1,1009.24,7.79,0.0
2026-09-07 16:07:57.896881,24.96,75.55,1009.03,10.65,0.0
2026-09-07 16:12:57.896881,27.02,74.48,1009.44,10.47,0.0
2026-09-07 16:17:57.896881,26.45,75.44,1009.27,1.5,0.0
2026-09-07 16:22:57.896881,26.15,78.11,1009.02,7.05,0.0
2026-09-07 16:27:57.896881,26.61,80.69,1008.93,12.61,0.0
2026-09-07 16:32:57.896881,27.04,74.65,1008.83,14.52,0.0
2026-09-07 16:37:57.896881,26.4,76.91,1007.95,15.29,0.0
2026-09-07 16:42:57.896881,23.99,77.71,1008.37,10.36,0.0
2026-09-07 16:47:57.896881,24.32,73.79,1008.83,3.88,0.0
2026-09-07 16:52:57.896881,24.73,76.91,1008.94,8.99,0.0
2026-09-07 16:57:57.896881,25.13,72.53,1008.82,23.2,0.0
2026-09-07 17:02:57.896881,25.41,71.69,1008.55,13.29,0.0
2026-09-07 17:07:57.896881,24.31,78.18,1009.1,8.05,0.0
2026-09-07 17:12:57.896881,24.93,76.0,1009.25,38.38,0.0
2026-09-07 17:17:57.896881,24.06,77.83,1009.04,10.77,0.0
2026-09-07 17:22:57.896881,24.07,77.24,1008.96,8.88,0.58
2026-09-07 17:27:57.896881,23.33,74.44,1008.49,16.24,0.0
2026-09-07 17:32:57.896881,23.61,77.3,1009.0,3.53,0.0
2026-09-07 17:37:57.896881,23.16,73.8,1008.77,7.78,0.0
2026-09-07 17:42:57.896881,23.36,81.74,1008.77,9.04,0.0
2026-09-07 17:47:57.896881,24.89,73.57,1008.67,2.09,0.0
2026-09-07 17:52:57.896881,23.19,77.12,1008.5,11.53,0.0
2026-09-07 17:57:57.896881,25.96,74.64,1008.27,14.47,0.0
2026-09-07 18:02:57.896881,24.15,79.54,1008.5,6.5,0.0
2026-09-07 18:07:57.896881,23.81,76.9,1008.81,16.81,0.0
2026-09-07 18:12:57.896881,22.89,76.39,1008.41,20.88,0.0
2026-09-07 18:17:57.896881,24.05,80.57,1008.76,22.68,0.0
2026-09-07 18:22:57.896881,22.94,78.15,1008.76,4.0,0.0
2026-09-07 18:27:57.896881,23.42,79.67,1008.47,11.2,0.0
2026-09-07 18:32:57.896881,25.29,75.23,1008.96,15.59,0.0
2026-09-07 18:37:57.896881,23.08,74.01,1008.52,11.18,0.0
2026-09-07 18:42:57.896881,24.0,78.6,1009.16,19.89,0.0
2026-09-07 18:47:57.896881,22.45,77.37,1008.88,11.87,0.0
2026-09-07 18:52:57.896881,22.91,80.25,1008.6,3.89,0.0
2026-09-07 18:57:57.896881,24.29,78.18,1008.41,20.13,0.0
2026-09-07 19:02:57.896881,22.3,79.08,1008.69,10.92,0.0
2026-09-07 19:07:57.896881,24.19,73.64,1008.76,28.74,0.0
2026-09-07 19:12:57.896881,23.24,84.21,1008.5,3.91,0.0
2026-09-07 19:17:57.896881,22.17,78.09,1008.89,11.07,3.71
2026-09-07 19:22:57.896881,23.07,80.72,1008.76,27.32,0.0
2026-09-07 19:27:57.896881,23.29,76.15,1009.25,12.06,0.0
2026-09-07 19:32:57.896881,22.95,79.62,1009.56,17.51,0.0
2026-09-07 19:37:57.896881,21.15,74.82,1008.81,21.4,0.0
2026-09-07 19:42:57.896881,21.78,80.11,1009.62,10.58,0.0
2026-09-07 19:47:57.896881,22.12,77.72,1009.05,5.07,0.0
2026-09-07 19:52:57.896881,22.22,78.9,1008.81,19.08,0.0
2026-09-07 19:57:57.896881,22.74,80.93,1009.34,9.15,0.0
2026-09-07 20:02:57.896881,22.35,75.17,1008.91,1.4,6.23
2026-09-07 20:07:57.896881,21.1,76.83,1008.94,24.0,0.0
2026-09-07 20:12:57.896881,22.45,80.28,1008.81,31.15,0.0
2026-09-07 20:17:57.896881,22.6,85.22,1008.73,6.24,0.0
2026-09-07 20:22:57.896881,22.54,78.52,1009.27,10.23,0.0
2026-09-07 20:27:57.896881,22.93,80.73,1009.01,32.9,0.0
2026-09-07 20:32:57.896881,22.72,78.64,1008.72,27.69,0.0
2026-09-07 20:37:57.896881,22.4,84.8,1009.31,15.62,0.0
2026-09-07 20:42:57.896881,21.97,73.74,1008.7,25.95,0.0
2026-09-07 20:47:57.896881,20.68,79.28,1008.69,8.68,0.0
2026-09-07 20:52:57.896881,22.35,74.12,1009.38,2.97,0.0
2026-09-07 20:57:57.896881,22.17,71.48,1008.64,22.52,0.0
2026-09-07 21:02:57.896881,22.22,79.89,1008.3,9.98,0.0
2026-09-07 21:07:57.896881,20.98,79.42,1009.21,2.28,0.0
2026-09-07 21:12:57.896881,21.14,78.14,1008.97,6.44,0.0
2026-09-07 21:17:57.896881,22.86,78.67,1008.98,8.41,0.0
2026-09-07 21:22:57.896881,21.99,88.28,1008.86,9.21,2.77
2026-09-07 21:27:57.896881,22.58,78.2,1009.0,5.59,0.0
2026-09-07 21:32:57.896881,22.07,80.5,1008.71,4.22,0.0
2026-09-07 21:37:57.896881,22.09,77.01,1009.44,1.99,0.0
2026-09-07 21:42:57.896881,22.84,79.82,1008.52,1.91,0.0
2026-09-07 21:47:57.896881,21.7,78.21,1009.12,9.81,0.0
2026-09-07 21:52:57.896881,22.22,77.67,1009.2,12.34,0.0
2026-09-07 21:57:57.896881,21.8,84.34,1008.78,4.13,0.0
2026-09-07 22:02:57.896881,21.86,82.4,1008.75,25.56,0.0
2026-09-07 22:07:57.896881,21.99,79.25,1009.33,7.3,0.0
2026-09-07 22:12:57.896881,22.46,71.9,1008.7,9.24,0.0
2026-09-07 22:17:57.896881,21.94,77.7,1008.81,8.8,0.0
2026-09-07 22:22:57.896881,23.37,86.87,1009.23,1.6,0.0
2026-09-07 22:27:57.896881,21.69,78.04,1009.0,20.03,0.78
2026-09-07 22:32:57.896881,22.31,82.01,1008.41,15.38,0.0
2026-09-07 22:37:57.896881,22.16,82.99,1009.49,26.12,0.0
2026-09-07 22:42:57.896881,23.72,79.28,1008.8,24.99,0.0
2026-09-07 22:47:57.896881,22.78,76.06,1008.85,14.04,0.0
2026-09-07 22:52:57.896881,23.5,71.24,1009.02,16.15,3.76
2026-09-07 22:57:57.896881,21.55,80.56,1009.11,3.87,0.0
2026-09-07 23:02:57.896881,23.02,76.02,1009.52,7.34,0.0
2026-09-07 23:07:57.896881,23.58,78.95,1008.44,8.76,0.0
2026-09-07 23:12:57.896881,23.01,74.62,1009.19,6.54,0.0
2026-09-07 23:17:57.896881,23.86,77.53,1009.25,24.59,0.0
2026-09-07 23:22:57.896881,22.67,78.38,1008.94,11.45,4.31
2026-09-07 23:27:57.896881,24.29,79.03,1009.21,5.17,0.0
2026-09-07 23:32:57.896881,25.08,74.83,1009.18,23.52,0.0
2026-09-07 23:37:57.896881,23.03,81.71,1008.5,11.74,0.0
2026-09-07 23:42:57.896881,23.05,76.27,1009.38,19.45,0.0
2026-09-07 23:47:57.896881,24.65,72.98,1008.38,3.8,0.0
2026-09-07 23:52:57.896881,24.84,77.62,1008.48,12.42,0.0
2026-09-07 23:57:57.896881,23.25,77.99,1008.76,4.96,0.0
2026-09-08 00:02:57.896881,23.42,78.31,1009.39,11.93,0.0
2026-09-08 00:07:57.896881,23.63,81.85,1008.69,15.42,0.0
2026-09-08 00:12:57.896881,22.87,76.99,1008.84,3.46,0.0
2026-09-08 00:17:57.896881,23.31,77.28,1009.3,9.71,0.0
2026-09-08 00:22:57.896881,23.34,74.26,1008.75,3.77,0.0
2026-09-08 00:27:57.896881,23.63,79.97,1008.47,20.17,0.0
2026-09-08 00:32:57.896881,24.32,77.99,1008.78,10.48,0.0
2026-09-08 00:37:57.896881,24.64,76.11,1009.31,5.16,0.0
2026-09-08 00:42:57.896881,25.8,71.58,1008.88,6.36,0.0
2026-09-08 00:47:57.896881,23.87,81.56,1009.41,7.16,0.0
2026-09-08 00:52:57.896881,25.56,73.47,1009.02,25.86,0.0
2026-09-08 00:57:57.896881,24.72,75.3,1008.58,9.45,0.0
2026-09-08 01:02:57.896881,24.96,78.08,1008.72,17.86,0.0
2026-09-08 01:07:57.896881,25.65,73.33,1008.4,9.8,0.0
2026-09-08 01:12:57.896881,24.33,72.37,1008.41,3.88,0.0
2026-09-08 01:17:57.896881,25.65,70.4,1009.98,6.31,0.0
2026-09-08 01:22:57.896881,25.6,78.85,1008.93,12.84,0.0
2026-09-08 01:27:57.896881,25.98,74.98,1008.87,1.62,0.0
2026-09-08 01:32:57.896881,25.94,85.31,1008.49,14.44,0.0
2026-09-08 01:37:57.896881,27.79,73.47,1009.21,5.63,3.26
2026-09-08 01:42:57.896881,25.44,73.6,1009.05,11.38,0.0
2026-09-08 01:47:57.896881,25.65,74.59,1009.26,6.53,0.0
2026-09-08 01:52:57.896881,25.7,76.93,1009.2,16.44,0.0
2026-09-08 01:57:57.896881,25.88,74.71,1008.24,10.34,0.0
2026-09-08 02:02:57.896881,25.94,77.87,1008.34,16.02,0.0
2026-09-08 02:07:57.896881,27.53,73.01,1008.35,2.0,0.0
2026-09-08 02:12:57.896881,27.84,71.72,1008.33,8.65,0.0
2026-09-08 02:17:57.896881,26.37,70.39,1008.67,5.53,0.0
2026-09-08 02:22:57.896881,26.29,69.02,1008.42,14.15,0.0
2026-09-08 02:27:57.896881,27.46,74.05,1009.15,20.01,0.0
2026-09-08 02:32:57.896881,26.78,74.62,1009.15,19.51,0.0
2026-09-08 02:37:57.896881,27.85,73.54,1008.55,26.79,0.0
2026-09-08 02:42:57.896881,27.64,79.08,1009.13,20.34,0.0
2026-09-08 02:47:57.896881,26.39,78.95,1008.92,8.58,0.0
2026-09-08 02:52:57.896881,28.98,74.17,1008.34,4.48,0.0
2026-09-08 02:57:57.896881,29.31,69.71,1007.86,2.16,0.0
2026-09-08 03:02:57.896881,27.51,73.3,1008.39,4.3,0.0
2026-09-08 03:07:57.896881,27.82,73.11,1008.34,1.79,0.0
2026-09-08 03:12:57.896881,28.49,72.85,1008.6,3.07,2.96
2026-09-08 03:17:57.896881,28.66,72.65,1008.52,12.13,0.0
2026-09-08 03:22:57.896881,29.05,72.69,1008.48,1.99,0.0
2026-09-08 03:27:57.896881,30.26,73.4,1008.65,13.3,0.0
2026-09-08 03:32:57.896881,28.64,72.57,1008.19,6.33,0.0
2026-09-08 03:37:57.896881,28.27,75.02,1008.69,10.69,0.0
2026-09-08 03:42:57.896881,27.94,75.39,1008.47,10.9,0.0
2026-09-08 03:47:57.896881,28.59,71.49,1008.7,26.87,0.0
2026-09-08 03:52:57.896881,29.27,77.95,1008.99,11.2,0.0
2026-09-08 03:57:57.896881,30.86,71.11,1008.24,3.21,0.0
2026-09-08 04:02:57.896881,29.14,69.11,1008.56,4.7,0.0
2026-09-08 04:07:57.896881,29.86,75.02,1008.66,10.88,0.0
2026-09-08 04:12:57.896881,29.79,71.34,1008.47,8.28,0.0
2026-09-08 04:17:57.896881,30.88,74.68,1008.85,11.26,0.0
2026-09-08 04:22:57.896881,32.07,66.42,1008.32,13.47,0.0
2026-09-08 04:27:57.896881,29.75,77.73,1008.34,4.86,7.0
2026-09-08 04:32:57.896881,29.9,75.49,1008.27,13.77,0.0
2026-09-08 04:37:57.896881,31.25,68.89,1008.82,14.9,0.0
2026-09-08 04:42:57.896881,31.08,68.87,1008.39,11.39,0.0
2026-09-08 04:47:57.896881,32.13,78.25,1008.73,32.33,0.0
2026-09-08 04:52:57.896881,31.24,70.94,1009.14,2.23,0.0
2026-09-08 04:57:57.896881,30.6,70.57,1008.48,29.72,0.0
2026-09-08 05:02:57.896881,31.47,66.2,1008.9,7.68,0.0
2026-09-08 05:07:57.896881,32.0,71.87,1009.1,5.49,0.0
2026-09-08 05:12:57.896881,31.88,72.17,1008.91,14.13,0.0
2026-09-08 05:17:57.896881,31.74,74.92,1008.62,6.36,0.0
2026-09-08 05:22:57.896881,32.29,68.51,1008.82,19.11,0.0
2026-09-08 05:27:57.896881,32.48,68.07,1008.27,7.51,0.0
2026-09-08 05:32:57.896881,32.76,73.92,1008.4,20.93,0.0
2026-09-08 05:37:57.896881,32.27,75.52,1008.47,4.12,0.0
2026-09-08 05:42:57.896881,31.72,67.72,1009.25,12.68,0.0
2026-09-08 05:47:57.896881,32.07,75.61,1008.3,5.14,0.0
2026-09-08 05:52:57.896881,33.02,72.41,1008.26,13.03,0.0
2026-09-08 05:57:57.896881,31.5,75.51,1008.18,2.72,0.0
2026-09-08 06:02:57.896881,32.54,71.96,1008.61,2.95,0.0
2026-09-08 06:07:57.896881,32.02,64.54,1008.46,7.45,2.61
2026-09-08 06:12:57.896881,32.45,71.59,1008.67,21.58,0.0
2026-09-08 06:17:57.896881,33.53,75.17,1008.57,2.33,0.0
2026-09-08 06:22:57.896881,32.75,69.25,1007.95,24.28,0.0
2026-09-08 06:27:57.896881,32.72,70.72,1008.04,13.05,0.0
2026-09-08 06:32:57.896881,31.67,71.3,1008.65,20.45,0.0
2026-09-08 06:37:57.896881,33.44,63.08,1008.19,10.35,0.0
2026-09-08 06:42:57.896881,33.43,76.74,1008.58,11.47,0.0
2026-09-08 06:47:57.896881,34.72,68.97,1008.15,8.45,0.0
2026-09-08 06:52:57.896881,32.81,73.14,1007.9,7.73,0.0
2026-09-08 06:57:57.896881,33.3,71.32,1008.11,16.76,0.0
2026-09-08 07:02:57.896881,33.4,75.31,1007.84,4.14,0.0
2026-09-08 07:07:57.896881,34.52,72.71,1007.99,10.18,3.82
2026-09-08 07:12:57.896881,33.25,70.75,1008.18,2.28,0.0
2026-09-08 07:17:57.896881,33.6,68.73,1008.27,3.1,0.0
2026-09-08 07:22:57.896881,33.92,73.77,1007.64,9.43,5.79
2026-09-08 07:27:57.896881,33.64,65.72,1008.09,5.97,0.0
2026-09-08 07:32:57.896881,33.19,73.24,1007.86,8.62,0.0
2026-09-08 07:37:57.896881,33.75,67.97,1007.83,4.75,0.0
2026-09-08 07:42:57.896881,34.5,75.0,1008.15,15.49,0.0
2026-09-08 07:47:57.896881,32.86,71.7,1007.87,3.31,0.0
2026-09-08 07:52:57.896881,33.83,73.12,1008.54,30.34,0.0
2026-09-08 07:57:57.896881,33.2,71.41,1008.47,23.52,0.0
2026-09-08 08:02:57.896881,34.75,65.88,1008.47,14.17,3.55
2026-09-08 08:07:57.896881,32.61,68.53,1007.91,2.87,0.0
2026-09-08 08:12:57.896881,33.41,73.11,1007.73,8.64,0.0
2026-09-08 08:17:57.896881,34.19,71.58,1008.02,14.78,0.0
2026-09-08 08:22:57.896881,35.16,74.6,1007.9,19.7,0.0
2026-09-08 08:27:57.896881,33.88,72.26,1007.75,19.62,0.0
2026-09-08 08:32:57.896881,33.5,68.13,1007.56,17.02,0.0
2026-09-08 08:37:57.896881,35.47,68.64,1007.99,1.19,0.0
2026-09-08 08:42:57.896881,32.82,71.32,1007.82,4.29,0.0
2026-09-08 08:47:57.896881,32.23,64.07,1008.16,17.34,0.0
2026-09-08 08:52:57.896881,34.35,76.02,1008.16,6.3,0.0
2026-09-08 08:57:57.896881,33.6,72.33,1008.24,12.51,0.0
2026-09-08 09:02:57.896881,33.18,74.68,1007.57,31.68,0.24
2026-09-08 09:07:57.896881,34.57,66.26,1008.04,6.05,0.0
2026-09-08 09:12:57.896881,34.19,74.74,1007.58,20.64,0.0
2026-09-08 09:17:57.896881,33.54,77.7,1007.47,13.01,0.0
2026-09-08 09:22:57.896881,32.95,67.05,1007.65,41.21,0.0
2026-09-08 09:27:57.896881,34.66,73.34,1008.04,13.04,0.0
2026-09-08 09:32:57.896881,34.47,71.04,1007.65,6.37,0.0
2026-09-08 09:37:57.896881,33.85,66.41,1008.21,10.21,0.0
2026-09-08 09:42:57.896881,35.39,72.54,1007.95,4.07,0.0
2026-09-08 09:47:57.896881,33.03,73.58,1007.73,16.55,0.0
2026-09-08 09:52:57.896881,32.64,69.29,1008.16,7.33,0.0
2026-09-08 09:57:57.896881,33.27,74.61,1007.99,10.2,0.0
2026-09-08 10:02:57.896881,33.76,66.14,1007.54,21.77,0.0
2026-09-08 10:07:57.896881,33.95,66.68,1008.49,3.68,0.0
2026-09-08 10:12:57.896881,33.53,71.59,1007.97,19.75,0.0
2026-09-08 10:17:57.896881,33.96,71.29,1007.95,2.56,0.0
2026-09-08 10:22:57.896881,32.64,69.09,1007.73,9.25,0.0
2026-09-08 10:27:57.896881,34.75,73.7,1008.36,14.23,0.0
2026-09-08 10:32:57.896881,33.48,72.9,1008.12,17.34,0.0
2026-09-08 10:37:57.896881,34.39,73.91,1008.15,3.97,0.0
2026-09-08 10:42:57.896881,33.71,71.01,1007.7,31.99,0.0
2026-09-08 10:47:57.896881,33.75,73.22,1008.12,14.39,0.0
2026-09-08 10:52:57.896881,33.78,70.12,1008.16,17.5,0.0
2026-09-08 10:57:57.896881,33.62,77.65,1007.69,14.46,0.0
2026-09-08 11:02:57.896881,33.71,69.1,1007.32,4.13,5.51
2026-09-08 11:07:57.896881,34.19,77.9,1007.85,5.59,0.0
2026-09-08 11:12:57.896881,33.22,71.73,1007.17,23.69,0.0
2026-09-08 11:17:57.896881,33.56,67.55,1007.7,24.21,0.0
2026-09-08 11:22:57.896881,32.84,75.83,1007.54,1.5,0.0
2026-09-08 11:27:57.896881,33.99,72.15,1008.03,16.42,0.0
2026-09-08 11:32:57.896881,32.22,74.38,1007.57,9.12,0.0
2026-09-08 11:37:57.896881,34.12,75.55,1007.97,13.76,0.0
2026-09-08 11:42:57.896881,32.56,72.95,1007.52,11.59,0.0
2026-09-08 11:47:57.896881,31.37,70.22,1008.0,11.45,0.0
2026-09-08 11:52:57.896881,32.53,74.98,1008.33,4.96,0.0
2026-09-08 11:57:57.896881,31.79,72.11,1007.38,20.08,0.0
2026-09-08 12:02:57.896881,32.92,74.23,1007.88,6.33,0.55
2026-09-08 12:07:57.896881,31.63,65.77,1008.65,8.97,0.0
2026-09-08 12:12:57.896881,31.7,73.64,1007.79,5.06,0.0
2026-09-08 12:17:57.896881,30.44,70.45,1007.8,10.2,0.0
2026-09-08 12:22:57.896881,31.49,77.39,1008.06,3.36,0.0
2026-09-08 12:27:57.896881,29.82,74.37,1007.81,6.6,0.0
2026-09-08 12:32:57.896881,30.39,73.28,1007.34,20.0,0.0
2026-09-08 12:37:57.896881,32.16,74.09,1008.21,3.89,0.0
2026-09-08 12:42:57.896881,32.07,69.71,1007.15,16.29,0.0
2026-09-08 12:47:57.896881,31.67,77.65,1007.64,3.07,0.0
2026-09-08 12:52:57.896881,30.45,78.82,1008.11,5.99,0.0
2026-09-08 12:57:57.896881,31.07,74.1,1007.66,6.08,1.64
2026-09-08 13:02:57.896881,31.0,77.77,1007.61,18.76,0.0
2026-09-08 13:07:57.896881,29.96,71.37,1008.09,24.37,0.0
2026-09-08 13:12:57.896881,31.97,70.76,1007.66,7.81,0.0
2026-09-08 13:17:57.896881,31.36,73.35,1007.54,3.33,0.0
2026-09-08 13:22:57.896881,30.36,74.61,1008.02,6.85,0.0
2026-09-08 13:27:57.896881,30.44,72.21,1007.92,7.31,0.0
2026-09-08 13:32:57.896881,30.46,75.08,1007.6,6.66,0.0
2026-09-08 13:37:57.896881,28.54,74.47,1008.2,9.13,0.0
2026-09-08 13:42:57.896881,29.85,70.64,1008.12,5.06,0.0
2026-09-08 13:47:57.896881,29.38,75.27,1007.85,3.51,0.0
2026-09-08 13:52:57.896881,29.0,76.39,1007.8,1.71,0.0
2026-09-08 13:57:57.896881,29.45,74.4,1008.05,18.19,0.0
2026-09-08 14:02:57.896881,30.99,77.42,1008.28,11.52,0.0
2026-09-08 14:07:57.896881,29.94,70.4,1007.89,15.27,0.0
2026-09-08 14:12:57.896881,28.84,75.54,1008.22,13.86,0.0
2026-09-08 14:17:57.896881,29.63,70.71,1008.17,9.62,0.0
2026-09-08 14:22:57.896881,30.16,70.96,1008.21,9.11,0.0
2026-09-08 14:27:57.896881,29.65,72.5,1007.98,31.52,0.0
2026-09-08 14:32:57.896881,28.83,71.65,1007.75,6.74,0.0
2026-09-08 14:37:57.896881,28.14,72.92,1007.92,10.38,2.99
2026-09-08 14:42:57.896881,29.08,74.01,1008.22,7.23,0.0
2026-09-08 14:47:57.896881,28.71,77.25,1008.65,4.37,0.0
2026-09-08 14:52:57.896881,28.98,73.86,1007.94,40.56,0.0
2026-09-08 14:57:57.896881,28.64,70.16,1008.29,14.78,1.72
2026-09-08 15:02:57.896881,28.84,78.42,1007.94,5.9,0.0
2026-09-08 15:07:57.896881,27.44,72.58,1008.07,4.89,0.0
2026-09-08 15:12:57.896881,28.79,75.0,1008.5,16.27,0.0
2026-09-08 15:17:57.896881,27.77,76.6,1008.27,21.06,0.0
2026-09-08 15:22:57.896881,29.14,75.95,1007.66,3.84,0.0
2026-09-08 15:27:57.896881,26.8,78.72,1007.82,8.82,0.0
2026-09-08 15:32:57.896881,28.61,76.96,1008.42,10.34,1.51
2026-09-08 15:37:57.896881,27.25,73.02,1008.09,10.4,0.0
2026-09-08 15:42:57.896881,26.44,82.23,1007.69,11.96,0.0
2026-09-08 15:47:57.896881,26.44,76.36,1007.75,8.15,0.0
2026-09-08 15:52:57.896881,26.45,75.42,1008.14,9.36,0.0
2026-09-08 15:57:57.896881,26.91,78.84,1008.3,9.77,0.0
2026-09-08 16:02:57.896881,26.87,76.78,1008.03,3.64,0.0
2026-09-08 16:07:57.896881,25.86,77.32,1008.69,31.03,0.0
2026-09-08 16:12:57.896881,26.18,83.68,1008.23,16.95,0.0
2026-09-08 16:17:57.896881,27.79,75.46,1007.96,20.29,2.04
2026-09-08 16:22:57.896881,27.33,75.41,1007.79,12.31,0.0
2026-09-08 16:27:57.896881,26.17,76.8,1007.82,41.37,0.0
2026-09-08 16:32:57.896881,25.73,79.75,1008.23,0.53,0.0
2026-09-08 16:37:57.896881,25.68,72.09,1007.91,10.65,0.0
2026-09-08 16:42:57.896881,25.96,70.79,1008.58,4.75,0.0
2026-09-08 16:47:57.896881,24.53,75.01,1008.53,11.28,0.0
2026-09-08 16:52:57.896881,25.02,71.95,1008.25,26.95,0.0
2026-09-08 16:57:57.896881,23.78,75.65,1007.73,16.01,0.0
2026-09-08 17:02:57.896881,25.32,78.51,1007.8,9.84,0.0
2026-09-08 17:07:57.896881,25.41,74.4,1008.43,28.83,0.0
2026-09-08 17:12:57.896881,24.39,72.87,1007.84,19.0,0.0
2026-09-08 17:17:57.896881,25.93,77.43,1008.29,14.85,0.0
2026-09-08 17:22:57.896881,23.58,79.88,1008.09,14.56,4.92
2026-09-08 17:27:57.896881,23.28,72.28,1007.99,18.23,0.0
2026-09-08 17:32:57.896881,24.53,79.9,1007.77,6.33,0.0
2026-09-08 17:37:57.896881,25.08,79.96,1007.92,5.67,0.0
2026-09-08 17:42:57.896881,25.49,80.43,1007.98,4.34,0.0
2026-09-08 17:47:57.896881,23.68,81.29,1008.17,6.56,0.0
2026-09-08 17:52:57.896881,24.81,84.31,1007.59,27.64,0.0
2026-09-08 17:57:57.896881,23.82,76.7,1007.83,8.83,0.0
2026-09-08 18:02:57.896881,23.62,78.16,1007.92,28.03,0.0
2026-09-08 18:07:57.896881,24.37,76.64,1008.15,6.17,0.0
2026-09-08 18:12:57.896881,24.1,77.96,1007.75,21.64,0.0
2026-09-08 18:17:57.896881,22.23,82.61,1007.6,24.44,1.37
2026-09-08 18:22:57.896881,24.58,74.03,1008.18,11.44,0.0
2026-09-08 18:27:57.896881,24.42,75.54,1007.64,8.72,0.94
2026-09-08 18:32:57.896881,22.74,82.3,1008.55,5.32,0.0
2026-09-08 18:37:57.896881,23.48,81.29,1008.03,19.89,0.0
2026-09-08 18:42:57.896881,23.48,77.19,1007.63,8.47,1.45
2026-09-08 18:47:57.896881,23.22,80.89,1007.96,7.65,0.0
2026-09-08 18:52:57.896881,22.5,79.4,1008.25,13.33,0.0
2026-09-08 18:57:57.896881,22.33,82.92,1007.94,16.05,0.0
2026-09-08 19:02:57.896881,22.78,78.69,1008.07,5.08,0.0
2026-09-08 19:07:57.896881,23.68,81.58,1008.25,13.29,0.0
2026-09-08 19:12:57.896881,23.11,86.47,1007.94,24.52,0.0
2026-09-08 19:17:57.896881,22.32,80.38,1007.76,4.27,0.0
2026-09-08 19:22:57.896881,23.18,78.77,1007.89,20.18,0.0
2026-09-08 19:27:57.896881,20.23,80.83,1008.37,20.06,0.0
2026-09-08 19:32:57.896881,23.38,77.6,1008.37,21.25,0.0
2026-09-08 19:37:57.896881,21.02,85.89,1007.3,16.54,0.0
2026-09-08 19:42:57.896881,22.07,79.3,1008.3,15.93,0.0
2026-09-08 19:47:57.896881,21.42,77.97,1008.03,19.72,0.0
2026-09-08 19:52:57.896881,21.24,76.31,1008.22,13.27,0.0
2026-09-08 19:57:57.896881,23.17,82.13,1007.8,7.21,0.0
2026-09-08 20:02:57.896881,21.83,81.47,1007.51,7.08,0.0
2026-09-08 20:07:57.896881,22.45,77.39,1008.23,9.58,0.0
2026-09-08 20:12:57.896881,22.1,80.63,1007.74,17.33,0.0
2026-09-08 20:17:57.896881,22.5,74.4,1007.53,9.8,0.0
2026-09-08 20:22:57.896881,22.15,79.49,1007.49,8.63,0.0
2026-09-08 20:27:57.896881,21.04,80.31,1008.07,21.13,0.0
2026-09-08 20:32:57.896881,22.85,84.09,1007.9,11.7,0.0
2026-09-08 20:37:57.896881,21.64,76.66,1008.1,3.15,0.0
2026-09-08 20:42:57.896881,20.78,75.15,1008.04,4.34,0.0
2026-09-08 20:47:57.896881,21.67,76.31,1007.66,3.88,0.0
2026-09-08 20:52:57.896881,23.21,74.99,1007.71,9.99,0.0
2026-09-08 20:57:57.896881,22.68,83.01,1007.65,4.5,0.0
2026-09-08 21:02:57.896881,21.72,83.65,1007.79,8.71,0.0
2026-09-08 21:07:57.896881,21.72,79.96,1007.65,6.73,0.0
2026-09-08 21:12:57.896881,21.75,82.66,1008.08,2.6,8.13
2026-09-08 21:17:57.896881,23.67,79.39,1008.27,4.26,0.0
2026-09-08 21:22:57.896881,22.33,78.7,1007.76,28.75,0.0
2026-09-08 21:27:57.896881,22.38,77.98,1008.39,7.86,0.0
2026-09-08 21:32:57.896881,22.88,78.03,1008.05,7.45,0.0
2026-09-08 21:37:57.896881,22.26,74.31,1008.09,7.16,0.0
2026-09-08 21:42:57.896881,21.88,79.73,1007.36,12.25,0.0
2026-09-08 21:47:57.896881,21.96,78.8,1007.41,10.23,0.0
2026-09-08 21:52:57.896881,22.08,81.14,1008.02,33.06,0.0
2026-09-08 21:57:57.896881,22.14,79.17,1008.23,22.03,0.0
2026-09-08 22:02:57.896881,22.79,78.38,1007.79,32.37,0.0
2026-09-08 22:07:57.896881,22.28,76.23,1008.5,17.12,0.0
2026-09-08 22:12:57.896881,22.86,79.03,1008.19,15.68,0.0
2026-09-08 22:17:57.896881,22.25,81.0,1007.72,4.1,0.0
2026-09-08 22:22:57.896881,22.42,75.33,1007.94,3.1,0.0
2026-09-08 22:27:57.896881,20.81,78.99,1008.68,2.74,0.0
2026-09-08 22:32:57.896881,23.19,79.39,1007.6,9.05,0.0
2026-09-08 22:37:57.896881,22.79,76.51,1008.12,19.18,0.0
2026-09-08 22:42:57.896881,23.36,76.86,1007.88,6.08,0.0
2026-09-08 22:47:57.896881,20.3,79.28,1008.14,4.95,0.0
2026-09-08 22:52:57.896881,24.35,75.15,1008.26,18.12,0.0
2026-09-08 22:57:57.896881,22.63,79.56,1007.78,4.99,0.0
2026-09-08 23:02:57.896881,23.69,75.78,1008.26,27.67,0.0
2026-09-08 23:07:57.896881,22.04,81.61,1008.5,4.41,0.0
2026-09-08 23:12:57.896881,23.43,85.39,1007.88,19.12,0.0
2026-09-08 23:17:57.896881,22.17,75.74,1008.07,12.46,0.0
2026-09-08 23:22:57.896881,22.59,79.88,1007.64,0.96,0.0
2026-09-08 23:27:57.896881,24.69,76.05,1007.76,5.37,5.81
2026-09-08 23:32:57.896881,23.09,81.3,1007.66,19.88,0.0
2026-09-08 23:37:57.896881,23.49,74.32,1008.0,2.68,0.0
2026-09-08 23:42:57.896881,24.1,79.51,1008.12,7.51,0.0
2026-09-08 23:47:57.896881,23.89,75.39,1007.71,2.8,0.0
2026-09-08 23:52:57.896881,23.7,77.33,1008.2,9.08,0.15
2026-09-08 23:57:57.896881,23.96,74.8,1008.22,13.44,0.0
2026-09-09 00:02:57.896881,25.68,80.3,1008.04,11.1,0.0
2026-09-09 00:07:57.896881,23.8,75.26,1007.62,11.8,0.0
2026-09-09 00:12:57.896881,24.11,79.36,1007.65,11.06,0.0
2026-09-09 00:17:57.896881,24.88,76.61,1007.64,8.43,0.0
2026-09-09 00:22:57.896881,25.03,77.23,1008.19,17.68,0.0
2026-09-09 00:27:57.896881,25.19,77.95,1007.54,2.6,0.0
2026-09-09 00:32:57.896881,24.86,75.15,1008.14,26.67,0.0
2026-09-09 00:37:57.896881,23.54,78.0,1007.63,11.42,0.0
2026-09-09 00:42:57.896881,25.87,81.89,1008.25,2.95,0.0
2026-09-09 00:47:57.896881,23.75,74.89,1008.06,24.32,0.0
2026-09-09 00:52:57.896881,25.02,80.66,1008.4,8.65,0.0
2026-09-09 00:57:57.896881,24.28,81.57,1008.29,6.6,0.0
2026-09-09 01:02:57.896881,24.95,74.55,1008.34,3.03,0.0
2026-09-09 01:07:57.896881,25.38,72.56,1008.4,6.01,0.0
2026-09-09 01:12:57.896881,25.49,77.75,1007.93,18.29,0.0
2026-09-09 01:17:57.896881,25.68,75.13,1007.55,4.72,0.0
2026-09-09 01:22:57.896881,26.76,82.3,1007.6,18.54,0.0
2026-09-09 01:27:57.896881,25.95,76.72,1007.35,7.56,0.0
2026-09-09 01:32:57.896881,25.51,74.12,1007.66,4.17,7.95
2026-09-09 01:37:57.896881,26.6,73.01,1007.94,6.28,0.0
2026-09-09 01:42:57.896881,26.9,79.64,1007.7,14.08,0.0
2026-09-09 01:47:57.896881,25.09,74.57,1007.76,11.79,2.74
2026-09-09 01:52:57.896881,26.67,76.33,1007.93,28.72,0.0
2026-09-09 01:57:57.896881,26.88,78.99,1007.69,7.88,0.0
2026-09-09 02:02:57.896881,26.21,74.58,1007.38,18.93,0.0
2026-09-09 02:07:57.896881,27.67,75.81,1007.78,9.04,0.0
2026-09-09 02:12:57.896881,26.58,75.82,1007.46,5.1,0.0
2026-09-09 02:17:57.896881,26.93,77.83,1007.71,3.52,0.0
2026-09-09 02:22:57.896881,26.82,77.47,1008.26,7.96,0.0
2026-09-09 02:27:57.896881,27.1,74.95,1007.82,9.93,0.0
2026-09-09 02:32:57.896881,26.34,75.71,1008.39,23.8,0.0
2026-09-09 02:37:57.896881,26.19,74.32,1008.31,28.5,0.0
2026-09-09 02:42:57.896881,28.75,70.92,1007.64,28.45,0.0
2026-09-09 02:47:57.896881,26.93,76.03,1007.53,5.6,0.07
2026-09-09 02:52:57.896881,26.95,80.85,1007.84,4.66,0.0
2026-09-09 02:57:57.896881,26.15,72.44,1008.18,6.03,0.0
2026-09-09 03:02:57.896881,27.49,72.68,1007.63,8.84,3.83
2026-09-09 03:07:57.896881,27.07,72.3,1007.92,2.02,8.16
2026-09-09 03:12:57.896881,29.58,77.0,1007.96,4.38,0.0
2026-09-09 03:17:57.896881,29.2,76.08,1007.42,22.7,0.0
2026-09-09 03:22:57.896881,27.97,74.18,1007.43,12.29,0.0
2026-09-09 03:27:57.896881,30.46,71.81,1007.84,6.43,0.0
2026-09-09 03:32:57.896881,29.57,74.76,1007.71,2.26,0.0
2026-09-09 03:37:57.896881,28.65,69.7,1007.54,12.09,0.0
2026-09-09 03:42:57.896881,27.04,74.74,1007.71,10.38,0.0
2026-09-09 03:47:57.896881,31.0,76.83,1007.75,4.37,0.0
2026-09-09 03:52:57.896881,28.19,70.38,1007.2,16.37,0.0
2026-09-09 03:57:57.896881,28.11,69.45,1008.02,6.68,0.0
2026-09-09 04:02:57.896881,30.37,78.7,1007.76,11.23,0.0
2026-09-09 04:07:57.896881,31.63,72.05,1007.08,28.25,0.0
2026-09-09 04:12:57.896881,30.91,77.21,1007.84,15.76,0.0
2026-09-09 04:17:57.896881,30.38,73.25,1007.67,3.05,0.0
2026-09-09 04:22:57.896881,30.53,73.15,1008.4,15.81,0.0
2026-09-09 04:27:57.896881,30.86,74.87,1007.71,5.77,0.0
2026-09-09 04:32:57.896881,30.9,70.82,1007.6,14.16,0.0
2026-09-09 04:37:57.896881,30.64,73.79,1008.1,18.8,0.0
2026-09-09 04:42:57.896881,30.62,72.17,1007.69,11.24,0.0
2026-09-09 04:47:57.896881,30.6,69.27,1007.64,3.29,0.0
2026-09-09 04:52:57.896881,30.17,74.17,1008.06,1.33,1.24
2026-09-09 04:57:57.896881,30.66,72.29,1007.62,21.52,0.0
2026-09-09 05:02:57.896881,29.65,72.53,1007.51,26.04,0.0
2026-09-09 05:07:57.896881,31.03,69.29,1008.51,5.49,0.0
2026-09-09 05:12:57.896881,30.43,77.63,1008.15,1.1,0.0
2026-09-09 05:17:57.896881,30.45,75.41,1007.9,2.72,0.0
2026-09-09 05:22:57.896881,31.59,75.6,1007.81,6.91,0.0
2026-09-09 05:27:57.896881,32.66,71.72,1007.94,18.7,0.0
2026-09-09 05:32:57.896881,32.39,67.38,1008.12,1.11,0.0
2026-09-09 05:37:57.896881,30.5,78.36,1007.58,23.42,0.0
2026-09-09 05:42:57.896881,31.07,72.25,1007.89,21.59,0.0
2026-09-09 05:47:57.896881,32.71,70.12,1007.58,23.11,0.0
2026-09-09 05:52:57.896881,31.27,73.55,1007.73,4.07,0.0
2026-09-09 05:57:57.896881,31.97,75.74,1007.86,19.78,0.0
2026-09-09 06:02:57.896881,32.68,72.1,1007.85,10.22,0.0
2026-09-09 06:07:57.896881,31.56,75.95,1007.99,3.83,0.0
2026-09-09 06:12:57.896881,32.51,75.3,1007.9,11.13,0.0
2026-09-09 06:17:57.896881,31.44,68.76,1007.29,9.95,0.0
2026-09-09 06:22:57.896881,32.12,69.91,1007.32,2.71,0.0
2026-09-09 06:27:57.896881,32.94,74.75,1007.59,15.29,0.0
2026-09-09 06:32:57.896881,31.49,63.69,1008.23,9.58,0.0
2026-09-09 06:37:57.896881,33.19,71.33,1007.47,7.35,0.0
2026-09-09 06:42:57.896881,32.9,67.43,1007.57,7.12,0.0
2026-09-09 06:47:57.896881,33.43,70.24,1007.56,12.67,0.0
2026-09-09 06:52:57.896881,33.24,70.73,1007.57,6.7,0.0
2026-09-09 06:57:57.896881,34.22,70.51,1007.79,1.4,0.0
2026-09-09 07:02:57.896881,33.3,69.88,1008.2,3.64,2.77
2026-09-09 07:07:57.896881,32.92,68.2,1007.85,9.67,0.0
2026-09-09 07:12:57.896881,33.42,78.33,1007.44,6.38,0.0
2026-09-09 07:17:57.896881,33.82,77.01,1008.5,7.27,0.0
2026-09-09 07:22:57.896881,33.48,67.89,1007.76,4.22,0.0
2026-09-09 07:27:57.896881,33.52,76.09,1007.57,4.26,0.0
2026-09-09 07:32:57.896881,32.98,70.11,1008.18,14.24,0.0
2026-09-09 07:37:57.896881,33.06,71.66,1007.59,10.99,0.0
2026-09-09 07:42:57.896881,32.52,71.05,1008.25,4.79,0.0
2026-09-09 07:47:57.896881,35.08,69.23,1007.58,7.06,0.0
2026-09-09 07:52:57.896881,32.73,74.14,1008.32,16.83,0.0
2026-09-09 07:57:57.896881,33.21,71.54,1007.95,3.49,0.0
2026-09-09 08:02:57.896881,33.22,69.71,1008.31,18.43,0.0
2026-09-09 08:07:57.896881,34.54,67.2,1008.52,8.58,0.0
2026-09-09 08:12:57.896881,33.62,68.41,1007.63,7.14,0.0
2026-09-09 08:17:57.896881,34.88,66.15,1008.41,2.86,0.0
2026-09-09 08:22:57.896881,33.37,71.1,1007.66,45.0,0.0
2026-09-09 08:27:57.896881,34.15,67.46,1007.76,13.3,0.72
2026-09-09 08:32:57.896881,33.28,70.24,1007.87,1.36,0.0
2026-09-09 08:37:57.896881,35.68,75.13,1008.24,11.43,0.0
2026-09-09 08:42:57.896881,33.03,74.61,1008.05,21.38,0.0
2026-09-09 08:47:57.896881,34.24,70.91,1007.98,12.03,0.0
2026-09-09 08:52:57.896881,34.5,70.74,1008.07,17.15,0.0
2026-09-09 08:57:57.896881,34.33,76.64,1008.12,6.15,0.0
2026-09-09 09:02:57.896881,33.85,72.56,1008.19,5.49,0.0
2026-09-09 09:07:57.896881,33.89,70.02,1008.18,7.7,0.0
2026-09-09 09:12:57.896881,34.03,66.73,1008.53,10.11,0.0
2026-09-09 09:17:57.896881,33.87,72.19,1008.05,6.27,0.0
2026-09-09 09:22:57.896881,34.75,73.5,1007.89,8.43,0.0
2026-09-09 09:27:57.896881,35.73,69.13,1008.23,3.69,0.0
2026-09-09 09:32:57.896881,33.5,71.91,1007.72,2.01,0.0
2026-09-09 09:37:57.896881,32.83,69.96,1007.83,4.89,4.34
2026-09-09 09:42:57.896881,33.84,70.51,1008.34,31.06,0.0
2026-09-09 09:47:57.896881,35.95,63.61,1008.0,22.53,0.0
2026-09-09 09:52:57.896881,33.21,70.43,1007.67,11.65,0.0
2026-09-09 09:57:57.896881,35.14,74.02,1007.59,2.46,0.0
2026-09-09 10:02:57.896881,35.14,69.24,1007.99,9.0,0.0
2026-09-09 10:07:57.896881,33.32,71.32,1008.32,10.75,0.0
2026-09-09 10:12:57.896881,34.18,68.92,1008.32,5.95,0.0
2026-09-09 10:17:57.896881,34.98,72.29,1008.02,23.47,0.0
2026-09-09 10:22:57.896881,33.33,70.59,1008.58,3.52,0.0
2026-09-09 10:27:57.896881,33.43,68.45,1008.0,14.26,0.0
2026-09-09 10:32:57.896881,33.08,75.3,1007.98,3.43,0.0
2026-09-09 10:37:57.896881,32.68,74.13,1007.26,3.86,0.0
2026-09-09 10:42:57.896881,32.92,69.56,1007.96,9.0,0.0
2026-09-09 10:47:57.896881,32.4,72.91,1008.35,0.96,0.0
2026-09-09 10:52:57.896881,33.35,73.06,1008.57,11.12,0.0
2026-09-09 10:57:57.896881,32.64,73.42,1007.85,6.53,0.43
2026-09-09 11:02:57.896881,33.38,66.45,1008.3,8.48,0.0
2026-09-09 11:07:57.896881,31.88,74.6,1008.46,5.36,0.0
2026-09-09 11:12:57.896881,33.33,69.92,1008.21,23.04,4.64
2026-09-09 11:17:57.896881,33.66,70.6,1007.52,17.98,0.0
2026-09-09 11:22:57.896881,31.32,79.64,1008.24,14.17,0.0
2026-09-09 11:27:57.896881,33.14,72.68,1008.42,4.05,0.0
2026-09-09 11:32:57.896881,33.74,70.67,1007.9,15.4,0.0
2026-09-09 11:37:57.896881,31.71,65.26,1008.14,12.19,0.0
2026-09-09 11:42:57.896881,33.93,76.11,1007.73,41.85,0.0
2026-09-09 11:47:57.896881,32.85,67.96,1007.3,2.42,0.0
2026-09-09 11:52:57.896881,31.86,69.04,1008.36,8.01,0.0
2026-09-09 11:57:57.896881,32.29,71.12,1008.0,5.43,0.0
2026-09-09 12:02:57.896881,32.69,76.42,1008.45,12.48,0.0
2026-09-09 12:07:57.896881,32.21,74.55,1008.2,2.13,0.0
2026-09-09 12:12:57.896881,32.48,71.82,1007.83,16.21,0.0
2026-09-09 12:17:57.896881,31.22,73.29,1007.85,2.11,0.0
2026-09-09 12:22:57.896881,31.99,70.63,1008.06,12.64,0.0
2026-09-09 12:27:57.896881,30.62,72.92,1008.25,7.12,0.0
2026-09-09 12:32:57.896881,31.56,72.78,1008.07,4.5,0.0
2026-09-09 12:37:57.896881,30.82,75.54,1008.34,3.47,0.0
2026-09-09 12:42:57.896881,30.85,75.61,1007.98,5.37,0.0
2026-09-09 12:47:57.896881,32.32,74.26,1007.83,7.33,0.0
2026-09-09 12:52:57.896881,32.1,71.76,1008.2,9.45,0.0
2026-09-09 12:57:57.896881,31.6,75.15,1008.26,10.4,0.0
2026-09-09 13:02:57.896881,30.13,72.72,1007.8,8.11,0.0
2026-09-09 13:07:57.896881,30.63,69.83,1007.8,6.92,0.0
2026-09-09 13:12:57.896881,31.74,71.94,1008.37,27.53,0.0
2026-09-09 13:17:57.896881,30.77,73.48,1008.15,15.47,5.99
2026-09-09 13:22:57.896881,32.39,76.04,1008.32,5.96,0.0
2026-09-09 13:27:57.896881,30.73,72.84,1008.26,8.75,8.5
2026-09-09 13:32:57.896881,30.45,69.84,1008.85,4.64,0.0
2026-09-09 13:37:57.896881,29.93,73.72,1008.72,7.35,0.0
2026-09-09 13:42:57.896881,30.16,73.97,1008.08,2.71,0.0
2026-09-09 13:47:57.896881,29.81,74.27,1008.27,10.04,0.0
2026-09-09 13:52:57.896881,30.37,76.56,1008.67,33.82,0.0
2026-09-09 13:57:57.896881,30.44,76.94,1008.58,10.5,0.0
2026-09-09 14:02:57.896881,28.92,72.18,1008.35,10.47,0.0
2026-09-09 14:07:57.896881,28.36,72.2,1007.99,8.11,0.0
2026-09-09 14:12:57.896881,27.83,71.01,1008.1,3.31,0.0
2026-09-09 14:17:57.896881,29.58,76.32,1008.08,29.33,0.0
2026-09-09 14:22:57.896881,28.16,78.65,1008.28,11.33,0.0
2026-09-09 14:27:57.896881,27.19,73.45,1008.8,14.14,0.0
2026-09-09 14:32:57.896881,29.09,73.75,1008.12,6.9,0.0
2026-09-09 14:37:57.896881,30.65,78.96,1008.07,14.47,0.0
2026-09-09 14:42:57.896881,28.52,76.17,1008.4,29.2,0.0
2026-09-09 14:47:57.896881,29.06,76.05,1008.84,22.89,0.0
2026-09-09 14:52:57.896881,28.33,71.25,1008.0,0.03,0.0
2026-09-09 14:57:57.896881,28.05,76.95,1008.81,21.9,0.0
2026-09-09 15:02:57.896881,28.74,72.21,1008.28,4.05,0.0
2026-09-09 15:07:57.896881,27.64,71.69,1008.09,4.3,0.0
2026-09-09 15:12:57.896881,27.95,74.13,1007.82,3.91,0.0
2026-09-09 15:17:57.896881,27.86,73.5,1008.49,12.72,0.0
2026-09-09 15:22:57.896881,26.94,74.68,1008.23,10.39,0.0
2026-09-09 15:27:57.896881,28.14,71.11,1008.34,14.95,2.9
2026-09-09 15:32:57.896881,27.08,78.4,1007.98,9.49,0.0
2026-09-09 15:37:57.896881,26.48,78.99,1008.05,4.06,0.0
2026-09-09 15:42:57.896881,27.39,69.85,1007.95,15.89,0.0
2026-09-09 15:47:57.896881,26.11,78.72,1008.04,7.45,0.0
2026-09-09 15:52:57.896881,26.72,73.43,1007.85,16.19,0.0
2026-09-09 15:57:57.896881,26.57,78.52,1007.54,11.43,0.0
2026-09-09 16:02:57.896881,27.32,75.83,1008.79,10.16,0.0
2026-09-09 16:07:57.896881,26.7,76.21,1007.51,32.87,0.0
2026-09-09 16:12:57.896881,26.18,75.65,1007.96,1.45,0.0
2026-09-09 16:17:57.896881,26.73,79.92,1007.32,1.6,0.0
2026-09-09 16:22:57.896881,27.06,72.65,1007.21,5.4,0.0
2026-09-09 16:27:57.896881,26.27,78.27,1007.78,16.33,0.0
2026-09-09 16:32:57.896881,25.71,79.83,1007.79,6.08,0.0
2026-09-09 16:37:57.896881,24.53,78.76,1008.08,7.64,0.0
2026-09-09 16:42:57.896881,24.61,83.66,1007.86,1.71,0.0
2026-09-09 16:47:57.896881,25.1,75.18,1007.72,15.85,0.0
2026-09-09 16:52:57.896881,24.74,79.72,1007.47,1.83,0.0
2026-09-09 16:57:57.896881,24.96,76.61,1008.17,6.93,0.0
2026-09-09 17:02:57.896881,25.05,80.7,1008.02,0.93,0.0
2026-09-09 17:07:57.896881,25.31,77.05,1007.4,18.36,0.0
2026-09-09 17:12:57.896881,24.72,75.99,1007.79,1.66,0.0
2026-09-09 17:17:57.896881,25.06,81.14,1007.9,6.55,0.0
2026-09-09 17:22:57.896881,24.61,75.82,1007.78,5.48,0.0
2026-09-09 17:27:57.896881,22.87,73.13,1008.16,14.21,0.0
2026-09-09 17:32:57.896881,23.6,75.88,1008.19,10.6,8.42
2026-09-09 17:37:57.896881,24.13,79.36,1007.91,31.63,0.0
2026-09-09 17:42:57.896881,23.18,81.75,1007.85,2.41,0.0
2026-09-09 17:47:57.896881,24.52,77.97,1008.36,21.87,0.0
2026-09-09 17:52:57.896881,25.17,81.66,1008.2,25.07,0.0
2026-09-09 17:57:57.896881,24.83,73.69,1007.96,30.85,4.22
2026-09-09 18:02:57.896881,23.59,76.5,1007.48,9.5,8.55
2026-09-09 18:07:57.896881,24.86,77.02,1008.12,2.92,0.0
2026-09-09 18:12:57.896881,23.7,77.61,1008.16,13.17,0.0
2026-09-09 18:17:57.896881,23.22,78.26,1007.08,1.97,0.0
2026-09-09 18:22:57.896881,22.91,80.14,1007.99,20.18,0.0
2026-09-09 18:27:57.896881,23.08,76.79,1007.75,8.68,0.0
2026-09-09 18:32:57.896881,22.93,78.59,1007.98,12.08,0.0
2026-09-09 18:37:57.896881,23.3,78.09,1007.8,30.77,0.0
2026-09-09 18:42:57.896881,23.21,75.5,1008.02,10.51,0.0
2026-09-09 18:47:57.896881,23.01,77.98,1008.46,2.96,0.0
2026-09-09 18:52:57.896881,23.29,77.94,1007.88,8.74,0.0
2026-09-09 18:57:57.896881,23.82,77.92,1008.31,5.63,0.0
2026-09-09 19:02:57.896881,23.56,78.56,1007.78,11.38,0.0
2026-09-09 19:07:57.896881,21.55,78.73,1008.23,6.79,0.0
2026-09-09 19:12:57.896881,20.63,77.25,1007.99,5.03,0.0
2026-09-09 19:17:57.896881,23.37,82.41,1008.16,8.98,0.0
2026-09-09 19:22:57.896881,21.47,75.12,1008.13,2.84,0.0
2026-09-09 19:27:57.896881,22.33,76.5,1008.33,8.37,0.0
2026-09-09 19:32:57.896881,21.52,87.04,1007.3,13.76,0.0
2026-09-09 19:37:57.896881,20.97,75.61,1007.67,26.1,0.0
2026-09-09 19:42:57.896881,22.8,74.7,1008.3,5.75,0.0
2026-09-09 19:47:57.896881,22.93,80.99,1007.63,35.28,0.0
2026-09-09 19:52:57.896881,21.82,72.58,1008.12,12.23,0.0
2026-09-09 19:57:57.896881,20.17,78.13,1008.34,7.13,0.0
2026-09-09 20:02:57.896881,21.77,85.3,1008.11,7.87,0.0
2026-09-09 20:07:57.896881,22.49,74.25,1008.18,9.26,0.0
2026-09-09 20:12:57.896881,20.96,72.96,1008.43,6.47,0.0
2026-09-09 20:17:57.896881,22.26,74.43,1008.67,5.14,0.46
2026-09-09 20:22:57.896881,22.08,81.63,1008.15,11.15,0.0
2026-09-09 20:27:57.896881,22.53,82.33,1008.23,1.4,0.0
2026-09-09 20:32:57.896881,22.15,77.43,1008.14,4.4,0.0
2026-09-09 20:37:57.896881,21.26,81.03,1007.64,16.05,0.0
2026-09-09 20:42:57.896881,22.98,83.16,1008.4,1.09,0.0
2026-09-09 20:47:57.896881,21.89,84.35,1008.67,12.66,0.0
2026-09-09 20:52:57.896881,21.98,78.26,1008.67,10.11,0.0
2026-09-09 20:57:57.896881,21.25,72.09,1008.19,5.5,0.0
2026-09-09 21:02:57.896881,21.65,76.54,1008.01,6.69,0.0
2026-09-09 21:07:57.896881,21.29,77.72,1008.45,8.92,0.0
2026-09-09 21:12:57.896881,21.87,78.22,1008.66,13.0,0.0
2026-09-09 21:17:57.896881,23.38,78.43,1008.37,12.16,0.0
2026-09-09 21:22:57.896881,20.93,82.34,1008.42,20.89,0.0
2026-09-09 21:27:57.896881,20.74,82.8,1008.66,11.64,0.0
2026-09-09 21:32:57.896881,23.23,78.45,1008.04,23.65,0.0
2026-09-09 21:37:57.896881,21.9,82.25,1008.11,1.31,1.2
2026-09-09 21:42:57.896881,21.56,80.01,1008.67,20.61,0.0
2026-09-09 21:47:57.896881,22.95,79.12,1008.17,7.18,0.0
2026-09-09 21:52:57.896881,21.66,81.62,1007.88,10.7,0.0
2026-09-09 21:57:57.896881,23.63,79.1,1008.06,14.86,0.0
2026-09-09 22:02:57.896881,22.75,85.04,1008.0,3.66,0.0
2026-09-09 22:07:57.896881,21.85,74.52,1008.39,7.83,0.0
2026-09-09 22:12:57.896881,24.0,77.27,1007.94,22.11,0.0
2026-09-09 22:17:57.896881,21.83,78.41,1008.22,26.03,0.0
2026-09-09 22:22:57.896881,22.96,80.08,1007.91,5.46,0.0
2026-09-09 22:27:57.896881,22.65,82.53,1007.48,14.14,0.0
2026-09-09 22:32:57.896881,23.5,78.62,1008.26,6.57,5.25
2026-09-09 22:37:57.896881,23.76,74.39,1008.25,2.12,0.0
2026-09-09 22:42:57.896881,22.59,81.15,1008.39,24.84,0.0
2026-09-09 22:47:57.896881,22.02,80.85,1008.02,3.66,0.0
2026-09-09 22:52:57.896881,23.05,72.72,1007.92,43.55,0.0
2026-09-09 22:57:57.896881,22.2,78.5,1008.29,2.7,0.0
2026-09-09 23:02:57.896881,24.41,73.69,1008.65,20.23,0.0
2026-09-09 23:07:57.896881,22.98,76.43,1008.08,19.53,0.0
2026-09-09 23:12:57.896881,22.65,75.67,1008.16,6.62,0.0
2026-09-09 23:17:57.896881,23.16,80.75,1007.9,11.83,0.0
2026-09-09 23:22:57.896881,22.01,78.63,1007.54,6.77,0.0
2026-09-09 23:27:57.896881,22.38,74.37,1008.26,4.48,0.0
2026-09-09 23:32:57.896881,24.2,80.81,1008.24,13.38,0.0
2026-09-09 23:37:57.896881,22.8,73.82,1008.17,17.42,0.0
2026-09-09 23:42:57.896881,22.57,79.05,1007.89,5.11,0.0
2026-09-09 23:47:57.896881,23.92,75.57,1008.09,24.87,0.0
2026-09-09 23:52:57.896881,24.52,76.85,1008.15,11.57,0.0
2026-09-09 23:57:57.896881,24.24,79.4,1008.31,9.4,0.0
2026-09-10 00:02:57.896881,24.55,79.39,1008.14,9.63,0.0
2026-09-10 00:07:57.896881,23.25,81.78,1007.89,24.38,0.0
2026-09-10 00:12:57.896881,22.81,77.46,1007.44,7.38,0.0
2026-09-10 00:17:57.896881,25.24,78.56,1007.96,7.67,0.0
2026-09-10 00:22:57.896881,23.89,76.26,1007.97,24.01,0.0
2026-09-10 00:27:57.896881,24.04,78.05,1008.18,25.31,2.47
2026-09-10 00:32:57.896881,25.41,78.75,1008.34,19.25,0.0
2026-09-10 00:37:57.896881,24.9,77.07,1007.81,3.02,0.0
2026-09-10 00:42:57.896881,24.92,71.88,1008.49,34.69,0.0
2026-09-10 00:47:57.896881,26.4,78.22,1007.34,10.79,0.0
2026-09-10 00:52:57.896881,24.26,78.24,1008.0,9.19,6.69
2026-09-10 00:57:57.896881,25.63,75.03,1007.6,19.31,0.0
2026-09-10 01:02:57.896881,25.05,73.15,1007.26,12.71,0.0
2026-09-10 01:07:57.896881,25.33,81.35,1007.75,6.82,0.0
2026-09-10 01:12:57.896881,26.45,78.32,1007.36,27.76,0.0
2026-09-10 01:17:57.896881,25.75,76.08,1007.79,9.14,0.0
2026-09-10 01:22:57.896881,25.89,73.28,1007.86,10.56,0.0
2026-09-10 01:27:57.896881,26.44,74.15,1008.21,27.61,0.0
2026-09-10 01:32:57.896881,25.41,80.44,1007.41,18.45,0.0
2026-09-10 01:37:57.896881,25.15,76.86,1008.12,15.29,0.0
2026-09-10 01:42:57.896881,25.11,74.72,1007.82,6.56,0.0
2026-09-10 01:47:57.896881,24.5,77.81,1008.08,13.2,0.0
2026-09-10 01:52:57.896881,27.84,73.76,1007.48,13.81,0.0
2026-09-10 01:57:57.896881,25.44,80.62,1007.18,13.57,0.0
2026-09-10 02:02:57.896881,26.27,80.09,1007.21,9.37,0.0
2026-09-10 02:07:57.896881,26.35,74.55,1007.21,5.11,0.0
2026-09-10 02:12:57.896881,26.95,73.98,1007.73,20.35,0.0
2026-09-10 02:17:57.896881,27.48,67.93,1008.05,6.34,0.0
2026-09-10 02:22:57.896881,27.65,71.25,1007.33,10.15,0.0
2026-09-10 02:27:57.896881,26.62,71.59,1007.68,0.67,0.0
2026-09-10 02:32:57.896881,27.08,75.93,1006.95,18.09,0.0
2026-09-10 02:37:57.896881,27.57,74.46,1007.4,4.34,0.0
2026-09-10 02:42:57.896881,27.28,71.31,1007.54,13.82,0.0
2026-09-10 02:47:57.896881,28.89,74.42,1006.97,3.18,0.0
2026-09-10 02:52:57.896881,28.13,76.69,1007.36,8.47,0.0
2026-09-10 02:57:57.896881,28.46,76.67,1007.64,7.82,0.0
2026-09-10 03:02:57.896881,28.53,69.3,1006.54,4.39,0.0
2026-09-10 03:07:57.896881,29.07,74.53,1007.79,11.76,0.0
2026-09-10 03:12:57.896881,28.41,70.68,1007.47,2.53,0.0
2026-09-10 03:17:57.896881,27.35,77.44,1007.6,16.68,0.0
2026-09-10 03:22:57.896881,28.84,77.0,1007.19,17.35,0.0
2026-09-10 03:27:57.896881,28.13,71.87,1006.82,4.82,0.0
2026-09-10 03:32:57.896881,28.36,72.18,1007.48,24.16,0.0
2026-09-10 03:37:57.896881,29.38,73.01,1007.34,8.62,0.0
2026-09-10 03:42:57.896881,30.03,67.55,1007.42,4.01,0.0
2026-09-10 03:47:57.896881,29.19,75.23,1007.65,1.77,0.0
2026-09-10 03:52:57.896881,29.55,73.32,1007.53,23.25,0.0
2026-09-10 03:57:57.896881,30.79,76.96,1007.83,5.4,0.0
2026-09-10 04:02:57.896881,29.75,70.67,1007.21,7.37,0.0
2026-09-10 04:07:57.896881,31.76,72.02,1006.91,6.81,0.0
2026-09-10 04:12:57.896881,30.26,69.28,1007.18,19.69,0.0
2026-09-10 04:17:57.896881,28.52,70.7,1007.39,14.43,0.0
2026-09-10 04:22:57.896881,30.65,70.09,1007.67,10.8,0.0
2026-09-10 04:27:57.896881,30.48,76.54,1006.96,2.78,0.0
2026-09-10 04:32:57.896881,31.33,71.37,1007.37,28.47,0.0
2026-09-10 04:37:57.896881,30.96,73.76,1007.83,14.7,0.0
2026-09-10 04:42:57.896881,30.42,72.17,1007.3,14.95,0.0
2026-09-10 04:47:57.896881,29.67,69.42,1007.68,3.14,0.0
2026-09-10 04:52:57.896881,30.6,72.65,1007.52,3.8,0.0
2026-09-10 04:57:57.896881,30.21,74.87,1007.58,10.53,0.0
2026-09-10 05:02:57.896881,30.54,69.38,1007.22,10.74,0.0
2026-09-10 05:07:57.896881,31.58,75.35,1007.21,4.39,0.0
2026-09-10 05:12:57.896881,32.56,70.3,1007.44,3.2,0.0
2026-09-10 05:17:57.896881,31.65,71.33,1006.98,6.19,0.0
2026-09-10 05:22:57.896881,30.48,74.3,1007.35,7.7,0.0
2026-09-10 05:27:57.896881,31.9,70.64,1007.51,2.82,0.0
2026-09-10 05:32:57.896881,32.61,72.68,1008.03,15.03,2.39
2026-09-10 05:37:57.896881,31.27,71.55,1007.61,15.67,0.0
2026-09-10 05:42:57.896881,31.75,72.82,1007.62,13.97,0.0
2026-09-10 05:47:57.896881,31.97,65.22,1007.78,2.98,0.0
2026-09-10 05:52:57.896881,31.43,66.81,1007.11,6.11,0.0
2026-09-10 05:57:57.896881,32.67,74.08,1007.42,17.09,0.0
2026-09-10 06:02:57.896881,32.15,75.28,1008.26,11.37,0.0
2026-09-10 06:07:57.896881,32.67,69.38,1007.51,24.42,0.0
2026-09-10 06:12:57.896881,31.71,71.32,1007.81,22.09,0.0
2026-09-10 06:17:57.896881,32.16,72.88,1007.7,9.67,0.0
2026-09-10 06:22:57.896881,33.17,74.02,1006.97,6.0,0.0
2026-09-10 06:27:57.896881,32.38,65.8,1007.52,16.55,0.0
2026-09-10 06:32:57.896881,34.14,69.17,1007.46,17.72,2.8
2026-09-10 06:37:57.896881,32.52,70.78,1007.49,19.25,0.0
2026-09-10 06:42:57.896881,33.09,73.83,1007.13,11.25,0.0
2026-09-10 06:47:57.896881,33.73,79.17,1007.02,5.38,2.23
2026-09-10 06:52:57.896881,31.93,70.94,1007.1,13.82,6.92
2026-09-10 06:57:57.896881,31.72,67.36,1007.15,14.27,0.0
2026-09-10 07:02:57.896881,31.98,72.74,1007.51,16.18,8.1
2026-09-10 07:07:57.896881,34.27,75.46,1007.76,6.55,0.0
2026-09-10 07:12:57.896881,32.88,71.78,1007.59,13.72,0.0
2026-09-10 07:17:57.896881,35.43,68.69,1007.44,2.37,2.08
2026-09-10 07:22:57.896881,32.99,74.25,1006.89,17.28,0.0
2026-09-10 07:27:57.896881,33.64,73.33,1007.13,10.94,0.0
2026-09-10 07:32:57.896881,34.78,68.23,1007.38,5.83,0.0
2026-09-10 07:37:57.896881,35.2,72.42,1007.13,23.76,0.0
2026-09-10 07:42:57.896881,35.29,74.23,1007.47,7.31,2.51
2026-09-10 07:47:57.896881,34.65,74.76,1007.48,11.03,0.0
2026-09-10 07:52:57.896881,34.54,70.99,1007.41,6.39,0.0
2026-09-10 07:57:57.896881,34.23,70.09,1007.53,10.18,0.0
2026-09-10 08:02:57.896881,34.42,74.82,1006.98,14.45,0.0
2026-09-10 08:07:57.896881,33.39,67.48,1007.55,6.82,0.0
2026-09-10 08:12:57.896881,33.2,72.41,1007.1,8.55,0.0
2026-09-10 08:17:57.896881,33.88,66.97,1007.08,17.06,0.0
2026-09-10 08:22:57.896881,33.77,74.26,1007.62,1.43,0.0
2026-09-10 08:27:57.896881,33.57,70.27,1007.83,17.8,0.0
2026-09-10 08:32:57.896881,34.51,74.84,1007.67,20.24,0.0
2026-09-10 08:37:57.896881,34.73,72.5,1007.51,4.0,13.46
2026-09-10 08:42:57.896881,34.05,67.35,1007.66,1.87,0.0
2026-09-10 08:47:57.896881,35.17,75.28,1007.66,3.08,0.0
2026-09-10 08:52:57.896881,33.08,75.66,1007.33,4.55,1.45
2026-09-10 08:57:57.896881,33.84,73.65,1007.3,3.44,0.0
2026-09-10 09:02:57.896881,33.43,68.72,1007.61,15.25,0.0
2026-09-10 09:07:57.896881,32.51,70.08,1007.59,8.97,0.0
2026-09-10 09:12:57.896881,33.93,71.44,1007.57,12.41,0.0
2026-09-10 09:17:57.896881,33.89,68.9,1007.85,19.11,0.0
2026-09-10 09:22:57.896881,35.19,76.09,1007.56,16.42,0.0
2026-09-10 09:27:57.896881,34.47,71.46,1007.84,27.37,0.0
2026-09-10 09:32:57.896881,33.13,62.92,1007.67,21.67,0.0
2026-09-10 09:37:57.896881,35.41,72.06,1008.24,8.25,0.0
2026-09-10 09:42:57.896881,34.89,70.02,1007.78,13.82,0.83
2026-09-10 09:47:57.896881,34.35,70.85,1008.32,28.03,0.0
2026-09-10 09:52:57.896881,33.68,69.99,1007.66,7.31,0.0
2026-09-10 09:57:57.896881,33.06,73.54,1007.44,14.66,0.0
2026-09-10 10:02:57.896881,33.5,74.5,1007.2,33.5,0.0
2026-09-10 10:07:57.896881,34.63,72.01,1007.05,15.88,0.0
2026-09-10 10:12:57.896881,35.23,70.17,1007.2,4.15,0.0
2026-09-10 10:17:57.896881,34.92,71.09,1007.25,1.97,0.0
2026-09-10 10:22:57.896881,33.25,71.3,1007.67,4.93,0.0
2026-09-10 10:27:57.896881,32.7,68.86,1007.34,8.7,0.0
2026-09-10 10:32:57.896881,33.66,73.04,1007.5,31.64,0.0
2026-09-10 10:37:57.896881,32.08,72.72,1007.84,19.81,0.0
2026-09-10 10:42:57.896881,33.7,76.0,1007.4,7.21,0.0
2026-09-10 10:47:57.896881,33.26,75.18,1007.97,4.36,0.0
2026-09-10 10:52:57.896881,32.95,69.39,1007.05,4.32,0.0
2026-09-10 10:57:57.896881,31.98,73.95,1007.42,37.76,7.85
2026-09-10 11:02:57.896881,33.61,68.68,1007.38,3.84,0.0
2026-09-10 11:07:57.896881,32.7,73.67,1007.84,17.64,0.0
2026-09-10 11:12:57.896881,32.12,70.08,1006.91,16.96,0.0
2026-09-10 11:17:57.896881,30.69,68.6,1007.22,8.1,0.0
2026-09-10 11:22:57.896881,32.89,72.56,1007.59,3.54,0.0
2026-09-10 11:27:57.896881,34.26,63.75,1008.14,14.0,0.0
2026-09-10 11:32:57.896881,34.09,66.57,1007.76,30.06,0.0
2026-09-10 11:37:57.896881,32.31,71.35,1007.33,3.12,0.0
2026-09-10 11:42:57.896881,32.11,72.18,1007.39,10.57,0.0
2026-09-10 11:47:57.896881,32.89,70.88,1008.31,16.35,0.0
2026-09-10 11:52:57.896881,31.62,67.31,1007.64,28.78,0.0
2026-09-10 11:57:57.896881,32.58,69.66,1007.47,1.49,0.0
2026-09-10 12:02:57.896881,32.86,73.35,1008.26,14.99,0.0
2026-09-10 12:07:57.896881,33.13,73.98,1008.08,28.38,0.0
2026-09-10 12:12:57.896881,31.97,72.25,1008.22,17.72,0.0
2026-09-10 12:17:57.896881,31.79,75.83,1007.55,5.98,0.0
2026-09-10 12:22:57.896881,31.15,73.62,1007.43,10.92,0.0
2026-09-10 12:27:57.896881,31.09,70.25,1007.99,19.55,0.0
2026-09-10 12:32:57.896881,31.47,71.72,1008.07,20.51,0.0
2026-09-10 12:37:57.896881,31.84,68.43,1008.1,17.5,0.0
2026-09-10 12:42:57.896881,32.17,72.38,1008.46,11.74,0.0
2026-09-10 12:47:57.896881,30.69,76.11,1007.39,9.34,0.0
2026-09-10 12:52:57.896881,32.42,74.91,1008.18,21.55,0.0
2026-09-10 12:57:57.896881,30.9,77.13,1007.54,14.14,0.0
2026-09-10 13:02:57.896881,30.98,72.09,1008.13,11.21,0.0
2026-09-10 13:07:57.896881,30.29,77.11,1007.67,5.51,0.0
2026-09-10 13:12:57.896881,28.83,72.57,1007.51,5.22,0.0
2026-09-10 13:17:57.896881,31.36,77.65,1007.65,9.57,0.0
2026-09-10 13:22:57.896881,31.13,73.24,1007.46,15.71,0.0
2026-09-10 13:27:57.896881,30.19,75.51,1007.9,14.91,0.0
2026-09-10 13:32:57.896881,30.35,77.89,1007.67,14.27,0.0
2026-09-10 13:37:57.896881,30.59,72.97,1008.12,10.73,0.0
2026-09-10 13:42:57.896881,28.8,74.29,1008.11,20.24,0.0
2026-09-10 13:47:57.896881,29.51,77.58,1008.39,22.98,0.0
2026-09-10 13:52:57.896881,30.44,73.4,1008.04,3.84,0.0
2026-09-10 13:57:57.896881,28.68,69.92,1008.08,6.35,0.0
2026-09-10 14:02:57.896881,29.79,80.39,1008.32,37.17,0.0
2026-09-10 14:07:57.896881,28.34,72.64,1007.71,9.1,0.0
2026-09-10 14:12:57.896881,29.67,74.61,1007.42,9.3,0.0
2026-09-10 14:17:57.896881,29.14,77.69,1007.95,5.12,0.0
2026-09-10 14:22:57.896881,27.75,72.48,1007.43,20.6,0.0
2026-09-10 14:27:57.896881,29.84,71.37,1008.62,43.41,0.0
2026-09-10 14:32:57.896881,28.2,75.24,1008.38,5.14,0.0
2026-09-10 14:37:57.896881,28.0,69.19,1008.56,21.5,0.0
2026-09-10 14:42:57.896881,28.68,73.79,1007.92,4.51,0.0
2026-09-10 14:47:57.896881,29.31,75.47,1008.09,19.34,0.0
2026-09-10 14:52:57.896881,27.45,74.02,1007.76,4.6,0.0
2026-09-10 14:57:57.896881,28.18,70.28,1008.19,1.37,0.0
2026-09-10 15:02:57.896881,28.34,79.78,1007.59,36.88,0.0
2026-09-10 15:07:57.896881,28.42,75.4,1007.24,7.03,0.0
2026-09-10 15:12:57.896881,27.88,79.47,1007.74,2.63,0.0
2026-09-10 15:17:57.896881,27.31,74.48,1007.49,11.75,0.0
2026-09-10 15:22:57.896881,26.81,72.71,1008.36,15.87,0.0
2026-09-10 15:27:57.896881,27.42,76.24,1008.41,22.11,0.0
2026-09-10 15:32:57.896881,26.36,74.87,1007.47,8.72,0.0
2026-09-10 15:37:57.896881,24.75,72.08,1008.22,8.31,0.0
2026-09-10 15:42:57.896881,27.31,80.1,1008.24,7.11,0.0
2026-09-10 15:47:57.896881,27.55,73.91,1007.55,10.91,0.0
2026-09-10 15:52:57.896881,24.81,70.34,1007.9,17.12,0.0
2026-09-10 15:57:57.896881,25.77,79.94,1007.89,13.15,0.0
2026-09-10 16:02:57.896881,26.94,74.52,1008.2,6.88,0.0
2026-09-10 16:07:57.896881,27.97,74.3,1007.74,10.5,0.55
2026-09-10 16:12:57.896881,26.21,70.91,1008.05,3.39,0.0
2026-09-10 16:17:57.896881,25.49,81.51,1007.87,8.92,0.0
2026-09-10 16:22:57.896881,25.8,72.5,1008.12,7.98,0.0
2026-09-10 16:27:57.896881,26.93,76.63,1007.94,22.23,0.0
2026-09-10 16:32:57.896881,25.19,79.27,1007.79,11.76,0.0
2026-09-10 16:37:57.896881,24.94,77.88,1007.89,9.01,0.0
2026-09-10 16:42:57.896881,25.08,76.51,1008.54,9.99,0.0
2026-09-10 16:47:57.896881,24.58,71.66,1007.75,8.91,0.0
2026-09-10 16:52:57.896881,25.33,74.42,1007.52,4.06,0.0
2026-09-10 16:57:57.896881,26.41,77.49,1008.02,16.89,0.0
2026-09-10 17:02:57.896881,25.26,74.64,1007.73,0.84,0.0
2026-09-10 17:07:57.896881,24.69,77.69,1007.32,6.98,0.0
2026-09-10 17:12:57.896881,24.54,79.19,1008.44,5.41,0.0
2026-09-10 17:17:57.896881,23.42,80.11,1007.8,7.11,0.0
2026-09-10 17:22:57.896881,25.27,73.62,1007.81,16.63,0.0
2026-09-10 17:27:57.896881,24.39,83.96,1007.93,9.08,0.0
2026-09-10 17:32:57.896881,24.2,79.74,1008.38,10.11,0.0
2026-09-10 17:37:57.896881,26.8,77.5,1007.36,15.96,0.0
2026-09-10 17:42:57.896881,24.38,80.84,1007.93,15.15,0.0
2026-09-10 17:47:57.896881,23.44,84.73,1008.52,14.38,0.0
2026-09-10 17:52:57.896881,23.61,73.39,1007.94,10.24,2.44
2026-09-10 17:57:57.896881,24.77,77.09,1007.58,21.32,0.0
2026-09-10 18:02:57.896881,23.85,70.69,1007.75,5.25,0.0
2026-09-10 18:07:57.896881,22.52,78.47,1008.06,9.02,0.0
2026-09-10 18:12:57.896881,24.31,79.05,1008.39,7.26,0.0
2026-09-10 18:17:57.896881,22.95,77.89,1007.84,7.57,0.0
2026-09-10 18:22:57.896881,24.9,76.1,1008.3,4.68,0.0
2026-09-10 18:27:57.896881,24.18,71.97,1007.53,18.4,0.0
2026-09-10 18:32:57.896881,22.88,79.29,1007.49,15.46,0.0
2026-09-10 18:37:57.896881,24.19,82.59,1007.75,8.82,0.0
2026-09-10 18:42:57.896881,23.14,76.5,1008.45,13.77,0.0
2026-09-10 18:47:57.896881,23.69,79.65,1008.13,19.18,0.0
2026-09-10 18:52:57.896881,23.33,73.67,1008.27,27.94,0.0
2026-09-10 18:57:57.896881,22.19,79.79,1008.25,3.07,0.0
2026-09-10 19:02:57.896881,22.29,77.28,1008.62,9.28,0.0
2026-09-10 19:07:57.896881,23.56,76.22,1008.12,22.99,0.0
2026-09-10 19:12:57.896881,22.41,76.27,1008.56,38.53,0.0
2026-09-10 19:17:57.896881,22.3,77.41,1008.11,12.9,0.0
2026-09-10 19:22:57.896881,21.8,79.77,1008.96,18.04,0.0
2026-09-10 19:27:57.896881,22.85,74.72,1008.11,0.43,3.74
2026-09-10 19:32:57.896881,24.11,77.5,1008.07,13.4,0.0
2026-09-10 19:37:57.896881,21.55,78.6,1008.53,8.57,0.0
2026-09-10 19:42:57.896881,22.38,75.46,1008.41,16.84,0.0
2026-09-10 19:47:57.896881,23.45,84.18,1008.48,29.08,0.0
2026-09-10 19:52:57.896881,22.21,76.25,1008.53,10.16,0.0
2026-09-10 19:57:57.896881,22.6,76.83,1007.99,9.78,0.0
2026-09-10 20:02:57.896881,21.35,75.93,1008.82,6.39,0.0
2026-09-10 20:07:57.896881,22.51,84.28,1008.64,0.88,0.0
2026-09-10 20:12:57.896881,21.99,80.56,1008.84,6.82,0.0
2026-09-10 20:17:57.896881,22.9,76.11,1008.27,2.86,0.0
2026-09-10 20:22:57.896881,23.04,82.26,1008.56,3.18,0.0
2026-09-10 20:27:57.896881,24.14,79.56,1008.55,13.56,0.0
2026-09-10 20:32:57.896881,22.52,79.74,1008.9,3.64,0.0
2026-09-10 20:37:57.896881,22.3,77.94,1008.9,10.83,7.28
2026-09-10 20:42:57.896881,22.18,76.74,1008.62,35.64,0.0
2026-09-10 20:47:57.896881,21.73,80.0,1008.19,7.54,0.0
2026-09-10 20:52:57.896881,22.28,77.36,1009.07,3.19,0.0
2026-09-10 20:57:57.896881,21.77,84.45,1008.67,30.12,0.0
2026-09-10 21:02:57.896881,22.13,75.19,1008.39,4.54,0.0
2026-09-10 21:07:57.896881,23.06,83.61,1008.75,7.05,0.0
2026-09-10 21:12:57.896881,21.2,78.66,1008.2,20.41,0.0
2026-09-10 21:17:57.896881,22.92,79.89,1008.95,3.93,0.0
2026-09-10 21:22:57.896881,23.08,81.48,1008.15,6.56,0.0
2026-09-10 21:27:57.896881,21.94,77.09,1008.5,3.72,0.0
2026-09-10 21:32:57.896881,20.35,81.56,1008.71,20.21,0.0
2026-09-10 21:37:57.896881,21.58,70.83,1008.92,3.58,0.06
2026-09-10 21:42:57.896881,23.13,76.78,1008.64,14.87,0.0
2026-09-10 21:47:57.896881,22.1,76.15,1008.77,9.39,0.0
2026-09-10 21:52:57.896881,21.34,75.14,1008.61,6.26,0.0
2026-09-10 21:57:57.896881,21.77,78.24,1008.58,9.22,2.79
2026-09-10 22:02:57.896881,22.88,80.02,1008.61,7.14,0.0
2026-09-10 22:07:57.896881,22.68,80.95,1008.44,5.23,0.0
2026-09-10 22:12:57.896881,22.09,79.54,1007.91,1.61,0.0
2026-09-10 22:17:57.896881,22.02,76.79,1008.19,3.85,0.0
2026-09-10 22:22:57.896881,22.05,79.87,1008.43,11.74,0.0
2026-09-10 22:27:57.896881,21.67,79.1,1008.39,7.97,0.0
2026-09-10 22:32:57.896881,23.75,81.5,1008.31,14.66,0.0
2026-09-10 22:37:57.896881,22.25,80.99,1008.22,10.8,0.0
2026-09-10 22:42:57.896881,23.54,78.72,1008.06,0.49,0.0
2026-09-10 22:47:57.896881,23.84,75.9,1008.15,13.56,0.0
2026-09-10 22:52:57.896881,23.48,76.59,1008.15,3.31,0.0
2026-09-10 22:57:57.896881,22.39,76.86,1008.2,10.02,0.0
2026-09-10 23:02:57.896881,23.13,77.52,1008.26,2.18,0.0
2026-09-10 23:07:57.896881,22.85,79.22,1008.08,19.62,0.0
2026-09-10 23:12:57.896881,22.22,80.52,1007.92,17.12,0.0
2026-09-10 23:17:57.896881,23.27,78.17,1007.81,8.28,0.0
2026-09-10 23:22:57.896881,22.14,78.32,1009.07,16.65,0.0
2026-09-10 23:27:57.896881,24.11,78.66,1007.98,4.11,1.44
2026-09-10 23:32:57.896881,22.87,76.63,1008.22,5.85,0.0
2026-09-10 23:37:57.896881,23.48,75.34,1008.39,19.23,7.86
2026-09-10 23:42:57.896881,23.63,72.8,1008.33,0.22,0.0
2026-09-10 23:47:57.896881,23.28,75.92,1008.44,8.54,0.0
2026-09-10 23:52:57.896881,24.05,79.37,1008.12,12.84,8.02
2026-09-10 23:57:57.896881,23.29,75.78,1008.42,6.74,0.0
2026-09-11 00:02:57.896881,24.45,77.12,1008.44,22.97,0.0
2026-09-11 00:07:57.896881,22.77,79.17,1008.3,27.45,0.0
2026-09-11 00:12:57.896881,24.05,79.26,1008.44,13.53,0.0
2026-09-11 00:17:57.896881,25.6,74.4,1008.64,3.33,0.0
2026-09-11 00:22:57.896881,23.34,80.56,1008.28,16.87,0.0
2026-09-11 00:27:57.896881,23.7,80.89,1008.22,34.52,0.0
2026-09-11 00:32:57.896881,24.76,74.05,1008.57,10.4,0.0
2026-09-11 00:37:57.896881,24.6,74.89,1008.46,8.88,0.0
2026-09-11 00:42:57.896881,24.84,80.87,1008.68,4.38,0.0
2026-09-11 00:47:57.896881,25.06,76.78,1007.71,12.35,0.0
2026-09-11 00:52:57.896881,25.28,70.49,1008.42,9.11,0.0
2026-09-11 00:57:57.896881,25.78,72.88,1008.41,0.72,0.0
2026-09-11 01:02:57.896881,25.33,76.25,1007.99,16.13,0.0
2026-09-11 01:07:57.896881,24.92,73.43,1008.37,2.96,0.0
2026-09-11 01:12:57.896881,25.77,75.61,1008.57,38.52,0.0
2026-09-11 01:17:57.896881,26.87,76.87,1008.04,10.93,0.0
2026-09-11 01:22:57.896881,25.36,81.08,1008.48,8.31,0.0
2026-09-11 01:27:57.896881,24.8,75.74,1008.6,10.55,0.0
2026-09-11 01:32:57.896881,26.59,79.75,1008.12,10.05,0.0
2026-09-11 01:37:57.896881,25.73,80.74,1008.4,7.15,0.0
2026-09-11 01:42:57.896881,24.21,80.67,1008.59,1.95,0.0
2026-09-11 01:47:57.896881,26.75,77.14,1008.27,23.32,1.7
2026-09-11 01:52:57.896881,25.77,70.31,1008.28,10.44,0.0
2026-09-11 01:57:57.896881,26.25,77.5,1008.42,20.35,0.0
2026-09-11 02:02:57.896881,26.71,79.18,1008.72,2.26,0.0
2026-09-11 02:07:57.896881,26.73,75.71,1008.63,5.04,1.14
2026-09-11 02:12:57.896881,27.27,81.1,1008.14,6.66,0.0
2026-09-11 02:17:57.896881,26.48,78.36,1008.68,3.43,0.0
2026-09-11 02:22:57.896881,27.37,77.4,1008.22,16.11,5.53
2026-09-11 02:27:57.896881,26.88,78.87,1007.94,8.04,0.0
2026-09-11 02:32:57.896881,27.81,76.52,1008.3,12.1,0.0
2026-09-11 02:37:57.896881,27.84,67.96,1008.68,5.76,0.0
2026-09-11 02:42:57.896881,26.73,73.85,1008.61,20.95,0.0
2026-09-11 02:47:57.896881,28.48,78.85,1008.38,17.5,0.0
2026-09-11 02:52:57.896881,27.31,72.75,1008.28,15.75,6.11
2026-09-11 02:57:57.896881,28.52,74.42,1008.35,10.91,0.0
2026-09-11 03:02:57.896881,28.29,71.87,1008.48,23.33,0.0
2026-09-11 03:07:57.896881,29.6,80.26,1008.15,17.65,0.0
2026-09-11 03:12:57.896881,28.08,79.87,1008.32,9.33,0.0
2026-09-11 03:17:57.896881,28.11,72.09,1008.48,6.27,0.0
2026-09-11 03:22:57.896881,28.51,75.09,1008.19,8.01,0.0
2026-09-11 03:27:57.896881,28.41,72.52,1008.33,13.99,3.04
2026-09-11 03:32:57.896881,29.42,76.32,1008.67,2.24,0.0
2026-09-11 03:37:57.896881,27.62,75.92,1008.54,4.84,0.0
2026-09-11 03:42:57.896881,28.2,76.74,1008.43,23.09,0.0
2026-09-11 03:47:57.896881,28.32,75.22,1008.34,19.61,0.0
2026-09-11 03:52:57.896881,30.06,82.94,1009.03,8.06,0.0
2026-09-11 03:57:57.896881,30.79,70.97,1008.31,45.0,0.0
2026-09-11 04:02:57.896881,29.47,68.83,1008.64,16.96,0.0
2026-09-11 04:07:57.896881,29.54,72.7,1008.41,10.52,0.0
2026-09-11 04:12:57.896881,29.86,69.09,1008.56,19.86,0.0
2026-09-11 04:17:57.896881,30.86,69.24,1008.68,6.05,0.0
2026-09-11 04:22:57.896881,29.31,70.63,1008.18,5.25,0.0
2026-09-11 04:27:57.896881,30.37,70.78,1008.62,9.05,0.0
2026-09-11 04:32:57.896881,31.08,70.61,1009.0,10.13,0.0
2026-09-11 04:37:57.896881,30.82,74.94,1009.02,5.26,0.0
2026-09-11 04:42:57.896881,30.69,71.79,1008.46,25.27,0.0
2026-09-11 04:47:57.896881,31.45,72.69,1008.43,7.47,0.0
2026-09-11 04:52:57.896881,28.61,75.84,1009.12,1.71,0.0
2026-09-11 04:57:57.896881,31.43,70.78,1008.87,10.93,0.0
2026-09-11 05:02:57.896881,30.48,72.21,1008.3,8.49,0.0
2026-09-11 05:07:57.896881,29.65,74.02,1008.28,18.31,0.0
2026-09-11 05:12:57.896881,31.63,67.03,1008.72,6.11,0.0
2026-09-11 05:17:57.896881,32.43,65.62,1008.2,16.22,0.0
2026-09-11 05:22:57.896881,31.33,73.74,1008.83,12.2,0.0
2026-09-11 05:27:57.896881,32.31,74.11,1008.69,20.69,0.0
2026-09-11 05:32:57.896881,32.94,78.76,1008.77,10.86,0.0
2026-09-11 05:37:57.896881,32.81,72.97,1008.55,5.03,0.0
2026-09-11 05:42:57.896881,33.17,74.89,1008.44,12.66,0.0
2026-09-11 05:47:57.896881,32.55,71.78,1009.11,3.86,0.0
2026-09-11 05:52:57.896881,32.11,73.19,1008.51,1.03,0.0
2026-09-11 05:57:57.896881,30.87,77.24,1008.46,5.38,0.0
2026-09-11 06:02:57.896881,32.05,65.8,1008.56,21.61,0.0
2026-09-11 06:07:57.896881,31.66,73.35,1008.68,32.34,0.0
2026-09-11 06:12:57.896881,34.16,78.46,1008.3,2.21,0.0
2026-09-11 06:17:57.896881,32.37,72.84,1008.39,19.13,0.0
2026-09-11 06:22:57.896881,32.69,76.89,1008.37,28.83,0.0
2026-09-11 06:27:57.896881,33.12,69.99,1008.76,3.75,0.0
2026-09-11 06:32:57.896881,32.8,71.73,1008.14,25.45,0.0
2026-09-11 06:37:57.896881,34.19,71.87,1007.92,3.03,0.0
2026-09-11 06:42:57.896881,32.42,65.07,1007.88,9.08,0.0
2026-09-11 06:47:57.896881,33.14,68.17,1008.05,13.29,6.45
2026-09-11 06:52:57.896881,32.47,68.34,1008.97,4.05,0.0
2026-09-11 06:57:57.896881,32.07,74.05,1008.53,24.41,0.0
2026-09-11 07:02:57.896881,32.71,74.15,1008.61,9.82,0.0
2026-09-11 07:07:57.896881,33.23,72.47,1008.61,17.91,0.0
2026-09-11 07:12:57.896881,32.98,73.92,1008.45,4.28,0.0
2026-09-11 07:17:57.896881,32.83,70.92,1008.37,33.61,0.0
2026-09-11 07:22:57.896881,32.31,74.98,1008.7,14.48,0.0
2026-09-11 07:27:57.896881,33.43,71.37,1008.4,14.04,0.0
2026-09-11 07:32:57.896881,32.34,71.48,1008.69,13.11,0.0
2026-09-11 07:37:57.896881,34.2,70.48,1008.43,14.19,0.0
2026-09-11 07:42:57.896881,33.7,73.29,1008.0,16.71,0.0
2026-09-11 07:47:57.896881,32.52,69.95,1008.05,7.49,0.0
2026-09-11 07:52:57.896881,33.47,74.11,1007.95,2.85,0.0
2026-09-11 07:57:57.896881,33.16,67.76,1008.59,2.99,0.0
2026-09-11 08:02:57.896881,34.05,67.84,1008.18,10.48,0.0
2026-09-11 08:07:57.896881,34.9,73.18,1008.1,29.41,0.0
2026-09-11 08:12:57.896881,32.36,70.83,1008.35,9.03,0.0
2026-09-11 08:17:57.896881,33.98,69.72,1008.3,22.38,0.0
2026-09-11 08:22:57.896881,33.78,73.73,1008.5,9.35,0.51
2026-09-11 08:27:57.896881,34.47,69.22,1008.98,27.14,0.0
2026-09-11 08:32:57.896881,34.12,70.43,1008.75,13.93,0.0
2026-09-11 08:37:57.896881,33.36,75.22,1008.46,12.48,0.0
2026-09-11 08:42:57.896881,33.72,75.63,1007.94,20.92,0.0
2026-09-11 08:47:57.896881,33.35,75.73,1008.17,13.81,0.0
2026-09-11 08:52:57.896881,34.86,70.16,1008.62,16.21,0.0
2026-09-11 08:57:57.896881,34.02,74.69,1007.98,10.32,0.0
2026-09-11 09:02:57.896881,35.52,68.15,1008.97,13.1,0.0
2026-09-11 09:07:57.896881,33.95,68.28,1008.34,3.27,0.0
2026-09-11 09:12:57.896881,33.43,63.95,1008.32,24.2,0.0
2026-09-11 09:17:57.896881,32.78,76.03,1008.09,24.75,0.0
2026-09-11 09:22:57.896881,32.53,68.42,1008.44,7.8,0.0
2026-09-11 09:27:57.896881,32.7,70.64,1007.91,9.61,0.0
2026-09-11 09:32:57.896881,34.16,68.3,1008.84,33.1,0.0
2026-09-11 09:37:57.896881,34.34,73.13,1008.6,7.98,0.0
2026-09-11 09:42:57.896881,32.64,69.93,1008.55,17.44,0.0
2026-09-11 09:47:57.896881,34.6,67.16,1007.88,11.88,0.0
2026-09-11 09:52:57.896881,33.47,72.42,1008.32,2.41,0.0
2026-09-11 09:57:57.896881,33.95,66.81,1008.56,14.34,0.0
2026-09-11 10:02:57.896881,35.09,68.62,1008.36,23.8,0.0
2026-09-11 10:07:57.896881,34.48,64.84,1007.96,8.65,0.0
2026-09-11 10:12:57.896881,33.51,66.91,1008.1,3.45,0.0
2026-09-11 10:17:57.896881,32.97,71.75,1008.19,18.51,0.0
2026-09-11 10:22:57.896881,31.92,65.35,1008.19,2.52,0.0
2026-09-11 10:27:57.896881,33.02,66.83,1008.85,2.7,0.0
2026-09-11 10:32:57.896881,33.37,71.3,1007.82,34.23,0.0
2026-09-11 10:37:57.896881,32.7,69.71,1008.63,21.32,0.0
2026-09-11 10:42:57.896881,33.33,77.35,1008.02,10.81,0.0
2026-09-11 10:47:57.896881,33.44,76.91,1008.04,14.67,0.0
2026-09-11 10:52:57.896881,33.14,68.85,1007.77,4.54,6.96
2026-09-11 10:57:57.896881,32.74,73.16,1008.27,11.75,0.46
2026-09-11 11:02:57.896881,33.33,73.78,1008.83,3.8,0.0
2026-09-11 11:07:57.896881,33.48,69.79,1008.5,3.69,0.0
2026-09-11 11:12:57.896881,32.19,67.14,1008.14,19.16,0.0
2026-09-11 11:17:57.896881,34.12,71.64,1008.81,7.06,0.0
2026-09-11 11:22:57.896881,32.84,71.2,1008.83,6.14,0.0
2026-09-11 11:27:57.896881,32.85,70.47,1008.5,13.65,0.0
2026-09-11 11:32:57.896881,33.33,73.15,1009.05,5.93,0.0
2026-09-11 11:37:57.896881,32.87,69.63,1008.65,8.46,0.0
2026-09-11 11:42:57.896881,33.36,68.48,1008.63,30.97,0.0
2026-09-11 11:47:57.896881,32.74,72.32,1008.11,2.68,0.0
2026-09-11 11:52:57.896881,31.93,73.21,1008.46,27.71,0.0
2026-09-11 11:57:57.896881,32.62,68.58,1008.34,45.0,0.0
2026-09-11 12:02:57.896881,31.33,74.96,1008.43,2.89,0.0
2026-09-11 12:07:57.896881,32.24,66.92,1008.09,3.34,0.0
2026-09-11 12:12:57.896881,32.03,70.56,1008.43,15.56,0.47
2026-09-11 12:17:57.896881,31.79,71.59,1008.15,11.01,0.0
2026-09-11 12:22:57.896881,31.75,70.52,1007.78,5.25,0.0
2026-09-11 12:27:57.896881,30.25,70.8,1008.67,24.32,0.0
2026-09-11 12:32:57.896881,31.21,78.18,1007.96,7.52,0.0
2026-09-11 12:37:57.896881,31.62,70.08,1008.42,12.41,0.0
2026-09-11 12:42:57.896881,31.57,80.03,1008.49,17.11,0.0
2026-09-11 12:47:57.896881,30.51,74.09,1008.48,14.58,0.0
2026-09-11 12:52:57.896881,32.24,73.13,1008.35,10.22,0.0
2026-09-11 12:57:57.896881,30.42,74.35,1008.45,17.68,0.0
2026-09-11 13:02:57.896881,31.78,80.59,1008.4,2.29,0.0
2026-09-11 13:07:57.896881,31.23,70.1,1008.47,21.24,0.0
2026-09-11 13:12:57.896881,30.25,69.79,1008.79,7.98,0.0
2026-09-11 13:17:57.896881,32.07,70.97,1008.35,16.19,0.0
2026-09-11 13:22:57.896881,29.58,73.41,1008.36,9.89,0.0
2026-09-11 13:27:57.896881,31.15,68.21,1008.09,6.16,0.0
2026-09-11 13:32:57.896881,31.1,73.54,1008.46,9.3,0.0
2026-09-11 13:37:57.896881,29.64,78.63,1008.42,12.68,0.0
2026-09-11 13:42:57.896881,31.17,74.09,1008.15,14.24,0.0
2026-09-11 13:47:57.896881,29.73,72.84,1008.42,12.85,0.0
2026-09-11 13:52:57.896881,30.04,71.94,1008.15,5.78,0.0
2026-09-11 13:57:57.896881,29.89,76.58,1008.44,4.14,0.0
2026-09-11 14:02:57.896881,29.45,71.49,1008.53,4.52,0.0
2026-09-11 14:07:57.896881,30.07,79.59,1008.48,8.39,0.0
2026-09-11 14:12:57.896881,29.93,79.93,1008.27,16.01,0.0
2026-09-11 14:17:57.896881,27.77,74.99,1008.01,16.81,0.0
2026-09-11 14:22:57.896881,30.09,74.27,1008.13,6.43,0.0
2026-09-11 14:27:57.896881,27.58,77.48,1008.43,10.26,0.0
2026-09-11 14:32:57.896881,29.61,77.76,1008.99,2.53,0.0
2026-09-11 14:37:57.896881,29.55,72.15,1008.04,7.5,0.0
2026-09-11 14:42:57.896881,27.65,73.07,1008.29,6.4,0.0
2026-09-11 14:47:57.896881,28.06,70.77,1008.01,5.17,0.0
2026-09-11 14:52:57.896881,27.38,76.05,1007.97,11.12,0.0
2026-09-11 14:57:57.896881,27.96,76.91,1008.05,31.67,0.0
2026-09-11 15:02:57.896881,27.75,70.95,1007.65,10.69,0.0
2026-09-11 15:07:57.896881,28.49,73.72,1008.64,22.34,0.0
2026-09-11 15:12:57.896881,28.79,71.13,1007.54,19.15,0.0
2026-09-11 15:17:57.896881,28.72,72.57,1008.06,6.68,0.0
2026-09-11 15:22:57.896881,27.03,77.0,1007.77,17.78,0.0
2026-09-11 15:27:57.896881,27.18,73.24,1007.85,32.9,0.0
2026-09-11 15:32:57.896881,25.87,74.62,1008.54,3.37,0.0
2026-09-11 15:37:57.896881,26.44,70.73,1008.16,19.14,0.0
2026-09-11 15:42:57.896881,27.73,76.26,1007.81,9.68,0.0
2026-09-11 15:47:57.896881,28.12,75.65,1007.91,5.81,0.0
2026-09-11 15:52:57.896881,25.71,73.68,1007.84,13.62,0.0
2026-09-11 15:57:57.896881,26.1,75.38,1008.06,13.89,0.0
2026-09-11 16:02:57.896881,26.43,76.58,1008.12,44.03,0.0
2026-09-11 16:07:57.896881,26.55,73.67,1008.68,6.01,0.0
2026-09-11 16:12:57.896881,25.55,71.77,1007.53,10.68,0.0
2026-09-11 16:17:57.896881,26.41,81.7,1008.08,10.53,0.0
2026-09-11 16:22:57.896881,25.57,74.47,1007.98,5.98,0.0
2026-09-11 16:27:57.896881,25.81,76.16,1008.33,4.61,0.0
2026-09-11 16:32:57.896881,26.14,79.56,1008.13,7.37,0.0
2026-09-11 16:37:57.896881,25.59,87.2,1008.3,9.42,0.0
2026-09-11 16:42:57.896881,25.12,72.96,1008.18,4.34,0.0
2026-09-11 16:47:57.896881,25.26,78.12,1007.79,19.91,0.0
2026-09-11 16:52:57.896881,25.16,74.72,1008.41,14.9,0.0
2026-09-11 16:57:57.896881,24.82,75.31,1008.27,3.46,0.0
2026-09-11 17:02:57.896881,24.79,74.84,1008.29,7.26,0.0
2026-09-11 17:07:57.896881,26.17,73.7,1008.41,11.29,0.0
2026-09-11 17:12:57.896881,25.22,77.03,1008.07,17.08,0.0
2026-09-11 17:17:57.896881,24.43,72.8,1008.44,9.47,0.0
2026-09-11 17:22:57.896881,25.12,80.13,1008.14,16.4,0.0
2026-09-11 17:27:57.896881,24.19,77.53,1007.9,13.06,0.0
2026-09-11 17:32:57.896881,25.29,78.7,1007.85,17.78,0.0
2026-09-11 17:37:57.896881,24.54,76.11,1007.8,5.35,0.0
2026-09-11 17:42:57.896881,24.06,76.47,1007.64,15.23,0.0
2026-09-11 17:47:57.896881,24.4,78.5,1008.41,9.71,0.0
2026-09-11 17:52:57.896881,22.69,74.21,1008.04,21.9,0.0
2026-09-11 17:57:57.896881,22.95,76.69,1007.89,5.24,0.0
2026-09-11 18:02:57.896881,22.8,75.25,1007.94,13.24,0.0
2026-09-11 18:07:57.896881,23.78,75.22,1008.72,10.74,0.0
2026-09-11 18:12:57.896881,24.96,71.62,1007.5,8.96,0.0
2026-09-11 18:17:57.896881,25.27,82.03,1007.52,7.54,0.0
2026-09-11 18:22:57.896881,23.91,76.0,1007.35,8.0,0.0
2026-09-11 18:27:57.896881,23.72,81.61,1007.66,30.18,0.0
2026-09-11 18:32:57.896881,21.8,81.38,1007.75,8.76,0.0
2026-09-11 18:37:57.896881,22.73,74.37,1007.54,28.7,0.0
2026-09-11 18:42:57.896881,22.45,75.01,1007.56,8.96,0.0
2026-09-11 18:47:57.896881,22.51,86.01,1007.81,11.6,0.0
2026-09-11 18:52:57.896881,22.81,83.63,1007.64,10.22,0.0
2026-09-11 18:57:57.896881,22.49,78.33,1007.86,29.82,0.34
2026-09-11 19:02:57.896881,21.22,79.24,1008.14,18.4,0.0
2026-09-11 19:07:57.896881,23.34,76.61,1008.02,6.98,0.0
2026-09-11 19:12:57.896881,21.82,79.85,1008.09,2.67,0.0
2026-09-11 19:17:57.896881,22.81,76.44,1008.12,7.12,0.0
2026-09-11 19:22:57.896881,24.22,72.53,1007.86,24.65,0.0
2026-09-11 19:27:57.896881,21.77,74.7,1007.73,3.69,0.0
2026-09-11 19:32:57.896881,20.43,78.76,1007.67,2.8,0.0
2026-09-11 19:37:57.896881,22.18,75.33,1007.79,5.88,0.0
2026-09-11 19:42:57.896881,23.24,78.56,1007.72,4.31,0.0
2026-09-11 19:47:57.896881,23.89,75.56,1008.06,4.95,0.0
2026-09-11 19:52:57.896881,21.29,76.47,1007.92,1.58,0.0
2026-09-11 19:57:57.896881,22.64,81.4,1008.13,11.75,0.0
2026-09-11 20:02:57.896881,21.83,79.61,1007.56,13.52,0.0
2026-09-11 20:07:57.896881,22.09,78.86,1008.38,8.73,0.0
2026-09-11 20:12:57.896881,24.26,81.54,1007.8,2.71,0.0
2026-09-11 20:17:57.896881,20.91,80.36,1007.61,5.91,0.0
2026-09-11 20:22:57.896881,22.29,83.28,1007.85,13.21,0.0
2026-09-11 20:27:57.896881,22.44,77.57,1008.7,14.54,0.0
2026-09-11 20:32:57.896881,22.92,77.68,1007.81,1.65,0.0
2026-09-11 20:37:57.896881,22.11,75.07,1007.91,10.46,0.0
2026-09-11 20:42:57.896881,22.27,77.7,1008.0,5.51,0.0
2026-09-11 20:47:57.896881,21.7,81.89,1008.05,9.95,0.0
2026-09-11 20:52:57.896881,22.22,82.9,1007.9,2.94,0.0
2026-09-11 20:57:57.896881,21.73,81.88,1008.2,1.97,0.55
2026-09-11 21:02:57.896881,22.5,73.62,1008.58,8.55,0.0
2026-09-11 21:07:57.896881,21.71,82.25,1008.35,9.18,0.0
2026-09-11 21:12:57.896881,22.31,73.48,1007.96,4.74,0.0
2026-09-11 21:17:57.896881,21.99,81.69,1008.11,27.06,0.0
2026-09-11 21:22:57.896881,22.92,77.88,1008.01,5.38,0.0
2026-09-11 21:27:57.896881,21.99,81.08,1008.13,5.29,0.0
2026-09-11 21:32:57.896881,20.63,74.97,1008.58,10.19,0.0
2026-09-11 21:37:57.896881,23.08,82.47,1008.01,9.23,0.0
2026-09-11 21:42:57.896881,21.37,74.54,1008.0,5.4,0.0
2026-09-11 21:47:57.896881,21.59,76.92,1008.41,13.45,2.14
2026-09-11 21:52:57.896881,21.67,75.91,1008.1,13.37,0.0
2026-09-11 21:57:57.896881,23.27,73.62,1007.99,10.35,0.0
2026-09-11 22:02:57.896881,20.5,79.15,1008.47,11.68,0.0
2026-09-11 22:07:57.896881,24.75,84.26,1008.05,9.69,0.0
2026-09-11 22:12:57.896881,23.12,86.82,1007.27,9.27,0.0
2026-09-11 22:17:57.896881,22.5,79.08,1008.17,2.99,0.0
2026-09-11 22:22:57.896881,22.32,82.11,1007.44,10.78,0.0
2026-09-11 22:27:57.896881,22.64,79.42,1008.05,18.63,0.0
2026-09-11 22:32:57.896881,22.87,80.19,1007.34,11.69,0.0
2026-09-11 22:37:57.896881,23.02,77.63,1007.67,7.84,1.52
2026-09-11 22:42:57.896881,23.01,79.21,1007.66,18.06,0.0
2026-09-11 22:47:57.896881,22.69,80.2,1007.54,11.7,0.0
2026-09-11 22:52:57.896881,22.52,76.81,1007.67,5.34,0.0
2026-09-11 22:57:57.896881,22.62,78.27,1008.16,18.02,0.0
2026-09-11 23:02:57.896881,22.65,78.29,1007.66,6.69,0.0
2026-09-11 23:07:57.896881,23.78,80.9,1007.9,3.86,3.99
2026-09-11 23:12:57.896881,23.41,75.18,1007.46,4.8,0.0
2026-09-11 23:17:57.896881,20.66,78.17,1007.62,6.19,0.0
2026-09-11 23:22:57.896881,23.61,84.01,1007.72,2.83,0.0
2026-09-11 23:27:57.896881,23.32,81.72,1007.29,23.33,0.0
2026-09-11 23:32:57.896881,23.22,82.22,1007.16,1.88,0.0
2026-09-11 23:37:57.896881,23.01,78.19,1007.63,14.63,0.0
2026-09-11 23:42:57.896881,24.3,79.03,1007.83,12.13,0.0
2026-09-11 23:47:57.896881,24.25,81.01,1007.4,11.55,0.0
2026-09-11 23:52:57.896881,22.96,82.63,1007.31,13.35,0.0
2026-09-11 23:57:57.896881,23.99,72.03,1007.6,8.46,4.14
2026-09-12 00:02:57.896881,22.98,73.88,1007.5,14.68,0.81
2026-09-12 00:07:57.896881,22.75,81.69,1007.55,9.06,0.0
2026-09-12 00:12:57.896881,23.45,76.87,1006.59,7.22,0.0
2026-09-12 00:17:57.896881,24.73,75.62,1007.01,3.16,0.0
2026-09-12 00:22:57.896881,24.91,73.81,1007.11,12.5,0.0
2026-09-12 00:27:57.896881,24.65,75.84,1007.45,12.67,0.0
2026-09-12 00:32:57.896881,24.93,73.23,1007.46,9.68,0.0
2026-09-12 00:37:57.896881,24.87,83.64,1007.64,16.89,0.0
2026-09-12 00:42:57.896881,24.05,77.23,1007.65,21.24,0.0
2026-09-12 00:47:57.896881,25.01,77.05,1007.27,6.43,0.0
2026-09-12 00:52:57.896881,25.42,78.91,1008.07,15.06,0.0
2026-09-12 00:57:57.896881,25.49,79.96,1007.94,3.11,0.0
2026-09-12 01:02:57.896881,25.95,79.84,1007.17,10.21,0.0
2026-09-12 01:07:57.896881,25.68,80.14,1007.6,8.52,0.0
2026-09-12 01:12:57.896881,25.51,74.95,1007.34,17.22,0.0
2026-09-12 01:17:57.896881,26.2,75.88,1007.5,6.85,0.0
2026-09-12 01:22:57.896881,25.44,79.0,1007.77,22.0,0.0
2026-09-12 01:27:57.896881,24.88,75.03,1008.14,8.14,0.0
2026-09-12 01:32:57.896881,25.57,76.52,1007.72,3.16,0.0
2026-09-12 01:37:57.896881,25.23,77.65,1007.53,2.09,0.0
2026-09-12 01:42:57.896881,25.41,78.72,1007.4,16.13,0.0
2026-09-12 01:47:57.896881,25.96,70.95,1007.46,2.83,0.0
2026-09-12 01:52:57.896881,25.56,78.35,1007.8,13.76,0.0
2026-09-12 01:57:57.896881,26.07,75.42,1007.38,15.91,0.0
2026-09-12 02:02:57.896881,24.93,78.16,1007.13,5.26,0.0
2026-09-12 02:07:57.896881,26.74,78.28,1006.92,11.93,0.0
2026-09-12 02:12:57.896881,26.7,80.69,1007.59,26.95,0.0
2026-09-12 02:17:57.896881,26.18,79.84,1007.5,8.67,0.0
2026-09-12 02:22:57.896881,27.49,79.73,1007.22,2.33,0.0
2026-09-12 02:27:57.896881,27.84,79.94,1007.7,5.99,0.0
2026-09-12 02:32:57.896881,25.93,76.4,1007.23,29.25,0.86
2026-09-12 02:37:57.896881,26.74,75.53,1007.36,16.8,0.0
2026-09-12 02:42:57.896881,26.86,77.97,1007.36,3.54,0.0
2026-09-12 02:47:57.896881,26.86,77.46,1007.3,20.87,0.0
2026-09-12 02:52:57.896881,28.4,74.25,1007.48,21.67,0.0
2026-09-12 02:57:57.896881,27.71,76.3,1007.73,6.92,0.0
2026-09-12 03:02:57.896881,27.79,74.89,1007.07,3.05,0.0
2026-09-12 03:07:57.896881,26.53,72.35,1007.53,19.65,0.0
2026-09-12 03:12:57.896881,28.77,78.7,1007.46,31.78,0.0
2026-09-12 03:17:57.896881,27.4,74.9,1007.47,5.38,0.0
2026-09-12 03:22:57.896881,28.57,80.8,1007.65,16.13,0.0
2026-09-12 03:27:57.896881,28.88,69.69,1007.43,5.5,0.0
2026-09-12 03:32:57.896881,29.87,72.81,1007.59,5.3,0.0
2026-09-12 03:37:57.896881,27.87,74.49,1007.72,11.95,0.0
2026-09-12 03:42:57.896881,26.63,77.72,1007.4,4.8,0.0
2026-09-12 03:47:57.896881,29.32,75.42,1007.67,9.46,0.0
2026-09-12 03:52:57.896881,30.74,75.07,1007.44,22.15,0.0
2026-09-12 03:57:57.896881,30.42,70.67,1007.6,2.53,0.0
2026-09-12 04:02:57.896881,29.72,70.49,1007.48,17.59,0.0
2026-09-12 04:07:57.896881,29.29,74.85,1007.76,11.28,0.0
2026-09-12 04:12:57.896881,30.45,69.7,1007.67,13.47,0.0
2026-09-12 04:17:57.896881,29.15,72.12,1007.7,10.51,0.0
2026-09-12 04:22:57.896881,30.43,75.13,1007.57,24.22,0.0
2026-09-12 04:27:57.896881,30.58,70.6,1007.09,12.94,0.0
2026-09-12 04:32:57.896881,31.14,78.29,1007.65,7.41,0.0
2026-09-12 04:37:57.896881,32.62,77.06,1007.62,11.31,0.0
2026-09-12 04:42:57.896881,30.85,68.6,1007.66,7.09,0.0
2026-09-12 04:47:57.896881,30.25,70.43,1007.29,5.62,0.0
2026-09-12 04:52:57.896881,30.75,66.3,1007.2,20.71,0.0
2026-09-12 04:57:57.896881,29.47,70.73,1007.69,7.12,0.0
2026-09-12 05:02:57.896881,30.44,75.3,1007.44,1.95,0.0
2026-09-12 05:07:57.896881,30.79,71.68,1007.57,13.58,0.0
2026-09-12 05:12:57.896881,30.8,74.23,1007.43,7.45,5.14
2026-09-12 05:17:57.896881,31.46,68.21,1007.55,27.36,0.0
2026-09-12 05:22:57.896881,30.78,75.1,1007.5,15.2,0.0
2026-09-12 05:27:57.896881,32.44,70.97,1007.36,26.46,0.0
2026-09-12 05:32:57.896881,31.65,72.6,1007.82,17.32,0.0
2026-09-12 05:37:57.896881,31.75,72.22,1007.52,21.09,0.0
2026-09-12 05:42:57.896881,31.59,68.61,1007.8,13.05,0.0
2026-09-12 05:47:57.896881,32.08,68.9,1007.85,18.12,0.0
2026-09-12 05:52:57.896881,32.71,75.2,1007.6,4.98,0.0
2026-09-12 05:57:57.896881,31.46,73.43,1007.47,17.26,0.0
2026-09-12 06:02:57.896881,31.72,75.32,1008.62,3.0,0.0
2026-09-12 06:07:57.896881,32.09,73.08,1007.7,9.49,0.0
2026-09-12 06:12:57.896881,31.35,72.48,1008.03,6.22,0.0
2026-09-12 06:17:57.896881,31.86,66.81,1008.44,12.01,0.0
2026-09-12 06:22:57.896881,32.22,71.12,1008.03,6.97,0.0
2026-09-12 06:27:57.896881,33.38,71.8,1007.78,3.11,0.0
2026-09-12 06:32:57.896881,32.97,77.69,1007.85,2.84,0.0
2026-09-12 06:37:57.896881,32.99,73.84,1007.63,3.37,0.0
2026-09-12 06:42:57.896881,33.6,76.33,1008.12,12.24,0.0
2026-09-12 06:47:57.896881,32.88,73.47,1007.96,12.58,0.0
2026-09-12 06:52:57.896881,33.37,69.49,1007.6,6.95,0.0
2026-09-12 06:57:57.896881,33.05,71.93,1007.46,13.91,0.0
2026-09-12 07:02:57.896881,33.41,72.24,1007.41,8.78,4.39
2026-09-12 07:07:57.896881,32.79,68.68,1008.11,13.2,0.0
2026-09-12 07:12:57.896881,31.37,70.3,1007.86,9.94,0.0
2026-09-12 07:17:57.896881,33.27,70.8,1007.88,17.72,0.0
2026-09-12 07:22:57.896881,34.58,76.19,1007.59,4.9,0.0
2026-09-12 07:27:57.896881,34.23,65.1,1007.47,1.6,0.0
2026-09-12 07:32:57.896881,34.32,74.92,1008.23,8.85,0.0
2026-09-12 07:37:57.896881,34.58,68.46,1008.0,10.73,0.0
2026-09-12 07:42:57.896881,33.71,67.12,1008.27,3.99,0.0
2026-09-12 07:47:57.896881,33.84,74.75,1007.81,4.63,0.0
2026-09-12 07:52:57.896881,33.23,73.38,1007.8,14.91,0.0
2026-09-12 07:57:57.896881,33.51,74.92,1008.11,15.19,0.0
2026-09-12 08:02:57.896881,34.29,73.54,1008.12,8.55,0.0
2026-09-12 08:07:57.896881,34.79,77.29,1008.16,2.21,0.0
2026-09-12 08:12:57.896881,33.75,72.77,1007.91,14.51,2.16
2026-09-12 08:17:57.896881,33.52,70.61,1008.22,10.64,0.0
2026-09-12 08:22:57.896881,33.91,72.09,1008.43,6.32,0.0
2026-09-12 08:27:57.896881,34.41,74.78,1008.07,19.02,0.0
2026-09-12 08:32:57.896881,32.79,68.7,1007.91,0.78,1.62
2026-09-12 08:37:57.896881,32.13,69.07,1008.47,9.51,0.0
2026-09-12 08:42:57.896881,33.54,70.09,1007.83,14.64,0.0
2026-09-12 08:47:57.896881,33.01,64.69,1008.29,3.02,0.0
2026-09-12 08:52:57.896881,33.59,71.42,1008.12,2.73,0.0
2026-09-12 08:57:57.896881,33.88,65.34,1007.61,29.01,0.0
2026-09-12 09:02:57.896881,33.64,71.16,1008.57,15.06,0.0
2026-09-12 09:07:57.896881,35.16,73.6,1007.3,24.34,0.0
2026-09-12 09:12:57.896881,34.26,69.57,1007.56,18.1,0.0
2026-09-12 09:17:57.896881,34.23,76.04,1008.25,12.4,0.0
2026-09-12 09:22:57.896881,34.47,66.63,1008.25,31.56,0.0
2026-09-12 09:27:57.896881,33.05,74.6,1007.88,11.45,0.0
2026-09-12 09:32:57.896881,34.78,73.06,1008.15,8.94,0.0
2026-09-12 09:37:57.896881,33.87,65.9,1007.36,18.11,0.0
2026-09-12 09:42:57.896881,34.45,79.19,1008.4,19.25,0.0
2026-09-12 09:47:57.896881,33.03,70.89,1008.23,13.7,0.0
2026-09-12 09:52:57.896881,32.61,68.46,1008.18,6.31,0.0
2026-09-12 09:57:57.896881,34.48,66.89,1008.21,18.06,0.0
2026-09-12 10:02:57.896881,34.1,70.48,1008.27,6.21,0.25
2026-09-12 10:07:57.896881,33.04,70.78,1008.06,10.18,0.0
2026-09-12 10:12:57.896881,33.03,71.49,1007.5,4.62,0.0
2026-09-12 10:17:57.896881,34.58,70.32,1008.78,4.89,0.0
2026-09-12 10:22:57.896881,32.69,73.14,1008.5,8.74,0.0
2026-09-12 10:27:57.896881,34.91,70.11,1007.7,12.68,0.0
2026-09-12 10:32:57.896881,32.82,65.5,1007.97,30.79,0.0
2026-09-12 10:37:57.896881,34.0,70.89,1008.11,5.78,0.0
2026-09-12 10:42:57.896881,33.17,64.27,1008.51,10.46,0.0
2026-09-12 10:47:57.896881,33.86,72.47,1007.52,9.1,0.0
2026-09-12 10:52:57.896881,32.89,68.51,1008.04,13.04,0.0
2026-09-12 10:57:57.896881,33.13,71.98,1007.7,7.76,0.0
2026-09-12 11:02:57.896881,33.23,75.48,1008.12,15.26,0.0
2026-09-12 11:07:57.896881,32.33,68.73,1008.09,4.36,0.0
2026-09-12 11:12:57.896881,33.65,74.81,1008.24,9.79,0.0
2026-09-12 11:17:57.896881,32.58,70.37,1008.07,12.54,0.0
2026-09-12 11:22:57.896881,32.73,76.98,1008.04,20.01,0.0
2026-09-12 11:27:57.896881,32.04,70.68,1008.47,15.46,0.0
2026-09-12 11:32:57.896881,30.71,69.31,1008.38,9.62,0.0
2026-09-12 11:37:57.896881,32.53,73.94,1008.37,4.89,0.0
2026-09-12 11:42:57.896881,34.53,70.63,1008.2,33.3,3.11
2026-09-12 11:47:57.896881,33.14,69.47,1008.08,5.49,0.0
2026-09-12 11:52:57.896881,32.41,70.62,1008.23,3.29,0.0
2026-09-12 11:57:57.896881,32.12,71.98,1008.4,5.98,0.0
2026-09-12 12:02:57.896881,32.26,76.2,1007.64,2.69,0.0
2026-09-12 12:07:57.896881,32.59,66.43,1008.38,12.44,0.0
2026-09-12 12:12:57.896881,31.11,72.37,1008.35,9.57,0.0
2026-09-12 12:17:57.896881,32.85,74.24,1008.31,8.12,0.0
2026-09-12 12:22:57.896881,32.43,73.01,1008.31,8.89,0.0
2026-09-12 12:27:57.896881,32.33,76.43,1007.56,6.29,0.0
2026-09-12 12:32:57.896881,32.0,72.34,1008.29,1.42,0.0
2026-09-12 12:37:57.896881,31.56,72.08,1008.98,18.14,0.0
2026-09-12 12:42:57.896881,31.98,74.48,1008.39,6.78,0.0
2026-09-12 12:47:57.896881,31.81,73.08,1008.32,2.8,0.0
2026-09-12 12:52:57.896881,30.94,71.68,1008.39,1.88,0.0
2026-09-12 12:57:57.896881,30.65,74.47,1008.52,22.72,0.0
2026-09-12 13:02:57.896881,31.08,71.04,1008.61,7.38,0.0
2026-09-12 13:07:57.896881,32.13,71.24,1008.34,7.24,0.0
2026-09-12 13:12:57.896881,29.78,71.57,1008.49,13.47,0.0
2026-09-12 13:17:57.896881,29.48,77.29,1008.92,6.32,0.0
2026-09-12 13:22:57.896881,30.67,63.65,1008.66,2.63,0.0
2026-09-12 13:27:57.896881,30.46,74.58,1009.0,5.81,0.0
2026-09-12 13:32:57.896881,30.43,73.57,1008.12,11.45,0.0
2026-09-12 13:37:57.896881,30.37,68.51,1008.9,5.77,0.48
2026-09-12 13:42:57.896881,29.87,74.56,1008.15,4.71,0.0
2026-09-12 13:47:57.896881,31.12,75.14,1008.52,3.75,0.0
2026-09-12 13:52:57.896881,28.52,75.57,1008.69,12.64,0.0
2026-09-12 13:57:57.896881,29.02,65.93,1008.36,11.22,0.0
2026-09-12 14:02:57.896881,29.47,78.06,1008.52,13.82,0.0
2026-09-12 14:07:57.896881,28.11,71.84,1008.72,8.15,0.0
2026-09-12 14:12:57.896881,29.16,76.19,1008.12,6.71,6.28
2026-09-12 14:17:57.896881,30.5,76.44,1008.82,4.92,0.0
2026-09-12 14:22:57.896881,29.06,71.68,1007.96,7.43,0.0
2026-09-12 14:27:57.896881,29.1,76.37,1008.9,2.01,0.0
2026-09-12 14:32:57.896881,27.78,73.32,1008.66,11.84,0.0
2026-09-12 14:37:57.896881,28.16,68.35,1008.28,6.89,0.0
2026-09-12 14:42:57.896881,28.22,78.15,1008.19,19.62,0.0
2026-09-12 14:47:57.896881,28.14,72.41,1008.2,9.16,0.0
2026-09-12 14:52:57.896881,29.29,72.26,1008.28,1.38,0.0
2026-09-12 14:57:57.896881,28.58,73.7,1008.31,10.76,0.0
2026-09-12 15:02:57.896881,27.11,75.82,1008.68,33.88,0.0
2026-09-12 15:07:57.896881,28.07,74.92,1008.93,12.61,0.0
2026-09-12 15:12:57.896881,28.14,76.82,1008.41,16.36,0.0
2026-09-12 15:17:57.896881,28.52,71.24,1008.1,21.04,0.0
2026-09-12 15:22:57.896881,28.74,73.12,1008.27,4.55,0.0
2026-09-12 15:27:57.896881,26.53,75.09,1008.41,8.42,0.0
2026-09-12 15:32:57.896881,26.57,81.22,1008.12,4.76,0.0
2026-09-12 15:37:57.896881,26.08,75.27,1008.07,15.04,0.0
2026-09-12 15:42:57.896881,26.77,78.95,1009.05,4.81,0.0
2026-09-12 15:47:57.896881,27.2,75.9,1008.52,8.1,0.0
2026-09-12 15:52:57.896881,27.49,74.41,1008.3,15.93,0.0
2026-09-12 15:57:57.896881,26.51,75.21,1008.82,14.92,7.08
2026-09-12 16:02:57.896881,26.19,75.53,1008.12,10.61,0.0
2026-09-12 16:07:57.896881,26.44,77.93,1008.11,21.2,0.0
2026-09-12 16:12:57.896881,25.53,80.33,1008.11,15.87,0.0
2026-09-12 16:17:57.896881,27.74,77.36,1008.83,5.83,0.0
2026-09-12 16:22:57.896881,24.66,79.93,1008.15,2.72,0.0
2026-09-12 16:27:57.896881,25.97,73.56,1007.45,4.35,0.0
2026-09-12 16:32:57.896881,27.32,75.29,1008.47,16.58,0.0
2026-09-12 16:37:57.896881,25.59,74.44,1008.04,12.5,0.0
2026-09-12 16:42:57.896881,25.31,77.63,1007.58,21.35,0.0
2026-09-12 16:47:57.896881,25.06,75.69,1008.05,13.45,0.0
2026-09-12 16:52:57.896881,25.09,79.04,1008.3,16.13,0.0
2026-09-12 16:57:57.896881,26.21,74.13,1008.19,11.72,0.0
2026-09-12 17:02:57.896881,23.23,77.13,1008.64,5.65,0.0
2026-09-12 17:07:57.896881,26.11,79.14,1007.94,5.43,0.0
2026-09-12 17:12:57.896881,23.64,70.95,1008.23,4.39,0.0
2026-09-12 17:17:57.896881,24.45,83.59,1007.98,5.66,0.0
2026-09-12 17:22:57.896881,24.22,76.44,1007.66,21.72,0.0
2026-09-12 17:27:57.896881,24.92,71.29,1008.34,14.73,0.0
2026-09-12 17:32:57.896881,23.07,77.91,1008.24,8.25,0.0
2026-09-12 17:37:57.896881,24.61,77.6,1008.24,12.78,0.0
2026-09-12 17:42:57.896881,25.76,77.33,1008.29,12.64,0.0
2026-09-12 17:47:57.896881,22.95,80.61,1008.0,22.98,0.0
2026-09-12 17:52:57.896881,24.1,79.94,1007.94,7.63,0.0
2026-09-12 17:57:57.896881,23.32,78.66,1008.28,11.23,0.0
2026-09-12 18:02:57.896881,24.1,79.18,1008.58,16.21,0.0
2026-09-12 18:07:57.896881,23.68,77.58,1008.72,5.6,0.0
2026-09-12 18:12:57.896881,23.06,83.28,1008.44,24.28,0.0
2026-09-12 18:17:57.896881,23.88,73.57,1008.21,15.68,0.0
2026-09-12 18:22:57.896881,24.85,78.48,1008.3,4.36,0.0
2026-09-12 18:27:57.896881,23.17,78.31,1008.3,29.76,0.0
2026-09-12 18:32:57.896881,23.82,80.61,1007.93,21.23,0.0
2026-09-12 18:37:57.896881,22.13,75.69,1008.27,14.34,0.0
2026-09-12 18:42:57.896881,22.32,73.05,1007.93,1.6,0.0
2026-09-12 18:47:57.896881,23.39,78.8,1008.33,6.46,0.0
2026-09-12 18:52:57.896881,24.13,79.22,1008.9,10.67,0.0
2026-09-12 18:57:57.896881,23.16,82.89,1008.69,11.27,0.0
2026-09-12 19:02:57.896881,22.55,74.65,1008.23,10.06,0.0
2026-09-12 19:07:57.896881,22.74,81.97,1008.43,3.32,0.0
2026-09-12 19:12:57.896881,21.68,85.65,1008.13,7.92,0.0
2026-09-12 19:17:57.896881,23.1,77.45,1008.36,8.54,0.0
2026-09-12 19:22:57.896881,23.27,74.75,1008.59,1.26,0.0
2026-09-12 19:27:57.896881,22.15,77.44,1008.53,14.27,0.0
2026-09-12 19:32:57.896881,22.08,78.74,1009.14,26.08,0.0
2026-09-12 19:37:57.896881,22.62,80.42,1008.73,9.0,0.0
2026-09-12 19:42:57.896881,22.01,76.98,1008.42,14.45,0.0
2026-09-12 19:47:57.896881,22.27,83.45,1008.56,4.44,0.0
2026-09-12 19:52:57.896881,23.96,75.47,1008.29,12.26,5.59
2026-09-12 19:57:57.896881,22.04,73.62,1008.02,12.41,0.0
2026-09-12 20:02:57.896881,21.92,82.18,1008.78,19.67,0.0
2026-09-12 20:07:57.896881,21.65,72.06,1008.68,22.25,18.4
2026-09-12 20:12:57.896881,22.74,78.29,1008.36,14.32,0.0
2026-09-12 20:17:57.896881,21.97,88.28,1008.53,5.76,0.0
2026-09-12 20:22:57.896881,21.57,78.9,1008.79,5.59,0.0
2026-09-12 20:27:57.896881,23.13,75.59,1008.74,22.1,0.0
2026-09-12 20:32:57.896881,23.19,78.79,1007.98,3.62,0.0
2026-09-12 20:37:57.896881,21.56,78.82,1008.49,6.42,0.0
2026-09-12 20:42:57.896881,20.53,79.47,1008.41,13.59,0.0
2026-09-12 20:47:57.896881,22.82,80.98,1008.76,25.53,0.0
2026-09-12 20:52:57.896881,21.46,75.88,1008.75,26.9,0.0
2026-09-12 20:57:57.896881,22.63,84.06,1008.86,0.87,0.0
2026-09-12 21:02:57.896881,20.42,79.74,1008.09,11.97,0.0
2026-09-12 21:07:57.896881,22.72,81.18,1008.19,9.46,0.0
2026-09-12 21:12:57.896881,21.04,77.11,1008.75,4.97,0.0
2026-09-12 21:17:57.896881,22.6,82.85,1008.21,0.78,0.0
2026-09-12 21:22:57.896881,22.03,78.21,1008.05,9.41,0.0
2026-09-12 21:27:57.896881,21.27,79.81,1008.62,3.55,0.0
2026-09-12 21:32:57.896881,21.73,76.17,1008.35,13.24,0.0
2026-09-12 21:37:57.896881,22.62,75.96,1009.03,10.07,0.0
2026-09-12 21:42:57.896881,22.18,81.0,1008.53,1.63,0.0
2026-09-12 21:47:57.896881,22.58,77.59,1008.49,8.27,0.0
2026-09-12 21:52:57.896881,23.72,76.34,1008.37,2.65,0.0
2026-09-12 21:57:57.896881,20.92,76.96,1009.0,11.58,0.0
2026-09-12 22:02:57.896881,23.5,80.96,1008.71,15.28,0.0
2026-09-12 22:07:57.896881,22.32,76.95,1008.63,7.13,0.0
2026-09-12 22:12:57.896881,21.56,78.46,1008.52,21.38,2.29
2026-09-12 22:17:57.896881,21.25,78.83,1008.71,11.73,0.0
2026-09-12 22:22:57.896881,22.21,73.01,1008.46,9.86,0.0
2026-09-12 22:27:57.896881,23.15,74.31,1009.05,9.99,0.0
2026-09-12 22:32:57.896881,22.35,79.7,1008.24,8.26,0.0
2026-09-12 22:37:57.896881,23.72,76.45,1008.68,8.03,0.0
2026-09-12 22:42:57.896881,21.4,81.8,1009.02,3.45,4.09
2026-09-12 22:47:57.896881,22.61,81.49,1008.98,24.51,0.0
2026-09-12 22:52:57.896881,21.68,80.71,1008.58,8.18,0.0
2026-09-12 22:57:57.896881,23.03,83.97,1008.96,26.9,0.0
2026-09-12 23:02:57.896881,23.51,78.21,1008.54,15.09,5.34
2026-09-12 23:07:57.896881,22.53,80.37,1008.85,8.78,0.0
2026-09-12 23:12:57.896881,20.86,76.62,1008.99,10.67,0.0
2026-09-12 23:17:57.896881,23.17,85.68,1008.97,15.28,0.0
2026-09-12 23:22:57.896881,23.43,84.23,1008.53,18.37,0.0
2026-09-12 23:27:57.896881,23.48,78.26,1009.09,9.74,0.0
2026-09-12 23:32:57.896881,24.23,79.33,1008.81,17.31,0.0
2026-09-12 23:37:57.896881,22.46,82.2,1008.98,14.91,0.0
2026-09-12 23:42:57.896881,23.95,77.62,1009.14,15.37,0.0
2026-09-12 23:47:57.896881,24.44,76.04,1009.03,17.35,0.0
2026-09-12 23:52:57.896881,22.15,80.57,1009.0,6.18,0.0
2026-09-12 23:57:57.896881,23.92,78.12,1008.75,22.75,0.0
2026-09-13 00:02:57.896881,23.35,78.38,1008.89,12.52,0.0
2026-09-13 00:07:57.896881,23.79,75.26,1008.67,18.34,0.0
2026-09-13 00:12:57.896881,24.22,72.55,1008.15,9.72,0.0
2026-09-13 00:17:57.896881,23.65,78.35,1008.61,11.47,0.0
2026-09-13 00:22:57.896881,23.6,80.29,1008.59,6.16,0.0
2026-09-13 00:27:57.896881,24.27,76.83,1008.62,4.05,0.0
2026-09-13 00:32:57.896881,23.48,81.74,1008.42,8.53,0.0
2026-09-13 00:37:57.896881,23.58,75.25,1008.28,15.74,0.0
2026-09-13 00:42:57.896881,25.1,74.13,1008.7,6.31,0.0
2026-09-13 00:47:57.896881,23.75,77.02,1008.12,2.32,0.19
2026-09-13 00:52:57.896881,25.31,76.9,1008.96,20.31,0.0
2026-09-13 00:57:57.896881,25.26,79.38,1008.4,3.59,0.0
2026-09-13 01:02:57.896881,23.62,74.68,1008.64,12.25,0.0
2026-09-13 01:07:57.896881,24.57,81.03,1008.71,29.02,0.01
2026-09-13 01:12:57.896881,26.18,82.75,1008.76,45.0,0.0
2026-09-13 01:17:57.896881,24.56,76.65,1008.19,8.84,0.0
2026-09-13 01:22:57.896881,25.09,80.44,1008.86,20.51,0.0
2026-09-13 01:27:57.896881,25.95,73.44,1008.73,12.37,0.0
2026-09-13 01:32:57.896881,26.33,79.76,1008.46,4.57,0.0
2026-09-13 01:37:57.896881,25.62,79.59,1008.36,8.3,0.0
2026-09-13 01:42:57.896881,25.47,78.96,1008.46,6.75,0.0
2026-09-13 01:47:57.896881,27.21,76.24,1008.14,20.0,0.0
2026-09-13 01:52:57.896881,27.59,67.34,1009.03,28.27,0.0
2026-09-13 01:57:57.896881,27.1,74.19,1008.89,7.38,0.0
2026-09-13 02:02:57.896881,26.52,74.16,1008.64,2.4,0.0
2026-09-13 02:07:57.896881,25.93,73.02,1008.52,11.19,0.0
2026-09-13 02:12:57.896881,26.04,76.23,1008.57,4.84,0.0
2026-09-13 02:17:57.896881,27.25,74.52,1008.92,3.96,0.0
2026-09-13 02:22:57.896881,27.29,73.22,1009.21,5.78,0.0
2026-09-13 02:27:57.896881,28.21,72.43,1008.47,5.43,0.0
2026-09-13 02:32:57.896881,27.74,73.38,1008.27,13.2,0.0
2026-09-13 02:37:57.896881,26.14,78.8,1009.1,15.34,0.0
2026-09-13 02:42:57.896881,28.32,73.37,1008.11,12.15,0.0
2026-09-13 02:47:57.896881,26.81,73.72,1008.34,4.82,0.0
2026-09-13 02:52:57.896881,27.43,73.8,1008.64,4.93,0.88
2026-09-13 02:57:57.896881,28.07,76.1,1008.26,9.39,0.0
2026-09-13 03:02:57.896881,29.6,76.37,1009.02,7.7,0.0
2026-09-13 03:07:57.896881,30.62,65.78,1008.91,10.1,0.0
2026-09-13 03:12:57.896881,28.75,77.89,1008.52,12.9,0.0
2026-09-13 03:17:57.896881,28.25,79.05,1009.13,9.31,0.0
2026-09-13 03:22:57.896881,28.95,71.5,1009.2,14.53,0.0
2026-09-13 03:27:57.896881,29.36,71.65,1008.83,11.48,0.0
2026-09-13 03:32:57.896881,28.53,73.13,1008.81,15.0,0.0
2026-09-13 03:37:57.896881,30.35,72.12,1009.65,3.75,0.0
2026-09-13 03:42:57.896881,29.23,74.98,1009.14,2.05,0.0
2026-09-13 03:47:57.896881,29.57,68.38,1008.94,4.68,0.0
2026-09-13 03:52:57.896881,29.83,70.78,1009.25,19.1,0.0
2026-09-13 03:57:57.896881,29.76,78.67,1008.97,11.54,0.0
2026-09-13 04:02:57.896881,30.22,71.18,1008.82,6.21,0.0
2026-09-13 04:07:57.896881,29.19,77.61,1009.02,5.51,0.0
2026-09-13 04:12:57.896881,29.36,74.86,1009.36,15.62,0.0
2026-09-13 04:17:57.896881,29.05,68.29,1008.44,11.73,0.0
2026-09-13 04:22:57.896881,30.4,75.54,1008.98,3.23,0.0
2026-09-13 04:27:57.896881,30.8,73.2,1009.52,3.21,0.0
2026-09-13 04:32:57.896881,30.66,72.1,1008.86,14.67,3.22
2026-09-13 04:37:57.896881,31.76,74.12,1009.45,6.03,0.0
2026-09-13 04:42:57.896881,30.53,74.73,1009.46,2.52,0.0
2026-09-13 04:47:57.896881,31.19,75.35,1009.03,2.48,0.0
2026-09-13 04:52:57.896881,29.9,76.69,1008.82,13.21,0.0
2026-09-13 04:57:57.896881,30.58,74.3,1008.78,6.28,0.0
2026-09-13 05:02:57.896881,31.56,68.87,1009.65,16.43,0.0
2026-09-13 05:07:57.896881,31.79,71.5,1009.41,10.33,0.0
2026-09-13 05:12:57.896881,30.99,81.68,1008.84,7.15,0.0
2026-09-13 05:17:57.896881,31.28,74.95,1008.63,9.88,0.0
2026-09-13 05:22:57.896881,30.23,79.81,1008.87,30.82,0.0
2026-09-13 05:27:57.896881,31.26,76.82,1008.94,4.44,0.0
2026-09-13 05:32:57.896881,32.36,73.29,1008.38,21.12,0.0
2026-09-13 05:37:57.896881,32.22,73.4,1008.71,14.79,0.0
2026-09-13 05:42:57.896881,32.26,72.32,1009.07,6.53,0.0
2026-09-13 05:47:57.896881,32.0,67.15,1008.16,14.78,0.0
2026-09-13 05:52:57.896881,32.06,72.35,1008.97,11.22,0.0
2026-09-13 05:57:57.896881,31.62,75.87,1009.16,9.18,0.0
2026-09-13 06:02:57.896881,32.8,70.37,1008.56,7.65,0.0
2026-09-13 06:07:57.896881,32.67,73.35,1009.22,18.4,0.0
2026-09-13 06:12:57.896881,32.82,74.61,1008.47,10.12,0.0
2026-09-13 06:17:57.896881,32.09,69.26,1008.85,4.73,0.0
2026-09-13 06:22:57.896881,30.87,70.58,1008.58,9.63,0.0
2026-09-13 06:27:57.896881,33.56,68.83,1008.62,2.63,0.0
2026-09-13 06:32:57.896881,32.38,69.36,1008.54,6.06,0.0
2026-09-13 06:37:57.896881,32.15,67.91,1008.93,14.46,0.0
2026-09-13 06:42:57.896881,33.47,69.02,1008.94,4.24,0.0
2026-09-13 06:47:57.896881,32.68,75.93,1008.6,38.1,0.0
2026-09-13 06:52:57.896881,33.91,68.88,1008.18,1.17,0.0
2026-09-13 06:57:57.896881,33.62,71.96,1008.69,7.53,5.52
2026-09-13 07:02:57.896881,33.74,70.03,1008.58,15.45,0.0
2026-09-13 07:07:57.896881,32.17,75.03,1008.38,2.74,6.53
2026-09-13 07:12:57.896881,34.29,75.39,1009.05,15.63,0.0
2026-09-13 07:17:57.896881,33.59,74.0,1008.05,14.92,0.0
2026-09-13 07:22:57.896881,33.14,72.29,1007.83,7.95,0.0
2026-09-13 07:27:57.896881,33.61,70.65,1008.27,4.86,0.0
2026-09-13 07:32:57.896881,32.12,67.73,1008.68,10.03,0.0
2026-09-13 07:37:57.896881,33.92,77.1,1008.16,14.49,0.0
2026-09-13 07:42:57.896881,32.81,68.96,1008.26,5.19,0.0
2026-09-13 07:47:57.896881,32.6,73.2,1008.88,9.11,0.0
2026-09-13 07:52:57.896881,32.5,74.36,1008.76,2.87,0.0
2026-09-13 07:57:57.896881,34.65,69.49,1008.71,17.15,0.0
2026-09-13 08:02:57.896881,33.29,74.25,1008.87,27.63,0.0
2026-09-13 08:07:57.896881,35.06,73.41,1008.43,6.93,0.0
2026-09-13 08:12:57.896881,33.43,76.28,1008.43,5.7,0.0
2026-09-13 08:17:57.896881,32.52,69.67,1008.81,19.56,0.0
2026-09-13 08:22:57.896881,33.02,67.2,1008.2,19.32,0.0
2026-09-13 08:27:57.896881,34.92,69.53,1008.0,15.93,0.0
2026-09-13 08:32:57.896881,33.82,71.66,1008.52,3.62,0.0
2026-09-13 08:37:57.896881,33.53,71.2,1008.92,0.52,0.0
2026-09-13 08:42:57.896881,34.11,69.83,1008.75,8.81,0.0
2026-09-13 08:47:57.896881,34.39,65.28,1008.88,13.23,0.0
2026-09-13 08:52:57.896881,34.89,72.42,1007.98,6.96,0.0
2026-09-13 08:57:57.896881,35.16,76.92,1008.68,19.07,0.0
2026-09-13 09:02:57.896881,33.71,72.39,1008.79,5.9,0.0
2026-09-13 09:07:57.896881,32.94,72.83,1008.1,2.12,3.3
2026-09-13 09:12:57.896881,33.66,72.72,1008.78,6.94,0.0
2026-09-13 09:17:57.896881,34.2,72.2,1008.53,12.43,0.0
2026-09-13 09:22:57.896881,33.21,73.81,1009.48,4.18,0.0
2026-09-13 09:27:57.896881,33.2,72.21,1008.03,11.57,2.78
2026-09-13 09:32:57.896881,34.22,70.1,1009.06,8.77,0.0
2026-09-13 09:37:57.896881,33.89,68.66,1008.51,27.24,0.0
2026-09-13 09:42:57.896881,33.94,70.31,1008.12,17.54,0.0
2026-09-13 09:47:57.896881,33.28,72.02,1008.44,40.49,0.0
2026-09-13 09:52:57.896881,33.67,70.15,1008.67,3.41,0.0
2026-09-13 09:57:57.896881,33.09,72.06,1008.83,21.69,0.0
2026-09-13 10:02:57.896881,34.51,72.45,1009.01,1.43,0.0
2026-09-13 10:07:57.896881,34.59,73.66,1008.91,18.53,0.0
2026-09-13 10:12:57.896881,32.25,75.03,1008.26,2.01,2.44
2026-09-13 10:17:57.896881,32.94,71.45,1008.99,15.48,0.0
2026-09-13 10:22:57.896881,32.44,67.32,1008.84,11.67,0.0
2026-09-13 10:27:57.896881,33.07,70.24,1008.49,12.6,0.0
2026-09-13 10:32:57.896881,33.48,71.44,1008.58,1.2,0.0
2026-09-13 10:37:57.896881,32.33,65.83,1008.43,14.74,0.0
2026-09-13 10:42:57.896881,32.7,75.54,1008.74,2.1,0.0
2026-09-13 10:47:57.896881,32.58,71.84,1008.5,27.3,0.0
2026-09-13 10:52:57.896881,33.49,72.6,1008.35,5.62,0.0
2026-09-13 10:57:57.896881,33.32,75.59,1008.77,7.37,0.0
2026-09-13 11:02:57.896881,32.62,69.65,1008.86,21.49,0.0
2026-09-13 11:07:57.896881,33.27,73.3,1008.65,10.27,0.0
2026-09-13 11:12:57.896881,32.62,71.3,1009.1,10.4,0.0
2026-09-13 11:17:57.896881,32.77,71.12,1008.65,13.68,0.0
2026-09-13 11:22:57.896881,34.25,69.41,1008.52,4.43,0.0
2026-09-13 11:27:57.896881,33.91,76.77,1008.82,5.56,0.0
2026-09-13 11:32:57.896881,31.72,70.7,1008.62,10.64,0.0
2026-09-13 11:37:57.896881,33.34,73.98,1008.64,28.57,0.0
2026-09-13 11:42:57.896881,33.25,66.31,1007.82,16.42,0.0
2026-09-13 11:47:57.896881,31.59,75.53,1008.49,17.16,0.0
2026-09-13 11:52:57.896881,33.08,75.21,1008.02,22.8,0.0
2026-09-13 11:57:57.896881,33.56,72.4,1008.16,19.12,0.0
2026-09-13 12:02:57.896881,31.34,71.49,1008.14,15.89,0.79
2026-09-13 12:07:57.896881,31.42,73.43,1008.26,8.7,0.0
2026-09-13 12:12:57.896881,32.87,79.16,1008.48,4.12,0.0
2026-09-13 12:17:57.896881,32.17,67.07,1008.49,4.64,0.0
2026-09-13 12:22:57.896881,32.3,74.77,1008.81,20.38,0.0
2026-09-13 12:27:57.896881,32.03,69.76,1008.69,14.48,0.0
2026-09-13 12:32:57.896881,31.97,72.51,1008.11,0.45,0.0
2026-09-13 12:37:57.896881,30.49,71.89,1008.7,10.08,0.0
2026-09-13 12:42:57.896881,32.28,71.42,1008.72,0.97,0.0
2026-09-13 12:47:57.896881,32.27,72.75,1008.45,8.67,0.0
2026-09-13 12:52:57.896881,31.04,69.45,1008.47,19.45,0.0
2026-09-13 12:57:57.896881,31.08,76.01,1008.59,14.46,0.0
2026-09-13 13:02:57.896881,29.78,67.62,1008.75,7.47,0.0
2026-09-13 13:07:57.896881,31.3,74.7,1008.01,11.22,0.0
2026-09-13 13:12:57.896881,31.23,72.17,1008.38,5.65,0.0
2026-09-13 13:17:57.896881,30.6,69.72,1008.91,3.13,0.0
2026-09-13 13:22:57.896881,31.44,73.92,1008.87,5.31,0.0
2026-09-13 13:27:57.896881,30.15,68.72,1008.68,18.16,0.0
2026-09-13 13:32:57.896881,30.75,73.59,1008.66,22.03,0.0
2026-09-13 13:37:57.896881,29.36,69.28,1009.07,18.82,0.0
2026-09-13 13:42:57.896881,30.03,75.02,1009.07,17.39,0.0
2026-09-13 13:47:57.896881,29.79,70.94,1008.47,3.82,0.0
2026-09-13 13:52:57.896881,29.98,72.44,1008.18,8.01,0.0
2026-09-13 13:57:57.896881,29.38,74.76,1008.38,8.66,0.0
2026-09-13 14:02:57.896881,29.45,71.65,1009.4,6.64,1.0
2026-09-13 14:07:57.896881,30.09,73.88,1007.99,4.16,0.0
2026-09-13 14:12:57.896881,28.95,69.59,1008.33,11.64,0.0
2026-09-13 14:17:57.896881,27.89,76.11,1008.08,11.32,0.0
2026-09-13 14:22:57.896881,30.44,79.6,1008.56,7.82,0.0
2026-09-13 14:27:57.896881,30.02,82.77,1008.13,25.5,0.0
2026-09-13 14:32:57.896881,27.75,74.75,1008.43,6.92,0.0
2026-09-13 14:37:57.896881,29.2,76.93,1007.8,9.11,0.0
2026-09-13 14:42:57.896881,28.12,69.31,1008.53,2.69,0.0
2026-09-13 14:47:57.896881,28.6,79.25,1008.81,16.03,0.0
2026-09-13 14:52:57.896881,28.5,77.15,1008.29,21.51,0.0
2026-09-13 14:57:57.896881,27.94,73.46,1008.3,2.34,0.0
2026-09-13 15:02:57.896881,27.37,78.71,1008.31,13.72,0.0
2026-09-13 15:07:57.896881,27.32,74.32,1008.41,7.47,0.0
2026-09-13 15:12:57.896881,27.01,73.8,1008.33,16.68,0.0
2026-09-13 15:17:57.896881,26.94,76.69,1008.64,11.88,0.0
2026-09-13 15:22:57.896881,27.42,72.16,1008.81,11.9,0.0
2026-09-13 15:27:57.896881,26.77,78.5,1008.17,11.3,0.0
2026-09-13 15:32:57.896881,27.76,72.35,1008.3,29.81,0.0
2026-09-13 15:37:57.896881,28.28,72.46,1008.64,3.16,0.0
2026-09-13 15:42:57.896881,26.49,72.97,1007.99,0.99,0.0
2026-09-13 15:47:57.896881,27.02,78.06,1007.81,16.17,0.0
2026-09-13 15:52:57.896881,27.1,74.02,1008.38,3.85,0.0
2026-09-13 15:57:57.896881,26.95,71.91,1008.45,16.96,0.0
2026-09-13 16:02:57.896881,26.51,74.22,1008.01,15.67,0.0
2026-09-13 16:07:57.896881,26.92,76.02,1008.16,5.21,0.0
2026-09-13 16:12:57.896881,26.58,72.66,1008.06,45.0,0.0
2026-09-13 16:17:57.896881,25.08,72.83,1008.02,24.27,0.0
2026-09-13 16:22:57.896881,26.64,82.7,1008.5,9.33,0.0
2026-09-13 16:27:57.896881,26.54,73.87,1007.93,11.48,0.0
2026-09-13 16:32:57.896881,25.09,75.56,1008.19,20.73,0.0
2026-09-13 16:37:57.896881,25.61,75.51,1008.01,3.4,0.0
2026-09-13 16:42:57.896881,26.01,75.43,1007.93,13.78,0.0
2026-09-13 16:47:57.896881,25.18,78.63,1008.66,9.19,0.0
2026-09-13 16:52:57.896881,26.09,79.69,1008.32,24.82,0.0
2026-09-13 16:57:57.896881,27.01,76.01,1008.48,1.76,0.0
2026-09-13 17:02:57.896881,24.37,73.29,1007.99,12.07,0.0
2026-09-13 17:07:57.896881,23.78,80.9,1008.22,3.39,0.0
2026-09-13 17:12:57.896881,25.02,76.86,1008.69,13.92,0.0
2026-09-13 17:17:57.896881,25.24,82.41,1009.31,10.31,0.0
2026-09-13 17:22:57.896881,24.37,70.56,1007.93,11.17,0.0
2026-09-13 17:27:57.896881,25.61,77.95,1008.44,17.63,0.0
2026-09-13 17:32:57.896881,23.28,83.19,1008.65,14.89,0.0
2026-09-13 17:37:57.896881,24.8,76.44,1008.25,5.73,0.0
2026-09-13 17:42:57.896881,23.66,76.89,1008.68,1.24,0.0
2026-09-13 17:47:57.896881,25.42,78.52,1008.16,2.0,0.0
2026-09-13 17:52:57.896881,25.54,76.03,1008.42,5.95,0.0
2026-09-13 17:57:57.896881,23.24,76.83,1008.27,11.35,0.0
2026-09-13 18:02:57.896881,23.32,76.81,1008.74,9.61,0.0
2026-09-13 18:07:57.896881,24.35,76.01,1008.16,11.62,0.0
2026-09-13 18:12:57.896881,23.27,81.64,1008.28,21.23,0.0
2026-09-13 18:17:57.896881,23.45,79.39,1008.73,6.22,0.0
2026-09-13 18:22:57.896881,23.42,78.82,1008.14,16.84,0.0
2026-09-13 18:27:57.896881,21.78,80.55,1008.52,11.03,0.0
2026-09-13 18:32:57.896881,23.23,77.38,1007.98,22.65,0.0
2026-09-13 18:37:57.896881,22.61,75.9,1008.21,11.94,0.0
2026-09-13 18:42:57.896881,22.69,76.47,1008.6,27.77,0.0
2026-09-13 18:47:57.896881,24.17,78.33,1008.11,15.83,0.0
2026-09-13 18:52:57.896881,21.93,75.2,1008.25,19.65,0.0
2026-09-13 18:57:57.896881,23.52,76.92,1008.54,6.0,0.0
2026-09-13 19:02:57.896881,22.58,76.92,1008.26,22.34,0.0
2026-09-13 19:07:57.896881,22.52,84.88,1008.72,28.08,0.0
2026-09-13 19:12:57.896881,23.31,70.23,1008.53,14.59,0.0
2026-09-13 19:17:57.896881,22.89,78.05,1008.54,8.09,0.0
2026-09-13 19:22:57.896881,23.02,83.8,1008.8,20.06,0.0
2026-09-13 19:27:57.896881,23.28,79.03,1008.48,16.71,4.36
2026-09-13 19:32:57.896881,22.19,80.96,1008.8,33.57,0.0
2026-09-13 19:37:57.896881,21.92,79.03,1008.57,14.24,0.0
2026-09-13 19:42:57.896881,21.49,76.76,1008.13,9.27,0.0
2026-09-13 19:47:57.896881,21.66,72.06,1008.73,10.91,0.0
2026-09-13 19:52:57.896881,24.64,79.43,1008.42,5.06,1.0
2026-09-13 19:57:57.896881,23.24,76.51,1008.2,7.9,0.0
2026-09-13 20:02:57.896881,21.12,76.46,1008.33,1.62,0.0
2026-09-13 20:07:57.896881,21.11,77.39,1008.61,8.99,0.0
2026-09-13 20:12:57.896881,22.53,84.14,1008.37,20.35,0.0
2026-09-13 20:17:57.896881,22.55,86.14,1008.79,35.81,0.0
2026-09-13 20:22:57.896881,22.53,79.59,1008.55,7.56,0.0
2026-09-13 20:27:57.896881,21.87,77.56,1008.42,15.36,3.76
2026-09-13 20:32:57.896881,21.95,75.43,1007.95,9.26,5.27
2026-09-13 20:37:57.896881,22.3,80.38,1008.2,7.44,0.0
2026-09-13 20:42:57.896881,22.09,84.33,1008.3,4.01,0.0
2026-09-13 20:47:57.896881,20.24,78.25,1008.59,26.33,2.81
2026-09-13 20:52:57.896881,21.82,71.86,1008.62,2.31,0.0
2026-09-13 20:57:57.896881,21.32,81.01,1008.47,13.56,0.0
2026-09-13 21:02:57.896881,22.14,81.96,1008.46,2.92,0.0
2026-09-13 21:07:57.896881,24.39,74.24,1008.61,6.39,0.0
2026-09-13 21:12:57.896881,22.3,79.53,1008.09,25.41,3.69
2026-09-13 21:17:57.896881,21.76,80.35,1008.83,3.89,0.0
2026-09-13 21:22:57.896881,22.76,78.77,1007.67,12.65,0.0
2026-09-13 21:27:57.896881,22.42,76.6,1008.75,22.39,1.66
2026-09-13 21:32:57.896881,22.39,82.01,1008.25,13.26,0.0
2026-09-13 21:37:57.896881,22.56,77.74,1008.63,13.71,0.1
2026-09-13 21:42:57.896881,23.74,74.48,1008.48,13.12,0.0
2026-09-13 21:47:57.896881,21.21,72.77,1008.47,19.36,0.0
2026-09-13 21:52:57.896881,22.52,82.69,1008.53,21.97,0.0
2026-09-13 21:57:57.896881,21.43,80.74,1008.58,12.08,5.95
2026-09-13 22:02:57.896881,22.65,79.13,1008.26,10.68,0.0
2026-09-13 22:07:57.896881,21.5,77.52,1008.72,2.77,0.0
2026-09-13 22:12:57.896881,21.94,77.23,1008.05,5.17,0.0
2026-09-13 22:17:57.896881,22.08,75.56,1008.29,12.92,0.0
2026-09-13 22:22:57.896881,23.14,77.46,1008.58,1.75,0.0
2026-09-13 22:27:57.896881,23.14,72.37,1008.65,4.74,0.0
2026-09-13 22:32:57.896881,21.46,76.49,1008.43,7.66,0.0
2026-09-13 22:37:57.896881,22.55,77.73,1008.14,3.49,0.0
2026-09-13 22:42:57.896881,21.99,80.45,1008.48,4.87,0.0
2026-09-13 22:47:57.896881,21.61,78.47,1007.98,13.67,0.0
2026-09-13 22:52:57.896881,22.5,80.93,1008.69,9.15,0.0
2026-09-13 22:57:57.896881,22.49,82.55,1008.12,16.32,0.0
2026-09-13 23:02:57.896881,24.75,81.64,1007.65,7.36,0.0
2026-09-13 23:07:57.896881,23.22,79.83,1007.72,9.04,0.0
2026-09-13 23:12:57.896881,21.84,78.41,1008.08,11.88,0.0
2026-09-13 23:17:57.896881,22.56,75.38,1008.11,5.11,0.0
2026-09-13 23:22:57.896881,23.9,80.5,1008.65,14.26,0.0
2026-09-13 23:27:57.896881,24.83,83.27,1007.8,4.06,0.0
2026-09-13 23:32:57.896881,21.97,79.2,1008.15,5.63,0.0
2026-09-13 23:37:57.896881,21.82,83.87,1007.74,6.51,0.0
2026-09-13 23:42:57.896881,24.9,73.49,1007.94,5.94,0.0
2026-09-13 23:47:57.896881,23.8,74.54,1008.62,10.4,0.0
2026-09-13 23:52:57.896881,22.88,80.51,1007.75,5.95,0.0
2026-09-13 23:57:57.896881,24.09,78.68,1008.2,8.52,0.0
2026-09-14 00:02:57.896881,21.65,81.77,1008.14,21.03,0.0
2026-09-14 00:07:57.896881,23.85,77.72,1008.01,22.28,0.0
2026-09-14 00:12:57.896881,24.21,75.1,1008.12,0.12,2.56
2026-09-14 00:17:57.896881,24.78,77.0,1007.54,13.66,0.0
2026-09-14 00:22:57.896881,23.33,72.97,1008.38,1.33,0.0
2026-09-14 00:27:57.896881,24.31,74.12,1008.45,14.33,0.0
2026-09-14 00:32:57.896881,23.61,80.35,1007.87,18.77,0.0
2026-09-14 00:37:57.896881,24.66,79.98,1008.58,6.79,0.0
2026-09-14 00:42:57.896881,23.84,78.38,1007.68,22.69,2.05
2026-09-14 00:47:57.896881,24.34,72.06,1007.89,5.26,0.0
2026-09-14 00:52:57.896881,23.98,76.07,1008.23,20.3,0.0
2026-09-14 00:57:57.896881,25.41,73.4,1007.65,18.44,0.0
2026-09-14 01:02:57.896881,25.69,80.53,1007.29,2.6,0.0
2026-09-14 01:07:57.896881,24.93,75.17,1007.19,7.27,0.0
2026-09-14 01:12:57.896881,25.26,73.59,1008.24,2.15,0.0
2026-09-14 01:17:57.896881,24.19,76.86,1007.48,3.57,0.0
2026-09-14 01:22:57.896881,25.22,74.77,1007.6,23.19,0.36
2026-09-14 01:27:57.896881,25.54,81.06,1007.24,14.28,1.66
2026-09-14 01:32:57.896881,27.8,74.33,1007.89,5.9,0.0
2026-09-14 01:37:57.896881,24.94,72.25,1007.32,1.42,0.0
2026-09-14 01:42:57.896881,27.12,69.91,1007.48,2.03,0.0
2026-09-14 01:47:57.896881,26.87,76.19,1007.72,8.63,0.0
2026-09-14 01:52:57.896881,26.42,74.52,1007.25,23.99,0.17
2026-09-14 01:57:57.896881,27.73,71.83,1007.45,17.0,7.8
2026-09-14 02:02:57.896881,26.74,79.6,1007.95,8.89,0.0
2026-09-14 02:07:57.896881,26.89,77.95,1007.63,8.91,0.0
2026-09-14 02:12:57.896881,26.66,75.78,1007.54,12.01,0.0
2026-09-14 02:17:57.896881,27.81,79.87,1007.65,21.24,0.0
2026-09-14 02:22:57.896881,27.84,77.68,1007.43,4.3,0.0
2026-09-14 02:27:57.896881,26.59,73.14,1008.15,11.85,0.0
2026-09-14 02:32:57.896881,26.16,72.4,1007.38,3.4,0.0
2026-09-14 02:37:57.896881,27.18,77.89,1007.7,11.18,0.0
2026-09-14 02:42:57.896881,26.84,76.54,1007.59,8.8,0.0
2026-09-14 02:47:57.896881,27.56,75.77,1007.88,2.24,0.0
2026-09-14 02:52:57.896881,28.73,72.63,1007.85,12.01,0.0
2026-09-14 02:57:57.896881,27.5,76.91,1007.58,6.54,0.0
2026-09-14 03:02:57.896881,27.97,72.73,1007.64,7.24,0.0
2026-09-14 03:07:57.896881,28.18,74.61,1007.8,4.73,0.0
2026-09-14 03:12:57.896881,28.94,79.17,1007.09,10.98,3.93
2026-09-14 03:17:57.896881,26.59,72.76,1007.25,10.43,0.0
2026-09-14 03:22:57.896881,28.04,69.93,1007.55,16.42,25.78
2026-09-14 03:27:57.896881,28.82,71.41,1007.6,12.99,0.0
2026-09-14 03:32:57.896881,29.74,77.46,1007.45,4.78,0.0
2026-09-14 03:37:57.896881,28.52,75.16,1008.06,17.03,0.0
2026-09-14 03:42:57.896881,27.54,73.92,1007.89,19.95,0.0
2026-09-14 03:47:57.896881,29.67,72.69,1007.82,5.36,0.0
2026-09-14 03:52:57.896881,28.79,75.59,1007.49,7.67,0.0
2026-09-14 03:57:57.896881,28.47,71.5,1007.84,6.4,0.0
2026-09-14 04:02:57.896881,29.05,74.88,1007.11,10.1,0.0
2026-09-14 04:07:57.896881,29.53,71.69,1007.86,4.98,1.79
2026-09-14 04:12:57.896881,29.32,71.1,1007.95,16.19,7.11
2026-09-14 04:17:57.896881,28.16,71.8,1008.04,4.06,0.0
2026-09-14 04:22:57.896881,30.77,72.51,1007.4,7.13,0.0
2026-09-14 04:27:57.896881,31.19,73.4,1007.95,12.67,0.0
2026-09-14 04:32:57.896881,30.82,74.18,1007.58,10.1,0.0
2026-09-14 04:37:57.896881,29.51,62.32,1007.73,10.49,0.0
2026-09-14 04:42:57.896881,30.37,70.89,1008.11,3.66,0.0
2026-09-14 04:47:57.896881,30.65,72.06,1008.58,8.87,0.0
2026-09-14 04:52:57.896881,31.25,77.67,1008.0,19.36,0.0
2026-09-14 04:57:57.896881,31.42,69.84,1007.76,15.61,0.0
2026-09-14 05:02:57.896881,30.41,73.49,1008.15,7.78,0.0
2026-09-14 05:07:57.896881,31.18,77.41,1008.4,9.97,0.0
2026-09-14 05:12:57.896881,31.59,68.91,1008.32,11.44,0.0
2026-09-14 05:17:57.896881,32.5,73.96,1008.97,22.88,0.0
2026-09-14 05:22:57.896881,32.01,70.3,1007.91,6.8,0.0
2026-09-14 05:27:57.896881,32.18,71.12,1008.2,15.44,2.09
2026-09-14 05:32:57.896881,31.72,70.16,1008.55,10.08,0.0
2026-09-14 05:37:57.896881,32.88,70.3,1008.53,19.32,0.0
2026-09-14 05:42:57.896881,32.18,80.59,1007.38,20.67,0.0
2026-09-14 05:47:57.896881,31.27,74.9,1007.99,10.57,0.0
2026-09-14 05:52:57.896881,33.18,75.6,1008.43,5.93,0.0
2026-09-14 05:57:57.896881,32.71,73.71,1008.83,18.93,0.0
2026-09-14 06:02:57.896881,31.89,67.35,1008.19,9.8,0.0
2026-09-14 06:07:57.896881,31.95,73.3,1007.8,3.01,0.0
2026-09-14 06:12:57.896881,32.66,75.27,1007.7,2.3,0.0
2026-09-14 06:17:57.896881,32.88,69.43,1008.66,9.84,0.0
2026-09-14 06:22:57.896881,32.75,74.83,1008.21,0.53,0.0
2026-09-14 06:27:57.896881,32.93,73.99,1007.69,6.5,0.0
2026-09-14 06:32:57.896881,34.12,77.38,1007.88,19.84,0.0
2026-09-14 06:37:57.896881,33.7,70.52,1008.11,22.35,1.13
2026-09-14 06:42:57.896881,33.07,68.43,1008.23,19.85,0.0
2026-09-14 06:47:57.896881,33.74,70.59,1007.84,9.99,1.11
2026-09-14 06:52:57.896881,32.23,75.93,1007.95,4.74,0.0
2026-09-14 06:57:57.896881,33.45,66.1,1007.62,21.27,0.0
2026-09-14 07:02:57.896881,34.64,65.33,1008.36,11.14,0.0
2026-09-14 07:07:57.896881,33.09,71.76,1007.93,2.9,0.0
2026-09-14 07:12:57.896881,32.64,70.12,1008.16,10.42,0.0
2026-09-14 07:17:57.896881,32.86,71.44,1008.5,19.07,0.54
2026-09-14 07:22:57.896881,32.57,74.21,1008.16,1.13,0.0
2026-09-14 07:27:57.896881,32.86,69.68,1008.14,8.61,0.0
2026-09-14 07:32:57.896881,33.25,65.69,1008.29,24.18,0.0
2026-09-14 07:37:57.896881,32.47,77.41,1008.23,9.95,0.0
2026-09-14 07:42:57.896881,33.65,68.25,1008.49,3.68,0.0
2026-09-14 07:47:57.896881,34.4,68.04,1008.28,17.64,0.0
2026-09-14 07:52:57.896881,33.0,74.5,1008.09,14.48,0.0
2026-09-14 07:57:57.896881,34.98,70.01,1008.5,11.14,0.0
2026-09-14 08:02:57.896881,34.2,70.95,1008.63,3.81,0.0
2026-09-14 08:07:57.896881,34.65,72.56,1007.88,12.27,0.0
2026-09-14 08:12:57.896881,33.33,74.35,1008.75,15.45,0.0
2026-09-14 08:17:57.896881,34.57,70.08,1008.48,2.89,0.0
2026-09-14 08:22:57.896881,33.04,75.62,1008.52,11.92,0.0
2026-09-14 08:27:57.896881,34.64,64.64,1008.77,7.99,0.0
2026-09-14 08:32:57.896881,34.09,73.31,1008.32,1.89,0.0
2026-09-14 08:37:57.896881,34.41,68.51,1008.81,8.3,0.0
2026-09-14 08:42:57.896881,33.04,75.13,1008.39,6.96,0.0
2026-09-14 08:47:57.896881,33.27,71.43,1008.06,9.0,0.0
2026-09-14 08:52:57.896881,34.47,68.99,1008.16,6.26,0.0
2026-09-14 08:57:57.896881,33.24,72.99,1008.61,2.28,0.0
2026-09-14 09:02:57.896881,34.37,73.68,1008.14,23.3,0.0
2026-09-14 09:07:57.896881,32.9,72.93,1008.87,43.29,0.0
2026-09-14 09:12:57.896881,34.67,67.91,1008.75,7.16,0.0
2026-09-14 09:17:57.896881,33.0,69.56,1008.78,9.82,0.0
2026-09-14 09:22:57.896881,34.42,71.0,1008.44,42.64,0.0
2026-09-14 09:27:57.896881,34.46,70.9,1008.4,3.74,0.0
2026-09-14 09:32:57.896881,33.39,73.28,1007.96,5.95,0.0
2026-09-14 09:37:57.896881,34.4,65.0,1008.62,13.37,0.0
2026-09-14 09:42:57.896881,34.12,72.06,1008.42,11.56,0.0
2026-09-14 09:47:57.896881,33.45,70.21,1008.47,19.17,0.0
2026-09-14 09:52:57.896881,33.05,68.58,1008.73,14.75,15.69
2026-09-14 09:57:57.896881,32.26,68.89,1008.06,25.48,0.0
2026-09-14 10:02:57.896881,34.08,70.49,1008.23,12.54,0.0
2026-09-14 10:07:57.896881,32.51,60.36,1008.39,2.98,0.0
2026-09-14 10:12:57.896881,33.8,69.08,1008.07,7.22,0.0
2026-09-14 10:17:57.896881,33.47,68.58,1008.3,17.65,5.03
2026-09-14 10:22:57.896881,34.18,72.84,1008.53,8.37,0.0
2026-09-14 10:27:57.896881,33.35,68.86,1008.29,12.1,0.0
2026-09-14 10:32:57.896881,33.28,70.66,1008.82,12.23,0.0
2026-09-14 10:37:57.896881,34.08,75.97,1007.89,5.43,0.0
2026-09-14 10:42:57.896881,33.71,74.36,1008.64,6.9,0.0
2026-09-14 10:47:57.896881,33.63,74.12,1008.58,11.24,0.0
2026-09-14 10:52:57.896881,33.7,69.95,1008.09,17.1,0.0
2026-09-14 10:57:57.896881,32.03,73.12,1007.97,3.11,0.0
2026-09-14 11:02:57.896881,33.8,70.83,1007.69,10.15,0.0
2026-09-14 11:07:57.896881,33.62,70.99,1008.07,22.06,0.0
2026-09-14 11:12:57.896881,32.25,72.86,1008.6,9.59,0.0
2026-09-14 11:17:57.896881,32.79,69.88,1008.27,13.69,0.0
2026-09-14 11:22:57.896881,32.88,76.2,1008.62,25.14,0.0
2026-09-14 11:27:57.896881,32.73,71.29,1008.09,11.1,0.0
2026-09-14 11:32:57.896881,33.03,73.68,1008.45,24.63,0.0
2026-09-14 11:37:57.896881,33.82,76.25,1008.08,7.3,0.0
2026-09-14 11:42:57.896881,33.46,75.03,1008.08,20.37,0.0
2026-09-14 11:47:57.896881,31.46,67.77,1008.33,12.05,0.0
2026-09-14 11:52:57.896881,32.92,73.39,1008.09,12.29,0.0
2026-09-14 11:57:57.896881,33.4,74.66,1007.8,13.75,0.0
2026-09-14 12:02:57.896881,32.55,74.85,1008.2,12.11,0.0
2026-09-14 12:07:57.896881,33.02,68.89,1008.31,12.46,0.0
2026-09-14 12:12:57.896881,33.66,70.33,1008.61,30.82,0.0
2026-09-14 12:17:57.896881,32.78,75.35,1008.47,14.17,0.0
2026-09-14 12:22:57.896881,32.06,70.14,1008.58,20.62,0.0
2026-09-14 12:27:57.896881,32.59,71.6,1008.48,5.31,0.0
2026-09-14 12:32:57.896881,31.77,77.29,1008.33,2.35,0.0
2026-09-14 12:37:57.896881,31.57,72.49,1007.8,2.58,0.0
2026-09-14 12:42:57.896881,31.16,70.53,1008.38,3.36,0.0
2026-09-14 12:47:57.896881,32.58,70.14,1008.55,25.03,0.0
2026-09-14 12:52:57.896881,30.57,73.85,1008.79,2.47,0.0
2026-09-14 12:57:57.896881,32.34,68.93,1008.61,8.93,0.0
2026-09-14 13:02:57.896881,31.4,72.26,1008.77,36.03,0.0
2026-09-14 13:07:57.896881,29.77,74.08,1008.13,16.07,0.0
2026-09-14 13:12:57.896881,31.06,77.05,1008.35,6.48,0.0
2026-09-14 13:17:57.896881,28.97,75.23,1008.58,4.99,0.0
2026-09-14 13:22:57.896881,31.04,71.17,1008.79,7.5,0.0
2026-09-14 13:27:57.896881,31.12,76.92,1008.33,12.56,0.0
2026-09-14 13:32:57.896881,29.82,72.57,1008.44,7.81,0.0
2026-09-14 13:37:57.896881,30.27,69.84,1008.63,16.07,0.0
2026-09-14 13:42:57.896881,31.62,73.12,1008.02,29.97,0.0
2026-09-14 13:47:57.896881,29.52,78.03,1008.83,5.68,0.0
2026-09-14 13:52:57.896881,28.96,74.29,1008.03,30.95,0.0
2026-09-14 13:57:57.896881,30.86,73.92,1007.72,11.41,0.0
2026-09-14 14:02:57.896881,31.12,78.88,1008.33,7.63,0.0
2026-09-14 14:07:57.896881,29.43,69.76,1008.89,4.93,2.1
2026-09-14 14:12:57.896881,30.11,70.28,1008.59,14.65,0.0
2026-09-14 14:17:57.896881,30.24,69.37,1008.63,6.0,0.0
2026-09-14 14:22:57.896881,28.45,75.42,1008.42,15.65,0.0
2026-09-14 14:27:57.896881,28.52,74.89,1008.38,10.12,0.0
2026-09-14 14:32:57.896881,29.77,79.11,1007.87,7.02,0.0
2026-09-14 14:37:57.896881,30.0,75.29,1007.69,9.98,0.0
2026-09-14 14:42:57.896881,28.97,73.44,1008.35,14.3,0.0
2026-09-14 14:47:57.896881,27.69,74.74,1008.79,9.05,0.0
2026-09-14 14:52:57.896881,29.85,75.18,1008.48,6.01,0.0
2026-09-14 14:57:57.896881,27.71,69.9,1008.55,5.32,0.0
2026-09-14 15:02:57.896881,27.73,83.13,1008.8,16.74,0.0
2026-09-14 15:07:57.896881,28.14,76.65,1008.39,3.76,1.01
2026-09-14 15:12:57.896881,28.98,75.8,1008.37,5.59,0.0
2026-09-14 15:17:57.896881,28.29,77.11,1008.21,2.34,0.0
2026-09-14 15:22:57.896881,27.81,77.48,1008.99,9.6,0.0
2026-09-14 15:27:57.896881,27.72,75.01,1008.61,4.32,0.0
2026-09-14 15:32:57.896881,27.25,73.63,1008.23,8.99,0.0
2026-09-14 15:37:57.896881,27.53,77.41,1008.15,9.24,0.0
2026-09-14 15:42:57.896881,24.93,76.85,1008.89,9.67,0.0
2026-09-14 15:47:57.896881,26.59,73.35,1008.2,6.5,0.0
2026-09-14 15:52:57.896881,26.89,80.12,1009.17,16.66,0.0
2026-09-14 15:57:57.896881,25.65,76.83,1007.75,7.81,0.0
2026-09-14 16:02:57.896881,26.76,78.22,1009.01,5.69,0.0
2026-09-14 16:07:57.896881,26.16,80.3,1008.7,2.59,0.0
2026-09-14 16:12:57.896881,27.6,76.27,1008.52,18.58,0.0
2026-09-14 16:17:57.896881,27.33,77.24,1008.54,6.28,0.0
2026-09-14 16:22:57.896881,25.58,78.8,1009.1,15.81,0.0
2026-09-14 16:27:57.896881,25.7,74.28,1008.76,7.52,0.0
2026-09-14 16:32:57.896881,25.64,76.69,1008.19,32.0,0.0
2026-09-14 16:37:57.896881,25.22,76.99,1007.93,31.26,0.0
2026-09-14 16:42:57.896881,25.62,73.82,1008.52,12.54,0.0
2026-09-14 16:47:57.896881,24.74,83.72,1008.42,12.66,0.0
2026-09-14 16:52:57.896881,24.33,72.63,1008.0,11.7,0.0
2026-09-14 16:57:57.896881,25.61,73.03,1008.42,7.75,0.0
2026-09-14 17:02:57.896881,25.5,80.94,1008.32,17.56,0.0
2026-09-14 17:07:57.896881,24.24,79.21,1008.57,9.76,0.0
2026-09-14 17:12:57.896881,25.49,74.07,1008.75,3.83,0.0
2026-09-14 17:17:57.896881,24.16,79.04,1008.99,8.26,0.0
2026-09-14 17:22:57.896881,24.76,81.7,1008.82,3.99,0.0
2026-09-14 17:27:57.896881,25.11,77.27,1008.36,3.73,0.0
2026-09-14 17:32:57.896881,24.32,85.23,1008.69,5.29,0.0
2026-09-14 17:37:57.896881,24.61,72.33,1008.61,28.5,0.0
2026-09-14 17:42:57.896881,23.73,79.65,1008.18,13.69,0.0
2026-09-14 17:47:57.896881,23.89,81.14,1008.7,8.28,0.0
2026-09-14 17:52:57.896881,23.78,80.38,1009.2,7.69,0.0
2026-09-14 17:57:57.896881,23.25,77.15,1008.69,10.6,0.0
2026-09-14 18:02:57.896881,23.62,76.96,1008.24,6.32,0.0
2026-09-14 18:07:57.896881,22.43,79.22,1008.76,14.26,0.0
2026-09-14 18:12:57.896881,23.18,80.4,1008.38,11.19,0.0
2026-09-14 18:17:57.896881,23.26,79.81,1009.02,13.23,0.0
2026-09-14 18:22:57.896881,23.2,81.18,1008.86,7.87,1.93
2026-09-14 18:27:57.896881,23.13,75.06,1008.72,36.39,0.0
2026-09-14 18:32:57.896881,23.19,77.49,1008.53,3.95,0.0
2026-09-14 18:37:57.896881,23.54,75.41,1008.56,14.44,0.0
2026-09-14 18:42:57.896881,23.78,77.12,1008.68,6.63,0.0
2026-09-14 18:47:57.896881,22.49,81.37,1008.38,11.13,0.0
2026-09-14 18:52:57.896881,21.98,78.7,1008.22,12.21,0.0
2026-09-14 18:57:57.896881,22.04,86.24,1008.94,31.26,2.01
2026-09-14 19:02:57.896881,22.41,79.04,1008.47,12.37,0.0
2026-09-14 19:07:57.896881,22.46,78.69,1008.68,8.14,0.0
2026-09-14 19:12:57.896881,22.06,78.87,1008.72,6.05,0.0
2026-09-14 19:17:57.896881,21.58,76.67,1008.63,42.58,0.0
2026-09-14 19:22:57.896881,22.2,78.45,1008.14,15.39,0.0
2026-09-14 19:27:57.896881,22.65,82.04,1008.03,17.1,0.0
2026-09-14 19:32:57.896881,22.93,79.04,1008.38,1.61,0.0
2026-09-14 19:37:57.896881,21.96,76.35,1008.76,6.42,0.0
2026-09-14 19:42:57.896881,22.03,75.98,1008.51,14.45,0.0
2026-09-14 19:47:57.896881,21.58,77.44,1008.61,2.72,0.0
2026-09-14 19:52:57.896881,22.25,79.04,1009.48,10.79,0.0
2026-09-14 19:57:57.896881,21.56,82.42,1008.29,24.03,0.0
2026-09-14 20:02:57.896881,22.66,74.84,1008.56,4.65,0.0
2026-09-14 20:07:57.896881,20.74,77.93,1009.33,5.6,0.0
2026-09-14 20:12:57.896881,21.85,79.34,1008.63,20.59,0.0
2026-09-14 20:17:57.896881,22.36,73.42,1008.52,6.45,0.0
2026-09-14 20:22:57.896881,22.24,76.44,1009.16,5.13,0.0
2026-09-14 20:27:57.896881,24.22,76.91,1008.77,25.95,0.0
2026-09-14 20:32:57.896881,22.33,76.58,1008.64,9.75,0.0
2026-09-14 20:37:57.896881,21.23,79.55,1008.81,4.6,0.0
2026-09-14 20:42:57.896881,21.95,78.5,1008.5,21.48,0.0
2026-09-14 20:47:57.896881,20.59,77.33,1008.31,3.92,0.0
2026-09-14 20:52:57.896881,21.94,80.28,1008.57,10.31,0.0
2026-09-14 20:57:57.896881,21.33,84.17,1008.28,11.86,0.0
2026-09-14 21:02:57.896881,22.73,83.92,1008.57,6.09,0.0
2026-09-14 21:07:57.896881,21.56,73.23,1008.69,16.47,0.0
2026-09-14 21:12:57.896881,21.91,80.73,1008.91,5.01,0.0
2026-09-14 21:17:57.896881,21.5,78.46,1008.97,17.25,0.0
2026-09-14 21:22:57.896881,23.41,79.45,1008.52,8.82,0.0
2026-09-14 21:27:57.896881,21.78,77.78,1008.83,4.36,0.0
2026-09-14 21:32:57.896881,23.52,79.32,1008.86,10.5,0.0
2026-09-14 21:37:57.896881,22.72,79.41,1008.78,12.85,0.0
2026-09-14 21:42:57.896881,22.48,77.2,1008.54,1.6,4.25
2026-09-14 21:47:57.896881,22.41,76.23,1008.4,24.2,0.0
2026-09-14 21:52:57.896881,22.46,77.56,1008.8,9.42,0.0
2026-09-14 21:57:57.896881,20.63,79.59,1008.2,7.18,0.0
2026-09-14 22:02:57.896881,21.98,80.66,1008.71,12.23,0.0
2026-09-14 22:07:57.896881,22.92,81.4,1007.99,10.2,0.0
2026-09-14 22:12:57.896881,22.24,77.33,1008.36,6.78,0.0
2026-09-14 22:17:57.896881,21.19,79.64,1008.53,12.46,0.0
2026-09-14 22:22:57.896881,22.32,81.65,1009.09,17.27,0.0
2026-09-14 22:27:57.896881,23.77,82.22,1009.0,7.57,0.0
2026-09-14 22:32:57.896881,23.45,78.52,1008.63,0.67,0.0
2026-09-14 22:37:57.896881,22.46,78.0,1008.94,15.71,0.0
2026-09-14 22:42:57.896881,23.32,79.2,1009.01,9.32,0.0
2026-09-14 22:47:57.896881,22.33,75.14,1008.64,4.4,0.0
2026-09-14 22:52:57.896881,21.31,77.97,1008.32,13.14,0.0
2026-09-14 22:57:57.896881,22.0,80.74,1008.64,4.4,0.0
2026-09-14 23:02:57.896881,24.05,80.39,1008.67,15.36,0.0
2026-09-14 23:07:57.896881,22.65,77.61,1008.4,3.79,0.0
2026-09-14 23:12:57.896881,22.74,79.03,1008.9,6.45,0.0
2026-09-14 23:17:57.896881,22.77,75.85,1008.82,2.07,0.0
2026-09-14 23:22:57.896881,24.61,80.39,1008.82,6.24,0.0
2026-09-14 23:27:57.896881,24.46,77.99,1008.74,7.19,0.81
2026-09-14 23:32:57.896881,25.01,77.35,1008.9,9.37,0.0
2026-09-14 23:37:57.896881,23.19,77.03,1008.64,7.78,0.0
2026-09-14 23:42:57.896881,23.64,77.88,1008.71,3.92,0.0
2026-09-14 23:47:57.896881,22.28,76.66,1008.47,9.11,3.25
2026-09-14 23:52:57.896881,24.76,79.92,1008.43,6.37,0.0
2026-09-14 23:57:57.896881,22.73,76.7,1009.0,10.71,0.0
2026-09-15 00:02:57.896881,23.93,82.61,1008.09,4.95,0.0
2026-09-15 00:07:57.896881,22.97,82.16,1008.97,6.04,0.0
2026-09-15 00:12:57.896881,23.48,75.03,1008.61,12.48,0.0
2026-09-15 00:17:57.896881,23.37,77.85,1008.52,8.05,0.0
2026-09-15 00:22:57.896881,23.66,75.62,1008.74,2.44,0.0
2026-09-15 00:27:57.896881,23.81,76.52,1008.16,25.28,0.0
2026-09-15 00:32:57.896881,23.91,83.44,1008.42,16.33,0.0
2026-09-15 00:37:57.896881,25.12,76.44,1008.5,15.94,0.0
2026-09-15 00:42:57.896881,23.67,78.37,1008.65,2.03,0.0
2026-09-15 00:47:57.896881,24.84,78.85,1008.45,1.26,0.0
2026-09-15 00:52:57.896881,25.75,74.15,1009.11,18.6,0.0
2026-09-15 00:57:57.896881,24.48,74.51,1009.08,3.89,0.0
2026-09-15 01:02:57.896881,24.43,73.38,1007.97,10.94,2.39
2026-09-15 01:07:57.896881,24.93,74.27,1008.75,6.22,0.0
2026-09-15 01:12:57.896881,26.17,68.3,1008.85,1.39,7.0
2026-09-15 01:17:57.896881,25.5,78.4,1008.68,5.35,0.0
2026-09-15 01:22:57.896881,25.04,82.85,1008.4,12.36,0.0
2026-09-15 01:27:57.896881,25.97,77.05,1008.5,8.41,0.0
2026-09-15 01:32:57.896881,24.82,72.28,1008.38,28.57,0.0
2026-09-15 01:37:57.896881,26.37,74.52,1008.4,15.04,0.0
2026-09-15 01:42:57.896881,26.27,74.99,1008.16,12.97,0.0
2026-09-15 01:47:57.896881,25.83,73.23,1008.5,10.9,0.0
2026-09-15 01:52:57.896881,25.52,78.78,1008.1,4.38,0.0
2026-09-15 01:57:57.896881,25.61,78.55,1008.5,4.49,0.0
2026-09-15 02:02:57.896881,26.87,72.57,1008.21,9.53,0.0
2026-09-15 02:07:57.896881,27.56,78.13,1008.59,5.38,0.0
2026-09-15 02:12:57.896881,26.19,80.45,1008.33,25.38,0.0
2026-09-15 02:17:57.896881,27.2,81.49,1008.63,14.87,2.12
2026-09-15 02:22:57.896881,25.29,84.29,1008.88,20.14,0.0
2026-09-15 02:27:57.896881,26.62,72.9,1009.04,0.71,0.0
2026-09-15 02:32:57.896881,27.19,83.99,1007.74,12.79,0.0
2026-09-15 02:37:57.896881,26.62,74.37,1008.18,2.41,0.0
2026-09-15 02:42:57.896881,26.73,73.57,1008.23,22.55,0.0
2026-09-15 02:47:57.896881,27.07,76.24,1008.5,14.18,0.0
2026-09-15 02:52:57.896881,27.97,73.43,1007.91,15.59,0.0
2026-09-15 02:57:57.896881,27.72,76.28,1008.15,16.12,0.0
2026-09-15 03:02:57.896881,26.21,71.04,1008.5,5.95,0.0
2026-09-15 03:07:57.896881,26.43,74.2,1008.38,30.67,0.0
2026-09-15 03:12:57.896881,27.78,78.68,1008.41,14.77,0.0
2026-09-15 03:17:57.896881,28.76,74.57,1008.44,11.07,0.0
2026-09-15 03:22:57.896881,26.32,75.08,1008.42,6.51,0.0
2026-09-15 03:27:57.896881,28.25,75.99,1008.36,8.86,0.0
2026-09-15 03:32:57.896881,28.36,77.99,1008.34,21.82,0.0
2026-09-15 03:37:57.896881,30.02,69.43,1008.52,7.66,0.0
2026-09-15 03:42:57.896881,28.73,76.06,1007.66,5.77,12.56
2026-09-15 03:47:57.896881,29.48,73.42,1008.76,13.63,0.0
2026-09-15 03:52:57.896881,29.41,74.63,1007.69,9.42,0.0
2026-09-15 03:57:57.896881,27.72,77.23,1008.0,5.89,0.0
2026-09-15 04:02:57.896881,30.17,70.38,1008.19,19.04,0.0
2026-09-15 04:07:57.896881,29.85,70.84,1008.42,4.07,0.0
2026-09-15 04:12:57.896881,30.21,67.99,1007.3,7.84,0.0
2026-09-15 04:17:57.896881,33.07,72.07,1008.24,4.68,0.0
2026-09-15 04:22:57.896881,28.38,77.62,1008.49,30.22,0.0
2026-09-15 04:27:57.896881,31.55,73.19,1008.54,14.53,0.0
2026-09-15 04:32:57.896881,30.07,69.45,1007.97,12.19,0.0
2026-09-15 04:37:57.896881,30.65,71.93,1008.13,4.87,0.0
2026-09-15 04:42:57.896881,30.5,68.85,1008.0,30.22,0.0
2026-09-15 04:47:57.896881,30.31,69.86,1008.06,2.59,0.0
2026-09-15 04:52:57.896881,30.31,74.32,1007.94,7.75,0.0
2026-09-15 04:57:57.896881,31.15,69.55,1008.01,8.66,0.0
2026-09-15 05:02:57.896881,29.79,76.34,1008.33,2.64,0.0
2026-09-15 05:07:57.896881,31.71,72.71,1008.15,10.23,0.0
2026-09-15 05:12:57.896881,30.89,73.11,1008.25,5.55,0.0
2026-09-15 05:17:57.896881,30.43,71.94,1008.11,24.16,0.0
2026-09-15 05:22:57.896881,31.08,75.02,1008.29,3.21,0.0
2026-09-15 05:27:57.896881,32.55,74.98,1008.34,15.56,0.0
2026-09-15 05:32:57.896881,31.22,73.57,1007.57,10.38,0.0
2026-09-15 05:37:57.896881,32.04,74.19,1007.8,18.31,0.0
2026-09-15 05:42:57.896881,31.27,71.79,1008.07,8.41,0.0
2026-09-15 05:47:57.896881,32.56,73.99,1008.28,4.5,0.0
2026-09-15 05:52:57.896881,32.6,71.28,1008.07,26.69,0.0
2026-09-15 05:57:57.896881,33.63,72.24,1008.56,26.41,0.0
2026-09-15 06:02:57.896881,32.1,71.35,1008.89,15.83,0.0
2026-09-15 06:07:57.896881,32.87,70.74,1008.33,13.88,1.83
2026-09-15 06:12:57.896881,32.5,69.98,1008.26,11.91,0.0
2026-09-15 06:17:57.896881,33.55,73.4,1008.44,14.45,0.0
2026-09-15 06:22:57.896881,32.02,75.87,1007.57,38.48,0.83
2026-09-15 06:27:57.896881,33.28,75.39,1008.15,3.15,0.0
2026-09-15 06:32:57.896881,32.6,68.06,1008.41,9.6,0.0
2026-09-15 06:37:57.896881,32.79,75.64,1007.8,6.35,3.94
2026-09-15 06:42:57.896881,32.99,70.77,1007.65,10.23,0.0
2026-09-15 06:47:57.896881,33.19,73.48,1007.96,2.94,0.0
2026-09-15 06:52:57.896881,32.97,68.91,1008.06,4.21,0.0
2026-09-15 06:57:57.896881,33.3,72.01,1007.82,3.89,0.0
2026-09-15 07:02:57.896881,34.46,72.48,1008.65,14.29,0.0
2026-09-15 07:07:57.896881,34.05,67.04,1007.77,9.38,0.0
2026-09-15 07:12:57.896881,34.02,73.28,1007.53,2.11,0.0
2026-09-15 07:17:57.896881,33.02,75.45,1007.82,2.05,0.0
2026-09-15 07:22:57.896881,32.73,70.85,1008.16,1.39,0.0
2026-09-15 07:27:57.896881,34.26,75.42,1007.9,8.08,0.0
2026-09-15 07:32:57.896881,34.24,70.74,1008.09,8.61,0.0
2026-09-15 07:37:57.896881,34.77,73.82,1007.62,9.02,0.0
2026-09-15 07:42:57.896881,33.15,64.59,1008.38,5.21,0.0
2026-09-15 07:47:57.896881,33.5,78.47,1008.13,7.17,0.0
2026-09-15 07:52:57.896881,32.41,75.67,1008.18,8.26,0.0
2026-09-15 07:57:57.896881,33.45,70.31,1008.04,9.4,0.0
2026-09-15 08:02:57.896881,34.59,65.22,1008.18,11.9,4.71
2026-09-15 08:07:57.896881,33.45,71.98,1007.69,19.37,0.0
2026-09-15 08:12:57.896881,34.37,66.76,1007.76,4.77,0.0
2026-09-15 08:17:57.896881,33.73,72.41,1008.38,16.16,0.0
2026-09-15 08:22:57.896881,34.17,72.3,1008.38,5.61,0.0
2026-09-15 08:27:57.896881,33.01,68.22,1007.61,14.21,0.0
2026-09-15 08:32:57.896881,34.02,74.4,1008.07,9.8,0.0
2026-09-15 08:37:57.896881,31.57,73.44,1007.82,38.22,0.0
2026-09-15 08:42:57.896881,33.83,73.94,1007.84,11.65,0.0
2026-09-15 08:47:57.896881,32.68,71.04,1008.15,17.02,0.0
2026-09-15 08:52:57.896881,34.96,66.76,1008.44,0.41,0.0
2026-09-15 08:57:57.896881,34.62,73.93,1008.15,18.0,0.0
2026-09-15 09:02:57.896881,34.37,70.19,1008.03,5.0,0.0
2026-09-15 09:07:57.896881,35.22,66.83,1008.22,8.78,0.0
2026-09-15 09:12:57.896881,33.24,75.06,1008.01,7.01,0.0
2026-09-15 09:17:57.896881,35.39,77.31,1008.19,3.53,0.0
2026-09-15 09:22:57.896881,34.72,70.89,1008.45,27.75,0.0
2026-09-15 09:27:57.896881,33.78,77.5,1007.45,20.47,0.0
2026-09-15 09:32:57.896881,34.86,71.31,1008.36,4.22,0.0
2026-09-15 09:37:57.896881,33.05,69.91,1007.6,3.91,0.0
2026-09-15 09:42:57.896881,33.25,69.17,1008.48,13.9,0.0
2026-09-15 09:47:57.896881,33.4,75.99,1007.98,17.72,0.0
2026-09-15 09:52:57.896881,33.43,68.75,1007.75,9.46,0.0
2026-09-15 09:57:57.896881,32.98,73.32,1008.41,5.25,0.0
2026-09-15 10:02:57.896881,34.77,69.46,1008.24,8.17,0.0
2026-09-15 10:07:57.896881,33.55,69.78,1007.8,1.75,0.0
2026-09-15 10:12:57.896881,34.0,74.28,1007.74,2.47,0.0
2026-09-15 10:17:57.896881,33.23,70.07,1008.02,18.79,0.0
2026-09-15 10:22:57.896881,32.18,70.03,1007.73,6.07,0.0
2026-09-15 10:27:57.896881,33.81,74.67,1007.78,8.82,0.0
2026-09-15 10:32:57.896881,32.01,76.1,1008.13,11.67,0.0
2026-09-15 10:37:57.896881,33.44,73.27,1007.84,8.77,0.0
2026-09-15 10:42:57.896881,32.34,69.41,1008.25,11.99,7.09
2026-09-15 10:47:57.896881,34.97,69.88,1008.58,18.34,0.0
2026-09-15 10:52:57.896881,34.05,71.69,1008.15,5.03,0.0
2026-09-15 10:57:57.896881,33.34,72.46,1008.27,19.04,0.0
2026-09-15 11:02:57.896881,34.21,68.57,1008.88,11.63,0.0
2026-09-15 11:07:57.896881,32.45,73.75,1007.86,14.4,0.0
2026-09-15 11:12:57.896881,33.5,71.88,1008.6,18.17,0.0
2026-09-15 11:17:57.896881,33.15,66.53,1008.52,10.44,0.0
2026-09-15 11:22:57.896881,33.13,68.94,1008.39,44.37,0.0
2026-09-15 11:27:57.896881,33.86,70.26,1008.52,3.38,0.0
2026-09-15 11:32:57.896881,33.35,71.61,1008.17,18.48,0.0
2026-09-15 11:37:57.896881,32.91,77.55,1007.95,5.85,0.0
2026-09-15 11:42:57.896881,31.27,72.65,1008.49,12.2,0.0
2026-09-15 11:47:57.896881,31.74,69.47,1008.41,8.66,0.0
2026-09-15 11:52:57.896881,32.33,72.71,1008.36,8.24,0.0
2026-09-15 11:57:57.896881,32.41,71.05,1007.97,7.69,3.9
2026-09-15 12:02:57.896881,31.34,73.15,1007.72,14.31,0.0
2026-09-15 12:07:57.896881,34.08,73.98,1008.01,4.22,0.0
2026-09-15 12:12:57.896881,33.27,75.93,1008.22,5.56,0.0
2026-09-15 12:17:57.896881,32.44,72.29,1008.22,3.86,0.0
2026-09-15 12:22:57.896881,31.91,77.35,1007.85,26.39,0.0
2026-09-15 12:27:57.896881,31.59,75.22,1007.96,16.91,0.0
2026-09-15 12:32:57.896881,30.89,70.44,1007.53,5.81,0.0
2026-09-15 12:37:57.896881,31.61,79.26,1008.19,13.68,0.0
2026-09-15 12:42:57.896881,31.65,73.69,1007.66,3.99,0.0
2026-09-15 12:47:57.896881,30.34,70.27,1008.1,9.91,0.0
2026-09-15 12:52:57.896881,31.49,77.81,1007.6,7.78,0.0
2026-09-15 12:57:57.896881,30.99,79.16,1008.19,7.68,0.0
2026-09-15 13:02:57.896881,29.47,72.9,1007.98,6.72,0.0
2026-09-15 13:07:57.896881,30.2,71.57,1007.67,43.27,0.0
2026-09-15 13:12:57.896881,30.44,72.64,1008.04,15.64,0.0
2026-09-15 13:17:57.896881,32.16,75.38,1007.6,35.01,0.0
2026-09-15 13:22:57.896881,30.98,77.14,1008.0,6.45,0.0
2026-09-15 13:27:57.896881,29.35,75.1,1007.65,4.07,1.05
2026-09-15 13:32:57.896881,30.68,73.77,1007.17,11.64,0.0
2026-09-15 13:37:57.896881,28.94,78.04,1007.38,9.9,0.0
2026-09-15 13:42:57.896881,30.92,72.69,1007.58,15.61,0.0
2026-09-15 13:47:57.896881,29.55,76.81,1008.1,18.98,0.0
2026-09-15 13:52:57.896881,29.73,72.93,1008.01,1.5,0.0
2026-09-15 13:57:57.896881,30.74,75.17,1008.18,36.36,0.73
2026-09-15 14:02:57.896881,28.52,73.62,1008.12,12.03,0.0
2026-09-15 14:07:57.896881,28.31,73.88,1007.56,14.9,0.0
2026-09-15 14:12:57.896881,28.83,73.0,1007.64,26.71,0.0
2026-09-15 14:17:57.896881,30.0,78.25,1007.5,4.94,0.0
2026-09-15 14:22:57.896881,27.83,72.11,1007.34,8.97,0.0
2026-09-15 14:27:57.896881,26.65,72.17,1007.04,3.69,0.0
2026-09-15 14:32:57.896881,28.42,80.84,1007.57,4.27,0.0
2026-09-15 14:37:57.896881,29.09,77.5,1007.18,19.05,1.15
2026-09-15 14:42:57.896881,29.48,67.5,1007.55,24.77,0.0
2026-09-15 14:47:57.896881,28.02,73.04,1008.24,2.34,0.0
2026-09-15 14:52:57.896881,27.93,69.39,1007.44,12.62,0.0
2026-09-15 14:57:57.896881,29.05,72.06,1007.77,21.21,0.0
2026-09-15 15:02:57.896881,26.5,65.58,1007.99,18.33,0.0
2026-09-15 15:07:57.896881,27.56,74.68,1007.86,10.77,0.0
2026-09-15 15:12:57.896881,27.89,71.75,1007.9,12.54,0.0
2026-09-15 15:17:57.896881,27.97,75.44,1007.7,12.79,0.0
2026-09-15 15:22:57.896881,27.07,70.47,1007.71,12.05,0.0
2026-09-15 15:27:57.896881,27.37,75.68,1007.51,13.99,0.0
2026-09-15 15:32:57.896881,25.23,74.28,1008.08,8.29,0.0
2026-09-15 15:37:57.896881,26.56,80.11,1007.27,34.29,0.0
2026-09-15 15:42:57.896881,27.32,79.93,1008.1,4.9,0.0
2026-09-15 15:47:57.896881,26.04,78.14,1007.45,22.13,0.0
2026-09-15 15:52:57.896881,26.75,74.89,1008.26,5.6,0.0
2026-09-15 15:57:57.896881,26.93,81.91,1007.91,14.52,0.0
2026-09-15 16:02:57.896881,26.17,71.38,1007.74,5.72,0.0
2026-09-15 16:07:57.896881,26.46,71.91,1008.25,13.94,0.0
2026-09-15 16:12:57.896881,25.43,75.95,1008.39,9.47,0.0
2026-09-15 16:17:57.896881,25.91,83.05,1008.05,16.12,0.0
2026-09-15 16:22:57.896881,26.44,75.76,1008.35,5.22,0.0
2026-09-15 16:27:57.896881,25.95,75.9,1007.42,5.13,0.0
2026-09-15 16:32:57.896881,25.23,72.21,1007.8,29.54,0.0
2026-09-15 16:37:57.896881,25.76,79.45,1008.53,8.64,0.0
2026-09-15 16:42:57.896881,26.04,79.55,1008.01,13.13,0.0
2026-09-15 16:47:57.896881,23.71,79.14,1007.6,2.15,0.0
2026-09-15 16:52:57.896881,26.16,74.96,1008.01,10.38,0.0
2026-09-15 16:57:57.896881,24.85,74.8,1007.96,7.06,0.0
2026-09-15 17:02:57.896881,25.34,73.12,1008.18,32.97,0.0
2026-09-15 17:07:57.896881,25.85,77.33,1008.1,6.75,0.0
2026-09-15 17:12:57.896881,23.68,73.91,1008.28,33.33,0.0
2026-09-15 17:17:57.896881,24.1,73.69,1008.28,6.54,0.0
2026-09-15 17:22:57.896881,24.33,76.02,1008.73,15.17,0.0
2026-09-15 17:27:57.896881,23.83,75.9,1008.55,29.68,0.0
2026-09-15 17:32:57.896881,25.74,75.82,1008.52,8.92,0.0
2026-09-15 17:37:57.896881,23.56,78.9,1008.73,28.53,0.0
2026-09-15 17:42:57.896881,23.7,77.81,1008.24,18.2,0.0
2026-09-15 17:47:57.896881,24.21,76.77,1007.93,10.31,0.0
2026-09-15 17:52:57.896881,22.98,78.25,1008.66,13.66,0.0
2026-09-15 17:57:57.896881,23.53,74.79,1008.36,24.79,0.0
2026-09-15 18:02:57.896881,24.01,78.14,1008.39,13.11,0.0
2026-09-15 18:07:57.896881,23.4,78.34,1008.26,3.03,0.0
2026-09-15 18:12:57.896881,23.5,73.44,1008.29,18.24,0.0
2026-09-15 18:17:57.896881,23.07,80.99,1008.79,18.73,0.0
2026-09-15 18:22:57.896881,22.19,75.42,1008.83,12.78,0.0
2026-09-15 18:27:57.896881,23.58,78.39,1008.86,6.63,0.0
2026-09-15 18:32:57.896881,24.64,81.67,1008.98,17.49,0.0
2026-09-15 18:37:57.896881,23.18,81.0,1008.94,3.65,0.0
2026-09-15 18:42:57.896881,23.27,78.38,1008.76,13.51,0.0
2026-09-15 18:47:57.896881,23.57,77.24,1008.64,13.05,0.0
2026-09-15 18:52:57.896881,21.92,81.22,1009.07,10.61,0.0
2026-09-15 18:57:57.896881,24.23,80.44,1008.62,21.75,0.0
2026-09-15 19:02:57.896881,22.97,76.61,1008.88,7.55,0.0
2026-09-15 19:07:57.896881,24.05,76.12,1008.55,4.7,0.0
2026-09-15 19:12:57.896881,22.09,72.33,1008.59,5.38,0.0
2026-09-15 19:17:57.896881,24.07,79.05,1008.68,22.24,1.11
2026-09-15 19:22:57.896881,23.18,78.38,1008.53,15.48,0.0
2026-09-15 19:27:57.896881,22.95,82.07,1009.11,14.62,0.0
2026-09-15 19:32:57.896881,22.64,79.77,1008.51,13.65,0.0
2026-09-15 19:37:57.896881,22.21,82.73,1008.98,8.94,4.51
2026-09-15 19:42:57.896881,23.32,76.67,1009.04,4.34,0.88
2026-09-15 19:47:57.896881,22.43,82.2,1008.44,4.6,0.0
2026-09-15 19:52:57.896881,20.7,77.23,1008.82,13.98,0.0
2026-09-15 19:57:57.896881,21.35,81.17,1008.99,7.36,0.0
2026-09-15 20:02:57.896881,22.06,74.49,1009.04,5.68,0.0
2026-09-15 20:07:57.896881,22.42,79.59,1008.83,9.14,0.0
2026-09-15 20:12:57.896881,22.1,72.95,1009.15,23.17,0.0
2026-09-15 20:17:57.896881,23.09,78.12,1008.89,11.2,0.0
2026-09-15 20:22:57.896881,20.53,80.26,1008.89,32.37,0.0
2026-09-15 20:27:57.896881,22.18,77.39,1009.06,14.7,0.0
2026-09-15 20:32:57.896881,20.6,75.81,1009.24,45.0,0.0
2026-09-15 20:37:57.896881,22.64,81.51,1008.76,12.8,0.0
2026-09-15 20:42:57.896881,21.95,78.67,1008.84,11.94,0.0
2026-09-15 20:47:57.896881,22.35,77.52,1008.73,11.36,0.0
2026-09-15 20:52:57.896881,21.31,79.12,1008.9,7.16,0.0
2026-09-15 20:57:57.896881,23.02,86.91,1009.45,8.67,0.0
2026-09-15 21:02:57.896881,22.83,82.46,1009.28,36.49,0.0
2026-09-15 21:07:57.896881,22.47,82.49,1008.73,7.39,0.0
2026-09-15 21:12:57.896881,21.9,80.3,1008.9,11.37,0.0
2026-09-15 21:17:57.896881,22.48,79.49,1009.19,11.43,0.0
2026-09-15 21:22:57.896881,21.46,71.8,1008.82,7.98,0.0
2026-09-15 21:27:57.896881,22.72,76.94,1008.8,7.79,0.0
2026-09-15 21:32:57.896881,23.37,77.52,1009.43,9.54,0.0
2026-09-15 21:37:57.896881,22.93,73.33,1008.77,18.21,0.0
2026-09-15 21:42:57.896881,21.51,75.47,1009.26,25.68,0.0
2026-09-15 21:47:57.896881,22.4,72.98,1009.24,3.5,0.0
2026-09-15 21:52:57.896881,21.11,78.79,1008.55,32.15,0.0
2026-09-15 21:57:57.896881,22.63,81.34,1008.55,16.54,0.0
2026-09-15 22:02:57.896881,22.56,82.18,1008.7,17.08,0.0
2026-09-15 22:07:57.896881,20.74,80.08,1008.41,6.0,0.0
2026-09-15 22:12:57.896881,21.35,75.92,1008.84,45.0,0.0
2026-09-15 22:17:57.896881,22.09,72.99,1008.75,5.43,0.0
2026-09-15 22:22:57.896881,22.12,73.49,1008.97,12.02,0.0
2026-09-15 22:27:57.896881,21.44,74.92,1009.27,13.26,0.0
2026-09-15 22:32:57.896881,22.77,76.03,1009.23,30.82,0.77
2026-09-15 22:37:57.896881,22.71,78.18,1009.1,5.77,0.0
2026-09-15 22:42:57.896881,22.41,75.58,1008.45,12.46,0.0
2026-09-15 22:47:57.896881,22.01,79.6,1009.17,2.42,0.0
2026-09-15 22:52:57.896881,23.52,77.85,1009.47,10.78,0.0
2026-09-15 22:57:57.896881,24.06,78.54,1008.08,14.1,0.0
2026-09-15 23:02:57.896881,22.42,81.88,1009.2,6.91,0.0
2026-09-15 23:07:57.896881,22.38,74.88,1008.9,2.95,0.0
2026-09-15 23:12:57.896881,23.33,79.63,1008.64,32.74,0.0
2026-09-15 23:17:57.896881,22.72,78.28,1009.14,4.26,0.0
2026-09-15 23:22:57.896881,22.97,77.28,1009.43,4.73,0.0
2026-09-15 23:27:57.896881,23.75,80.88,1009.02,5.98,0.0
2026-09-15 23:32:57.896881,21.71,80.81,1008.73,24.05,0.0
2026-09-15 23:37:57.896881,24.38,75.28,1008.53,9.77,0.0
2026-09-15 23:42:57.896881,23.46,77.52,1008.79,2.46,0.0
2026-09-15 23:47:57.896881,23.16,78.85,1009.06,6.09,0.0
2026-09-15 23:52:57.896881,23.5,77.13,1008.68,23.97,0.0
2026-09-15 23:57:57.896881,23.64,79.64,1008.77,3.17,0.0
2026-09-16 00:02:57.896881,22.37,78.67,1009.73,4.23,0.0
2026-09-16 00:07:57.896881,25.05,83.26,1009.2,4.49,0.0
2026-09-16 00:12:57.896881,23.98,73.11,1009.22,10.05,0.0
2026-09-16 00:17:57.896881,24.4,77.27,1008.46,11.55,0.0
2026-09-16 00:22:57.896881,24.9,74.85,1008.66,8.89,0.0
2026-09-16 00:27:57.896881,23.43,79.32,1008.86,9.7,0.0
2026-09-16 00:32:57.896881,24.73,72.58,1008.56,3.87,0.0
2026-09-16 00:37:57.896881,24.24,78.4,1009.34,8.79,0.0
2026-09-16 00:42:57.896881,25.24,75.4,1009.28,8.65,0.0
2026-09-16 00:47:57.896881,22.96,75.02,1008.75,4.55,0.0
2026-09-16 00:52:57.896881,24.7,72.81,1009.44,25.97,0.0
2026-09-16 00:57:57.896881,24.41,75.68,1008.91,22.65,0.0
2026-09-16 01:02:57.896881,25.35,80.25,1009.65,3.35,0.0
2026-09-16 01:07:57.896881,25.49,76.85,1008.94,14.61,0.0
2026-09-16 01:12:57.896881,24.66,78.73,1009.09,13.72,0.0
2026-09-16 01:17:57.896881,24.78,81.76,1009.38,12.36,0.0
2026-09-16 01:22:57.896881,25.38,77.48,1009.32,8.68,0.0
2026-09-16 01:27:57.896881,24.87,74.93,1009.06,12.24,2.42
2026-09-16 01:32:57.896881,26.38,77.93,1008.91,9.01,0.0
2026-09-16 01:37:57.896881,25.53,74.82,1009.12,5.95,0.0
2026-09-16 01:42:57.896881,23.62,74.85,1008.67,14.42,0.0
2026-09-16 01:47:57.896881,25.77,71.73,1009.03,1.53,0.0
2026-09-16 01:52:57.896881,25.36,78.98,1008.56,17.44,0.0
2026-09-16 01:57:57.896881,25.02,74.96,1008.4,10.43,0.0
2026-09-16 02:02:57.896881,25.46,76.58,1008.89,7.41,0.0
2026-09-16 02:07:57.896881,26.66,72.84,1009.35,17.07,0.0
2026-09-16 02:12:57.896881,27.76,77.17,1009.17,12.37,0.06
2026-09-16 02:17:57.896881,27.08,73.49,1008.92,26.09,0.0
2026-09-16 02:22:57.896881,26.47,75.27,1009.47,21.02,0.0
2026-09-16 02:27:57.896881,27.45,78.24,1008.75,4.63,0.0
2026-09-16 02:32:57.896881,26.85,77.89,1008.36,6.96,0.0
2026-09-16 02:37:57.896881,26.79,75.37,1008.31,6.11,0.0
2026-09-16 02:42:57.896881,26.55,70.04,1008.57,6.17,0.0
2026-09-16 02:47:57.896881,26.21,84.24,1009.13,29.34,0.0
2026-09-16 02:52:57.896881,27.43,80.41,1008.72,3.26,0.0
2026-09-16 02:57:57.896881,28.0,77.26,1008.97,21.64,0.0
2026-09-16 03:02:57.896881,27.92,72.74,1009.29,29.89,0.0
2026-09-16 03:07:57.896881,27.8,74.57,1008.62,18.99,0.0
2026-09-16 03:12:57.896881,27.51,73.2,1009.05,15.4,0.0
2026-09-16 03:17:57.896881,28.88,78.53,1009.12,3.17,0.0
2026-09-16 03:22:57.896881,27.47,75.44,1008.67,2.64,0.0
2026-09-16 03:27:57.896881,29.27,72.21,1009.36,13.53,0.0
2026-09-16 03:32:57.896881,27.98,73.07,1008.9,8.45,0.0
2026-09-16 03:37:57.896881,28.31,77.76,1008.93,3.52,0.0
2026-09-16 03:42:57.896881,27.87,79.11,1009.67,17.47,0.0
2026-09-16 03:47:57.896881,28.77,78.8,1009.29,14.85,0.0
2026-09-16 03:52:57.896881,30.08,76.41,1009.38,17.51,0.0
2026-09-16 03:57:57.896881,29.84,73.29,1009.52,17.7,0.0
2026-09-16 04:02:57.896881,30.34,64.24,1008.93,22.04,0.0
2026-09-16 04:07:57.896881,30.1,74.77,1009.45,7.46,0.0
2026-09-16 04:12:57.896881,28.92,73.79,1008.91,3.88,0.0
2026-09-16 04:17:57.896881,29.66,74.13,1008.9,28.41,8.22
2026-09-16 04:22:57.896881,29.43,73.79,1008.96,2.63,0.0
2026-09-16 04:27:57.896881,31.24,69.57,1008.98,2.97,0.0
2026-09-16 04:32:57.896881,29.34,75.14,1009.37,6.12,0.0
2026-09-16 04:37:57.896881,31.13,75.29,1009.26,25.92,0.0
2026-09-16 04:42:57.896881,31.25,75.36,1009.08,6.76,0.0
2026-09-16 04:47:57.896881,32.12,76.07,1009.43,3.0,0.0
2026-09-16 04:52:57.896881,30.44,74.97,1009.1,4.73,0.0
2026-09-16 04:57:57.896881,31.46,71.85,1009.05,4.59,0.0
2026-09-16 05:02:57.896881,32.83,72.79,1009.13,11.73,0.0
2026-09-16 05:07:57.896881,30.62,73.2,1009.17,5.57,5.9
2026-09-16 05:12:57.896881,30.0,73.17,1009.1,0.3,0.0
2026-09-16 05:17:57.896881,29.83,75.77,1008.8,45.0,0.0
2026-09-16 05:22:57.896881,32.01,74.64,1009.23,1.25,0.0
2026-09-16 05:27:57.896881,30.04,78.87,1008.94,2.32,0.0
2026-09-16 05:32:57.896881,31.35,79.18,1008.85,17.04,0.0
2026-09-16 05:37:57.896881,32.11,72.74,1008.63,3.61,0.0
2026-09-16 05:42:57.896881,32.0,60.92,1009.37,15.98,0.0
2026-09-16 05:47:57.896881,32.3,76.07,1009.16,13.87,0.0
2026-09-16 05:52:57.896881,32.23,70.68,1009.19,6.55,0.0
2026-09-16 05:57:57.896881,33.17,69.83,1009.44,15.86,0.0
2026-09-16 06:02:57.896881,31.48,70.98,1009.02,8.69,0.0
2026-09-16 06:07:57.896881,31.79,70.77,1008.69,17.48,0.0
2026-09-16 06:12:57.896881,31.81,73.89,1009.27,25.91,0.0
2026-09-16 06:17:57.896881,33.18,67.31,1009.35,3.42,0.0
2026-09-16 06:22:57.896881,33.32,68.7,1009.18,11.32,0.0
2026-09-16 06:27:57.896881,33.04,72.91,1009.77,11.85,0.0
2026-09-16 06:32:57.896881,33.71,73.7,1008.62,11.61,0.0
2026-09-16 06:37:57.896881,31.9,73.7,1009.71,16.19,0.0
2026-09-16 06:42:57.896881,34.25,69.36,1009.62,14.05,0.0
2026-09-16 06:47:57.896881,34.21,68.74,1009.44,3.06,0.0
2026-09-16 06:52:57.896881,33.65,70.11,1008.28,3.63,7.23
2026-09-16 06:57:57.896881,34.55,72.3,1009.69,7.92,0.0
2026-09-16 07:02:57.896881,31.87,75.99,1009.02,11.49,0.0
2026-09-16 07:07:57.896881,32.84,65.35,1009.23,12.06,0.0
2026-09-16 07:12:57.896881,32.73,70.79,1009.33,12.84,0.0
2026-09-16 07:17:57.896881,33.96,67.41,1009.43,14.56,0.0
2026-09-16 07:22:57.896881,32.6,66.42,1009.55,14.27,0.0
2026-09-16 07:27:57.896881,34.1,74.24,1009.7,9.58,0.0
2026-09-16 07:32:57.896881,34.64,72.94,1009.72,26.03,0.0
2026-09-16 07:37:57.896881,34.15,72.62,1009.55,2.75,0.0
2026-09-16 07:42:57.896881,33.87,74.0,1009.65,1.31,0.0
2026-09-16 07:47:57.896881,32.89,69.77,1009.37,11.12,0.0
2026-09-16 07:52:57.896881,33.04,69.89,1009.48,13.22,0.0
2026-09-16 07:57:57.896881,34.76,77.72,1009.9,11.09,0.0
2026-09-16 08:02:57.896881,34.42,70.4,1009.86,6.58,0.0
2026-09-16 08:07:57.896881,33.8,73.32,1009.85,13.75,0.0
2026-09-16 08:12:57.896881,33.52,71.11,1009.4,4.41,0.0
2026-09-16 08:17:57.896881,32.26,65.53,1009.84,2.46,0.0
2026-09-16 08:22:57.896881,33.05,64.93,1009.24,21.06,0.0
2026-09-16 08:27:57.896881,35.46,69.31,1009.98,6.0,0.0
2026-09-16 08:32:57.896881,32.92,74.2,1009.65,10.75,2.86
2026-09-16 08:37:57.896881,34.12,73.39,1010.28,5.41,0.0
2026-09-16 08:42:57.896881,34.78,73.76,1009.21,6.19,0.0
2026-09-16 08:47:57.896881,32.98,68.05,1010.24,18.14,0.0
2026-09-16 08:52:57.896881,34.14,75.85,1009.63,10.06,0.0
2026-09-16 08:57:57.896881,34.75,68.11,1009.64,10.17,19.32
2026-09-16 09:02:57.896881,34.01,71.64,1009.73,2.41,0.0
2026-09-16 09:07:57.896881,36.29,70.97,1009.42,9.46,0.0
2026-09-16 09:12:57.896881,32.66,70.48,1009.55,5.23,0.0
2026-09-16 09:17:57.896881,34.83,75.02,1009.25,40.06,0.0
2026-09-16 09:22:57.896881,33.84,68.9,1009.26,4.78,0.0
2026-09-16 09:27:57.896881,34.58,66.97,1009.58,25.54,0.0
2026-09-16 09:32:57.896881,34.3,71.09,1009.29,11.21,0.0
2026-09-16 09:37:57.896881,33.34,69.85,1009.32,3.42,2.16
2026-09-16 09:42:57.896881,34.09,81.19,1009.21,18.07,0.0
2026-09-16 09:47:57.896881,32.4,73.11,1009.39,24.55,0.0
2026-09-16 09:52:57.896881,34.34,69.87,1009.91,32.23,0.0
2026-09-16 09:57:57.896881,34.07,67.95,1009.26,12.22,0.0
2026-09-16 10:02:57.896881,34.31,65.5,1009.25,5.28,0.0
2026-09-16 10:07:57.896881,34.61,68.08,1009.51,5.16,0.0
2026-09-16 10:12:57.896881,34.02,71.53,1009.33,12.76,0.0
2026-09-16 10:17:57.896881,33.8,75.49,1010.1,2.33,0.0
2026-09-16 10:22:57.896881,32.93,74.61,1009.47,3.6,0.0
2026-09-16 10:27:57.896881,33.02,71.96,1009.64,10.13,0.0
2026-09-16 10:32:57.896881,34.49,70.33,1009.85,17.65,0.0
2026-09-16 10:37:57.896881,34.64,72.15,1009.87,7.79,0.0
2026-09-16 10:42:57.896881,33.25,69.82,1009.69,31.79,0.0
2026-09-16 10:47:57.896881,33.42,76.57,1009.57,13.74,0.0
2026-09-16 10:52:57.896881,32.6,70.88,1010.21,7.3,0.0
2026-09-16 10:57:57.896881,34.2,71.23,1009.58,5.33,0.0
2026-09-16 11:02:57.896881,33.73,64.89,1009.54,3.81,0.0
2026-09-16 11:07:57.896881,34.68,70.99,1009.53,16.07,3.14
2026-09-16 11:12:57.896881,32.36,74.14,1009.2,4.86,0.0
2026-09-16 11:17:57.896881,32.69,68.47,1010.0,12.79,0.0
2026-09-16 11:22:57.896881,33.1,69.47,1009.04,2.94,0.0
2026-09-16 11:27:57.896881,33.36,74.15,1009.74,3.59,0.0
2026-09-16 11:32:57.896881,32.59,67.4,1009.66,9.45,0.0
2026-09-16 11:37:57.896881,31.98,75.05,1010.38,3.63,0.0
2026-09-16 11:42:57.896881,33.3,70.34,1009.23,21.6,0.0
2026-09-16 11:47:57.896881,33.09,70.83,1009.51,1.8,0.0
2026-09-16 11:52:57.896881,31.69,68.68,1009.75,3.06,0.0
2026-09-16 11:57:57.896881,33.42,73.24,1009.66,22.77,0.0
2026-09-16 12:02:57.896881,33.18,79.55,1009.54,20.35,0.0
2026-09-16 12:07:57.896881,32.26,74.58,1009.67,22.94,0.0
2026-09-16 12:12:57.896881,32.12,69.7,1009.27,4.03,2.35
2026-09-16 12:17:57.896881,32.4,75.77,1009.76,9.22,0.0
2026-09-16 12:22:57.896881,31.17,71.48,1008.93,11.21,0.0
2026-09-16 12:27:57.896881,31.78,76.62,1009.62,7.77,0.0
2026-09-16 12:32:57.896881,29.93,74.98,1009.46,14.88,0.0
2026-09-16 12:37:57.896881,32.25,63.81,1009.89,19.39,0.0
2026-09-16 12:42:57.896881,30.19,69.69,1010.1,8.94,0.0
2026-09-16 12:47:57.896881,32.54,75.61,1009.47,3.35,0.0
2026-09-16 12:52:57.896881,30.96,73.31,1010.05,14.58,0.0
2026-09-16 12:57:57.896881,30.94,69.85,1009.55,10.61,0.0
2026-09-16 13:02:57.896881,30.5,71.1,1009.32,17.9,0.0
2026-09-16 13:07:57.896881,30.66,67.36,1010.16,14.92,0.0
2026-09-16 13:12:57.896881,31.91,72.89,1009.87,23.64,0.0
2026-09-16 13:17:57.896881,28.66,79.86,1009.77,10.45,0.0
2026-09-16 13:22:57.896881,31.56,75.72,1010.0,27.85,0.0
2026-09-16 13:27:57.896881,30.69,79.96,1009.91,26.88,0.0
2026-09-16 13:32:57.896881,29.33,76.12,1009.88,16.42,0.0
2026-09-16 13:37:57.896881,29.31,76.63,1009.56,19.74,0.0
2026-09-16 13:42:57.896881,31.39,79.55,1009.9,23.81,0.0
2026-09-16 13:47:57.896881,29.17,74.85,1010.22,8.28,0.0
2026-09-16 13:52:57.896881,28.88,73.24,1009.94,24.08,0.0
2026-09-16 13:57:57.896881,30.59,76.98,1010.18,12.9,0.0
2026-09-16 14:02:57.896881,29.82,78.33,1010.03,16.97,0.0
2026-09-16 14:07:57.896881,28.68,72.61,1009.65,18.91,0.0
2026-09-16 14:12:57.896881,29.47,71.97,1009.49,16.41,0.0
2026-09-16 14:17:57.896881,28.35,74.64,1009.88,11.01,0.0
2026-09-16 14:22:57.896881,29.92,76.8,1009.68,21.18,0.0
2026-09-16 14:27:57.896881,29.76,76.79,1009.91,45.0,0.0
2026-09-16 14:32:57.896881,29.21,70.21,1009.57,45.0,0.0
2026-09-16 14:37:57.896881,28.94,80.3,1009.52,13.68,0.0
2026-09-16 14:42:57.896881,29.93,72.73,1010.1,22.58,0.0
2026-09-16 14:47:57.896881,28.39,73.94,1009.76,45.0,0.0
2026-09-16 14:52:57.896881,27.32,72.12,1009.47,7.52,0.0
2026-09-16 14:57:57.896881,28.49,83.01,1009.73,16.82,0.0
2026-09-16 15:02:57.896881,29.67,75.73,1010.17,17.19,0.0
2026-09-16 15:07:57.896881,27.06,72.53,1009.79,44.96,0.0
2026-09-16 15:12:57.896881,27.45,77.77,1009.92,26.25,0.0
2026-09-16 15:17:57.896881,27.94,77.57,1009.53,10.98,0.0
2026-09-16 15:22:57.896881,27.43,74.79,1010.18,12.11,0.0
2026-09-16 15:27:57.896881,26.56,77.96,1010.59,5.78,0.0
2026-09-16 15:32:57.896881,28.11,73.05,1009.65,3.81,0.0
2026-09-16 15:37:57.896881,28.94,74.13,1009.49,15.77,0.0
2026-09-16 15:42:57.896881,27.12,69.66,1009.86,14.59,0.0
2026-09-16 15:47:57.896881,26.11,71.81,1010.02,9.31,0.0
2026-09-16 15:52:57.896881,25.46,81.29,1009.8,5.49,0.0
2026-09-16 15:57:57.896881,26.78,80.88,1009.52,7.66,0.0
2026-09-16 16:02:57.896881,27.33,76.23,1009.83,37.49,0.0
2026-09-16 16:07:57.896881,26.7,81.11,1010.11,4.97,0.61
2026-09-16 16:12:57.896881,26.19,75.72,1009.7,2.51,0.0
2026-09-16 16:17:57.896881,25.6,75.56,1010.06,16.28,0.0
2026-09-16 16:22:57.896881,25.07,76.54,1010.23,7.37,1.95
2026-09-16 16:27:57.896881,26.49,76.07,1009.98,18.71,0.0
2026-09-16 16:32:57.896881,26.43,75.89,1009.86,17.15,0.0
2026-09-16 16:37:57.896881,24.35,80.04,1010.08,3.03,0.0
2026-09-16 16:42:57.896881,26.74,77.14,1009.59,15.93,0.0
2026-09-16 16:47:57.896881,25.81,78.91,1009.68,8.11,0.0
2026-09-16 16:52:57.896881,26.35,79.94,1009.94,21.35,0.0
2026-09-16 16:57:57.896881,24.04,78.09,1009.94,21.34,0.0
2026-09-16 17:02:57.896881,23.91,74.09,1009.83,4.09,0.0
2026-09-16 17:07:57.896881,24.77,73.02,1010.59,2.76,0.0
2026-09-16 17:12:57.896881,25.18,77.6,1010.66,20.7,0.0
2026-09-16 17:17:57.896881,26.1,76.71,1009.87,18.98,0.0
2026-09-16 17:22:57.896881,25.12,77.56,1009.91,4.33,0.0
2026-09-16 17:27:57.896881,24.26,77.32,1009.79,20.88,0.0
2026-09-16 17:32:57.896881,23.53,85.19,1010.15,9.9,0.0
2026-09-16 17:37:57.896881,25.23,73.51,1010.2,1.13,0.0
2026-09-16 17:42:57.896881,23.37,71.6,1009.28,6.86,0.0
2026-09-16 17:47:57.896881,25.35,78.63,1009.97,7.39,0.0
2026-09-16 17:52:57.896881,23.72,76.57,1009.44,0.59,0.0
2026-09-16 17:57:57.896881,25.12,78.71,1010.33,23.85,0.0
2026-09-16 18:02:57.896881,24.3,79.58,1009.83,24.81,0.0
2026-09-16 18:07:57.896881,23.56,81.74,1009.43,27.71,0.0
2026-09-16 18:12:57.896881,23.16,73.43,1009.55,3.72,0.0
2026-09-16 18:17:57.896881,23.22,76.34,1009.56,6.93,0.0
2026-09-16 18:22:57.896881,23.75,79.35,1009.85,8.52,0.0
2026-09-16 18:27:57.896881,23.38,80.43,1010.05,2.95,0.0
2026-09-16 18:32:57.896881,22.76,84.75,1009.43,13.02,0.0
2026-09-16 18:37:57.896881,23.03,81.09,1010.32,4.57,0.0
2026-09-16 18:42:57.896881,23.15,78.11,1010.23,10.37,0.0
2026-09-16 18:47:57.896881,21.31,75.65,1009.45,5.75,0.0
2026-09-16 18:52:57.896881,23.31,76.68,1009.65,15.72,0.0
2026-09-16 18:57:57.896881,22.09,76.64,1010.2,19.99,0.0
2026-09-16 19:02:57.896881,21.88,80.43,1010.04,9.37,0.0
2026-09-16 19:07:57.896881,21.39,79.28,1009.51,8.78,0.0
2026-09-16 19:12:57.896881,21.24,74.58,1009.81,14.3,0.0
2026-09-16 19:17:57.896881,21.53,77.28,1010.43,1.46,0.0
2026-09-16 19:22:57.896881,21.99,81.26,1009.56,6.88,0.0
2026-09-16 19:27:57.896881,24.07,79.72,1009.39,4.62,0.0
2026-09-16 19:32:57.896881,22.04,80.4,1009.62,25.13,0.0
2026-09-16 19:37:57.896881,22.55,79.88,1009.53,44.01,0.0
2026-09-16 19:42:57.896881,22.68,83.64,1009.29,3.06,0.0
2026-09-16 19:47:57.896881,22.42,79.5,1009.57,11.18,0.0
2026-09-16 19:52:57.896881,22.22,77.66,1009.05,3.73,0.0
2026-09-16 19:57:57.896881,21.28,76.09,1009.19,4.45,0.0
2026-09-16 20:02:57.896881,23.37,79.61,1009.63,11.29,0.0
2026-09-16 20:07:57.896881,23.62,71.56,1008.88,8.21,0.0
2026-09-16 20:12:57.896881,20.8,78.35,1009.68,11.14,0.0
2026-09-16 20:17:57.896881,21.3,78.31,1008.82,4.28,4.91
2026-09-16 20:22:57.896881,21.87,74.85,1008.88,11.3,0.0
2026-09-16 20:27:57.896881,21.3,76.17,1009.23,24.38,0.0
2026-09-16 20:32:57.896881,22.46,81.39,1009.53,17.76,0.0
2026-09-16 20:37:57.896881,21.45,79.67,1009.87,2.59,10.45
2026-09-16 20:42:57.896881,23.75,79.29,1009.54,30.1,0.0
2026-09-16 20:47:57.896881,22.97,79.91,1009.51,3.85,0.0
2026-09-16 20:52:57.896881,22.18,79.27,1009.78,4.51,0.0
2026-09-16 20:57:57.896881,22.82,82.73,1009.39,20.03,0.0
2026-09-16 21:02:57.896881,22.88,79.37,1009.61,11.57,0.0
2026-09-16 21:07:57.896881,21.55,74.62,1009.22,9.18,0.0
2026-09-16 21:12:57.896881,21.35,83.89,1009.6,7.73,0.0
2026-09-16 21:17:57.896881,22.08,80.1,1009.62,8.01,0.0
2026-09-16 21:22:57.896881,22.71,77.22,1009.46,8.26,0.0
2026-09-16 21:27:57.896881,22.15,75.22,1009.72,15.16,0.0
2026-09-16 21:32:57.896881,20.79,80.15,1009.74,16.53,0.0
2026-09-16 21:37:57.896881,21.43,78.6,1010.05,8.21,0.0
2026-09-16 21:42:57.896881,22.03,83.66,1009.24,26.6,0.0
2026-09-16 21:47:57.896881,22.05,77.89,1009.65,11.43,0.0
2026-09-16 21:52:57.896881,23.72,76.39,1009.46,12.91,0.0
2026-09-16 21:57:57.896881,21.06,81.57,1009.94,22.77,0.0
2026-09-16 22:02:57.896881,22.61,81.64,1009.92,5.8,0.0
2026-09-16 22:07:57.896881,23.43,79.35,1009.81,15.38,0.0
2026-09-16 22:12:57.896881,24.09,80.84,1009.42,5.08,0.0
2026-09-16 22:17:57.896881,21.99,78.67,1009.95,4.56,0.0
2026-09-16 22:22:57.896881,22.75,79.46,1009.17,28.25,0.0
2026-09-16 22:27:57.896881,22.86,82.22,1009.06,33.59,0.0
2026-09-16 22:32:57.896881,22.61,80.57,1009.2,12.84,0.0
2026-09-16 22:37:57.896881,22.43,78.15,1009.53,6.71,0.0
2026-09-16 22:42:57.896881,22.91,82.68,1009.7,14.84,0.0
2026-09-16 22:47:57.896881,20.59,71.49,1008.61,10.91,0.0
2026-09-16 22:52:57.896881,23.22,84.7,1009.83,18.47,0.0
2026-09-16 22:57:57.896881,22.84,73.39,1009.42,10.69,0.0
2026-09-16 23:02:57.896881,22.63,76.58,1009.01,10.77,0.0
2026-09-16 23:07:57.896881,24.51,78.3,1009.53,4.65,0.0
2026-09-16 23:12:57.896881,22.4,77.93,1009.79,7.15,0.0
2026-09-16 23:17:57.896881,22.69,81.35,1009.67,9.07,0.0
2026-09-16 23:22:57.896881,24.68,75.1,1009.85,15.45,0.0
2026-09-16 23:27:57.896881,22.5,79.01,1009.16,6.27,0.0
2026-09-16 23:32:57.896881,22.8,76.44,1009.44,31.06,0.0
2026-09-16 23:37:57.896881,23.2,79.0,1009.33,10.5,0.0
2026-09-16 23:42:57.896881,24.08,77.87,1010.02,3.11,0.0
2026-09-16 23:47:57.896881,23.66,78.29,1009.65,8.29,1.81
2026-09-16 23:52:57.896881,22.54,76.3,1010.32,17.1,0.0
2026-09-16 23:57:57.896881,23.24,76.36,1009.34,8.46,0.0
2026-09-17 00:02:57.896881,23.27,78.69,1009.22,4.6,0.0
2026-09-17 00:07:57.896881,23.79,80.6,1009.4,7.45,0.0
2026-09-17 00:12:57.896881,24.29,75.91,1009.83,6.17,0.0
2026-09-17 00:17:57.896881,24.38,75.03,1009.29,15.18,0.0
2026-09-17 00:22:57.896881,22.72,79.41,1009.49,6.0,0.0
2026-09-17 00:27:57.896881,25.1,77.41,1009.53,1.71,0.0
2026-09-17 00:32:57.896881,24.55,79.93,1009.46,5.65,0.0
2026-09-17 00:37:57.896881,25.56,74.65,1009.2,21.01,0.0
2026-09-17 00:42:57.896881,24.91,71.96,1009.33,14.66,0.0
2026-09-17 00:47:57.896881,25.55,75.62,1009.32,2.18,0.0
2026-09-17 00:52:57.896881,25.15,74.85,1009.34,19.79,0.0
2026-09-17 00:57:57.896881,25.96,76.84,1009.67,23.66,0.0
2026-09-17 01:02:57.896881,25.42,75.09,1009.94,15.82,0.0
2026-09-17 01:07:57.896881,25.04,79.15,1009.18,4.94,0.0
2026-09-17 01:12:57.896881,27.05,75.98,1009.25,21.21,0.0
2026-09-17 01:17:57.896881,26.06,77.22,1009.18,8.99,3.86
2026-09-17 01:22:57.896881,25.92,77.16,1009.34,6.04,0.0
2026-09-17 01:27:57.896881,24.56,77.2,1009.16,9.01,0.0
2026-09-17 01:32:57.896881,24.67,76.46,1009.44,13.8,0.0
2026-09-17 01:37:57.896881,26.06,77.98,1009.68,15.8,0.0
2026-09-17 01:42:57.896881,26.06,73.98,1008.66,11.81,0.0
2026-09-17 01:47:57.896881,25.58,80.48,1009.56,10.0,0.0
2026-09-17 01:52:57.896881,26.31,75.49,1009.28,4.61,0.0
2026-09-17 01:57:57.896881,27.59,72.18,1009.57,14.68,0.0
2026-09-17 02:02:57.896881,27.0,76.6,1009.32,12.04,0.0
2026-09-17 02:07:57.896881,25.66,73.4,1010.02,15.52,0.0
2026-09-17 02:12:57.896881,26.61,77.86,1009.97,9.53,0.0
2026-09-17 02:17:57.896881,26.19,82.41,1009.82,16.72,0.0
2026-09-17 02:22:57.896881,26.65,73.33,1009.89,15.43,0.0
2026-09-17 02:27:57.896881,26.76,76.61,1009.39,7.64,0.0
2026-09-17 02:32:57.896881,26.83,70.26,1009.47,10.19,0.0
2026-09-17 02:37:57.896881,26.34,76.8,1009.89,17.79,0.0
2026-09-17 02:42:57.896881,27.37,72.69,1009.37,18.66,0.0
2026-09-17 02:47:57.896881,27.16,73.39,1010.04,23.19,0.0
2026-09-17 02:52:57.896881,25.39,71.87,1009.47,5.98,0.0
2026-09-17 02:57:57.896881,29.51,77.28,1009.72,7.97,0.0
2026-09-17 03:02:57.896881,28.87,78.02,1010.16,29.27,0.0
2026-09-17 03:07:57.896881,27.83,74.98,1009.32,38.46,0.0
2026-09-17 03:12:57.896881,28.28,72.23,1009.59,12.91,0.0
2026-09-17 03:17:57.896881,27.46,79.51,1009.88,10.07,0.0
2026-09-17 03:22:57.896881,29.88,72.4,1009.83,38.34,0.0
2026-09-17 03:27:57.896881,30.17,68.08,1009.46,31.19,0.0
2026-09-17 03:32:57.896881,28.91,75.85,1009.44,17.93,0.0
2026-09-17 03:37:57.896881,29.73,71.08,1009.47,9.64,0.0
2026-09-17 03:42:57.896881,29.18,77.27,1009.99,13.64,0.0
2026-09-17 03:47:57.896881,28.1,73.08,1009.53,2.44,2.14
2026-09-17 03:52:57.896881,28.97,75.95,1009.67,20.09,0.0
2026-09-17 03:57:57.896881,29.53,78.25,1009.52,6.32,0.0
2026-09-17 04:02:57.896881,29.19,70.34,1009.89,28.18,0.0
2026-09-17 04:07:57.896881,29.5,72.18,1009.75,1.76,0.0
2026-09-17 04:12:57.896881,29.73,73.57,1009.44,6.55,0.0
2026-09-17 04:17:57.896881,29.86,78.33,1009.35,11.68,0.0
2026-09-17 04:22:57.896881,30.09,71.66,1008.96,11.22,0.0
2026-09-17 04:27:57.896881,29.33,71.77,1009.36,5.81,0.0
2026-09-17 04:32:57.896881,29.72,74.9,1009.77,11.59,0.0
2026-09-17 04:37:57.896881,29.39,71.66,1009.95,9.5,0.0
2026-09-17 04:42:57.896881,31.32,73.77,1009.74,11.64,0.0
2026-09-17 04:47:57.896881,28.97,68.58,1009.66,7.32,0.0
2026-09-17 04:52:57.896881,31.69,79.8,1009.47,22.57,0.0
2026-09-17 04:57:57.896881,32.0,69.03,1009.75,13.85,0.0
2026-09-17 05:02:57.896881,30.76,72.03,1009.71,7.62,0.0
2026-09-17 05:07:57.896881,29.03,72.83,1010.13,16.62,0.0
2026-09-17 05:12:57.896881,30.93,78.59,1009.63,6.5,0.0
2026-09-17 05:17:57.896881,31.28,68.8,1010.08,6.65,0.0
2026-09-17 05:22:57.896881,30.63,78.66,1009.91,2.11,0.0
2026-09-17 05:27:57.896881,31.14,74.91,1009.91,14.51,0.0
2026-09-17 05:32:57.896881,32.88,73.82,1009.11,12.29,0.0
2026-09-17 05:37:57.896881,32.29,69.54,1010.0,5.18,0.0
2026-09-17 05:42:57.896881,31.12,74.14,1009.69,5.05,0.0
2026-09-17 05:47:57.896881,30.68,70.19,1009.57,14.71,0.0
2026-09-17 05:52:57.896881,31.79,76.1,1009.22,7.88,0.0
2026-09-17 05:57:57.896881,31.98,69.32,1009.7,14.73,0.0
2026-09-17 06:02:57.896881,32.64,71.83,1009.7,2.27,0.0
2026-09-17 06:07:57.896881,31.91,70.44,1009.29,3.72,0.0
2026-09-17 06:12:57.896881,32.83,69.09,1009.25,20.98,0.0
2026-09-17 06:17:57.896881,34.06,74.22,1009.86,12.9,0.0
2026-09-17 06:22:57.896881,33.25,73.54,1009.9,17.7,0.0
2026-09-17 06:27:57.896881,32.64,75.51,1009.76,7.89,4.31
2026-09-17 06:32:57.896881,32.61,66.49,1010.05,5.66,0.0
2026-09-17 06:37:57.896881,32.55,74.97,1009.67,19.96,0.0
2026-09-17 06:42:57.896881,33.86,79.24,1009.7,0.33,0.0
2026-09-17 06:47:57.896881,32.49,70.32,1009.46,10.4,0.0
2026-09-17 06:52:57.896881,33.1,77.31,1009.3,17.03,0.0
2026-09-17 06:57:57.896881,33.17,70.79,1010.35,7.84,0.0
2026-09-17 07:02:57.896881,32.79,67.42,1010.17,40.99,0.0
2026-09-17 07:07:57.896881,32.16,70.58,1009.48,10.62,0.0
2026-09-17 07:12:57.896881,33.58,74.6,1009.99,14.77,0.0
2026-09-17 07:17:57.896881,33.33,68.9,1009.91,5.24,0.0
2026-09-17 07:22:57.896881,33.84,69.57,1009.8,31.17,0.0
2026-09-17 07:27:57.896881,33.06,73.12,1009.84,11.52,0.0
2026-09-17 07:32:57.896881,34.52,71.31,1010.07,8.22,0.0
2026-09-17 07:37:57.896881,32.89,73.03,1010.17,11.07,0.0
2026-09-17 07:42:57.896881,35.01,71.95,1009.96,16.04,0.0
2026-09-17 07:47:57.896881,32.28,72.65,1009.82,6.64,0.0
2026-09-17 07:52:57.896881,34.07,69.89,1009.82,13.8,0.0
2026-09-17 07:57:57.896881,34.14,71.85,1010.07,2.2,0.0
2026-09-17 08:02:57.896881,33.16,68.35,1009.95,3.12,0.0
2026-09-17 08:07:57.896881,34.17,74.98,1009.81,11.4,0.0
2026-09-17 08:12:57.896881,34.88,69.19,1009.91,29.08,0.0
2026-09-17 08:17:57.896881,32.11,74.46,1010.0,1.89,0.0
2026-09-17 08:22:57.896881,34.31,70.36,1009.73,6.44,0.0
2026-09-17 08:27:57.896881,31.94,71.65,1010.08,3.62,0.0
2026-09-17 08:32:57.896881,33.18,69.55,1009.57,7.74,0.0
2026-09-17 08:37:57.896881,35.27,67.98,1009.75,10.88,0.67
2026-09-17 08:42:57.896881,33.51,65.78,1010.02,8.74,0.0
2026-09-17 08:47:57.896881,33.05,67.84,1009.53,1.13,0.0
2026-09-17 08:52:57.896881,33.84,70.03,1009.33,2.28,0.0
2026-09-17 08:57:57.896881,35.65,71.64,1009.85,3.71,0.0
2026-09-17 09:02:57.896881,32.53,74.03,1009.42,7.05,0.0
2026-09-17 09:07:57.896881,33.16,69.66,1009.56,5.37,0.0
2026-09-17 09:12:57.896881,35.19,68.36,1010.21,7.29,0.0
2026-09-17 09:17:57.896881,35.47,66.68,1009.97,9.63,0.0
2026-09-17 09:22:57.896881,33.89,72.46,1010.5,8.11,0.58
2026-09-17 09:27:57.896881,32.97,75.17,1009.81,32.91,0.0
2026-09-17 09:32:57.896881,35.63,74.83,1010.17,33.66,0.0
2026-09-17 09:37:57.896881,35.21,73.18,1010.36,11.12,0.0
2026-09-17 09:42:57.896881,34.45,72.98,1009.85,5.97,0.0
2026-09-17 09:47:57.896881,33.23,76.17,1010.55,8.02,0.0
2026-09-17 09:52:57.896881,33.82,72.09,1010.34,12.51,0.0
2026-09-17 09:57:57.896881,33.7,73.05,1009.68,4.63,0.0
2026-09-17 10:02:57.896881,34.06,70.17,1010.0,12.67,0.0
2026-09-17 10:07:57.896881,34.92,67.07,1010.15,8.36,0.0
2026-09-17 10:12:57.896881,34.43,69.13,1009.82,29.92,0.0
2026-09-17 10:17:57.896881,32.82,71.18,1009.61,4.52,0.0
2026-09-17 10:22:57.896881,34.74,71.42,1010.16,24.8,0.0
2026-09-17 10:27:57.896881,33.84,77.05,1010.8,12.58,0.0
2026-09-17 10:32:57.896881,34.09,71.55,1009.96,5.67,0.0
2026-09-17 10:37:57.896881,34.67,74.88,1010.6,17.18,0.0
2026-09-17 10:42:57.896881,32.55,70.07,1010.01,6.99,0.0
2026-09-17 10:47:57.896881,33.35,70.48,1010.34,8.59,10.04
2026-09-17 10:52:57.896881,32.9,67.46,1010.54,5.88,0.0
2026-09-17 10:57:57.896881,32.01,69.27,1010.32,20.61,0.0
2026-09-17 11:02:57.896881,33.47,73.12,1010.21,38.6,0.0
2026-09-17 11:07:57.896881,35.14,71.6,1010.55,4.58,0.0
2026-09-17 11:12:57.896881,31.59,74.46,1010.83,19.49,0.0
2026-09-17 11:17:57.896881,32.96,72.22,1010.33,10.79,0.0
2026-09-17 11:22:57.896881,33.43,70.67,1009.99,18.18,0.0
2026-09-17 11:27:57.896881,32.94,78.22,1010.06,12.32,0.0
2026-09-17 11:32:57.896881,32.67,71.54,1010.9,8.93,0.0
2026-09-17 11:37:57.896881,31.64,75.37,1010.21,45.0,0.0
2026-09-17 11:42:57.896881,32.78,70.73,1009.99,11.74,0.0
2026-09-17 11:47:57.896881,31.91,74.12,1009.84,19.3,0.0
2026-09-17 11:52:57.896881,30.67,74.83,1009.54,5.97,0.0
2026-09-17 11:57:57.896881,33.29,72.74,1010.18,28.52,0.0
2026-09-17 12:02:57.896881,33.01,65.11,1010.23,10.43,0.0
2026-09-17 12:07:57.896881,32.19,72.29,1009.88,3.09,0.0
2026-09-17 12:12:57.896881,32.24,75.99,1010.03,7.62,0.0
2026-09-17 12:17:57.896881,32.82,73.95,1009.64,11.55,0.0
2026-09-17 12:22:57.896881,32.04,73.77,1010.0,11.12,0.0
2026-09-17 12:27:57.896881,32.48,67.33,1010.0,9.52,0.0
2026-09-17 12:32:57.896881,31.41,70.4,1009.68,10.82,0.0
2026-09-17 12:37:57.896881,32.6,73.87,1010.29,4.22,0.0
2026-09-17 12:42:57.896881,31.7,73.94,1009.54,10.51,0.0
2026-09-17 12:47:57.896881,31.49,76.42,1009.83,6.86,0.0
2026-09-17 12:52:57.896881,30.21,72.42,1010.0,14.78,0.0
2026-09-17 12:57:57.896881,31.34,74.14,1009.72,10.97,0.0
2026-09-17 13:02:57.896881,30.33,73.05,1009.77,6.24,3.84
2026-09-17 13:07:57.896881,30.38,70.12,1009.42,15.35,0.0
2026-09-17 13:12:57.896881,30.12,66.39,1010.16,20.37,0.0
2026-09-17 13:17:57.896881,29.8,74.52,1009.64,13.0,0.0
2026-09-17 13:22:57.896881,32.24,73.83,1009.86,5.27,0.0
2026-09-17 13:27:57.896881,31.48,71.53,1009.85,35.2,0.0
2026-09-17 13:32:57.896881,31.83,68.61,1009.31,9.87,3.0
2026-09-17 13:37:57.896881,29.2,75.44,1009.51,12.69,0.0
2026-09-17 13:42:57.896881,30.11,72.83,1010.0,1.8,0.0
2026-09-17 13:47:57.896881,28.89,75.38,1009.29,10.77,5.92
2026-09-17 13:52:57.896881,29.25,79.39,1010.24,17.96,0.0
2026-09-17 13:57:57.896881,28.94,67.46,1009.4,8.28,0.0
2026-09-17 14:02:57.896881,30.54,71.87,1009.23,14.14,0.0
2026-09-17 14:07:57.896881,29.11,73.42,1009.64,14.46,12.97
2026-09-17 14:12:57.896881,30.15,78.5,1010.21,18.94,0.0
2026-09-17 14:17:57.896881,29.65,69.31,1009.05,10.13,0.0
2026-09-17 14:22:57.896881,30.88,80.11,1009.51,7.35,0.0
2026-09-17 14:27:57.896881,27.73,74.8,1009.75,3.48,0.0
2026-09-17 14:32:57.896881,29.79,74.19,1009.62,14.57,0.0
2026-09-17 14:37:57.896881,29.57,73.97,1009.7,33.6,0.0
2026-09-17 14:42:57.896881,27.74,73.34,1009.38,5.4,0.0
2026-09-17 14:47:57.896881,29.2,77.88,1009.45,17.15,0.0
2026-09-17 14:52:57.896881,28.53,71.62,1009.66,30.46,0.0
2026-09-17 14:57:57.896881,27.95,75.95,1009.38,5.99,0.0
2026-09-17 15:02:57.896881,27.34,73.85,1009.66,20.85,0.0
2026-09-17 15:07:57.896881,27.29,72.8,1009.56,3.05,0.0
2026-09-17 15:12:57.896881,29.38,82.93,1009.62,21.02,0.0
2026-09-17 15:17:57.896881,27.61,76.52,1009.93,1.88,0.0
2026-09-17 15:22:57.896881,28.1,77.19,1009.33,1.15,0.0
2026-09-17 15:27:57.896881,26.71,78.85,1009.85,4.59,4.13
2026-09-17 15:32:57.896881,26.59,71.26,1010.65,14.89,0.0
2026-09-17 15:37:57.896881,27.95,80.87,1009.68,11.59,0.0
2026-09-17 15:42:57.896881,25.88,68.17,1010.37,21.43,0.0
2026-09-17 15:47:57.896881,26.5,73.47,1009.94,9.85,0.0
2026-09-17 15:52:57.896881,26.73,74.49,1009.74,4.12,0.0
2026-09-17 15:57:57.896881,26.66,77.7,1009.49,11.88,0.0
2026-09-17 16:02:57.896881,26.3,76.69,1009.87,15.95,0.0
2026-09-17 16:07:57.896881,26.64,75.62,1010.23,14.17,0.0
2026-09-17 16:12:57.896881,26.75,76.17,1009.8,14.63,0.0
2026-09-17 16:17:57.896881,26.66,73.35,1009.9,17.44,0.0
2026-09-17 16:22:57.896881,25.16,71.88,1010.25,10.5,0.0
2026-09-17 16:27:57.896881,25.6,78.63,1009.98,21.43,0.0
2026-09-17 16:32:57.896881,26.66,78.61,1009.32,2.59,0.0
2026-09-17 16:37:57.896881,26.3,81.36,1009.78,22.24,2.92
2026-09-17 16:42:57.896881,24.37,74.32,1010.27,21.68,0.0
2026-09-17 16:47:57.896881,25.63,78.85,1009.83,9.95,0.0
2026-09-17 16:52:57.896881,23.65,76.0,1009.04,13.15,0.0
2026-09-17 16:57:57.896881,25.15,80.5,1010.02,15.27,0.0
2026-09-17 17:02:57.896881,26.52,80.07,1009.81,45.0,0.0
2026-09-17 17:07:57.896881,24.13,77.71,1009.39,9.3,0.0
2026-09-17 17:12:57.896881,24.11,76.13,1009.41,9.61,0.0
2026-09-17 17:17:57.896881,25.28,80.11,1010.27,3.73,0.0
2026-09-17 17:22:57.896881,23.32,79.24,1009.78,27.86,0.0
2026-09-17 17:27:57.896881,23.95,75.31,1009.64,14.34,0.0
2026-09-17 17:32:57.896881,24.82,73.45,1009.87,8.0,0.0
2026-09-17 17:37:57.896881,23.74,76.64,1009.59,10.87,0.0
2026-09-17 17:42:57.896881,23.95,82.12,1009.88,18.76,0.87
2026-09-17 17:47:57.896881,24.64,81.08,1009.78,11.51,4.1
2026-09-17 17:52:57.896881,24.28,74.37,1009.37,14.27,0.0
2026-09-17 17:57:57.896881,24.06,74.26,1009.6,4.36,0.0
2026-09-17 18:02:57.896881,23.49,81.65,1009.86,4.88,0.0
2026-09-17 18:07:57.896881,23.96,74.48,1009.66,23.74,0.0
2026-09-17 18:12:57.896881,23.48,79.48,1009.71,6.25,0.0
2026-09-17 18:17:57.896881,23.86,76.16,1010.32,4.97,0.0
2026-09-17 18:22:57.896881,23.01,82.92,1009.95,1.53,0.0
2026-09-17 18:27:57.896881,23.17,75.81,1009.96,21.02,0.0
2026-09-17 18:32:57.896881,22.45,81.6,1009.58,6.94,0.0
2026-09-17 18:37:57.896881,23.13,78.78,1009.63,30.06,0.0
2026-09-17 18:42:57.896881,22.44,79.03,1009.5,5.73,0.0
2026-09-17 18:47:57.896881,22.12,72.41,1009.84,3.17,0.0
2026-09-17 18:52:57.896881,23.15,71.76,1009.57,5.28,0.0
2026-09-17 18:57:57.896881,23.04,77.76,1009.57,10.8,0.0
2026-09-17 19:02:57.896881,23.43,79.2,1009.49,44.19,0.0
2026-09-17 19:07:57.896881,22.39,75.13,1009.46,27.21,0.0
2026-09-17 19:12:57.896881,23.0,75.28,1010.37,20.64,0.0
2026-09-17 19:17:57.896881,23.06,80.27,1009.38,30.52,0.0
2026-09-17 19:22:57.896881,22.92,80.31,1009.44,9.45,0.0
2026-09-17 19:27:57.896881,21.85,78.25,1009.84,7.02,0.0
2026-09-17 19:32:57.896881,22.58,81.04,1009.48,21.72,0.0
2026-09-17 19:37:57.896881,22.7,75.21,1009.55,10.32,0.0
2026-09-17 19:42:57.896881,22.37,77.69,1009.42,5.09,0.0
2026-09-17 19:47:57.896881,20.65,83.73,1009.95,0.11,0.0
2026-09-17 19:52:57.896881,22.41,79.02,1009.96,4.61,0.0
2026-09-17 19:57:57.896881,24.01,79.22,1009.72,15.15,0.0
2026-09-17 20:02:57.896881,21.92,85.78,1010.1,5.11,0.0
2026-09-17 20:07:57.896881,21.59,74.69,1009.36,18.83,0.0
2026-09-17 20:12:57.896881,22.44,81.29,1009.79,3.01,0.0
2026-09-17 20:17:57.896881,22.37,83.92,1009.84,4.73,0.0
2026-09-17 20:22:57.896881,23.05,77.96,1009.56,30.72,0.0
2026-09-17 20:27:57.896881,21.06,81.53,1009.36,20.48,0.0
2026-09-17 20:32:57.896881,22.64,76.02,1009.88,10.9,0.0
2026-09-17 20:37:57.896881,22.51,76.92,1010.26,10.89,0.0
2026-09-17 20:42:57.896881,21.91,80.14,1010.44,5.35,5.59
2026-09-17 20:47:57.896881,22.28,81.39,1009.96,24.1,0.0
2026-09-17 20:52:57.896881,22.83,82.36,1010.44,24.39,0.0
2026-09-17 20:57:57.896881,22.7,83.71,1010.41,9.36,4.1
2026-09-17 21:02:57.896881,21.09,78.8,1010.71,9.2,0.0
2026-09-17 21:07:57.896881,22.66,82.58,1010.24,6.69,0.0
2026-09-17 21:12:57.896881,21.95,77.97,1009.79,12.87,0.0
2026-09-17 21:17:57.896881,22.07,81.7,1010.4,1.66,0.0
2026-09-17 21:22:57.896881,22.08,79.61,1010.05,10.04,0.0
2026-09-17 21:27:57.896881,21.92,80.31,1010.15,20.73,0.0
2026-09-17 21:32:57.896881,23.0,80.24,1010.34,11.85,0.0
2026-09-17 21:37:57.896881,22.0,74.14,1010.33,17.1,0.0
2026-09-17 21:42:57.896881,21.2,75.57,1010.39,13.86,0.0
2026-09-17 21:47:57.896881,21.8,79.23,1010.58,12.19,0.0
2026-09-17 21:52:57.896881,22.29,73.84,1010.22,10.66,0.0
2026-09-17 21:57:57.896881,23.16,81.38,1010.49,18.9,0.0
2026-09-17 22:02:57.896881,22.69,81.48,1010.42,8.88,0.0
2026-09-17 22:07:57.896881,21.56,79.82,1010.76,4.44,0.0
2026-09-17 22:12:57.896881,24.27,75.45,1010.47,25.92,5.44
2026-09-17 22:17:57.896881,22.53,82.93,1010.56,17.61,0.0
2026-09-17 22:22:57.896881,23.38,84.87,1010.44,1.44,0.0
2026-09-17 22:27:57.896881,22.29,79.17,1010.54,13.05,0.0
2026-09-17 22:32:57.896881,22.88,80.23,1010.45,1.26,0.0
2026-09-17 22:37:57.896881,23.18,79.27,1010.39,3.29,0.0
2026-09-17 22:42:57.896881,23.54,80.22,1010.98,14.09,0.0
2026-09-17 22:47:57.896881,23.46,78.23,1010.39,25.18,0.0
2026-09-17 22:52:57.896881,23.38,78.44,1010.58,38.76,0.0
2026-09-17 22:57:57.896881,22.49,81.22,1010.99,30.82,0.0
2026-09-17 23:02:57.896881,22.35,85.5,1010.62,2.13,0.0
2026-09-17 23:07:57.896881,23.14,74.22,1011.02,33.53,0.0
2026-09-17 23:12:57.896881,23.69,78.06,1010.55,18.87,0.0
2026-09-17 23:17:57.896881,22.83,74.78,1010.43,19.94,0.0
2026-09-17 23:22:57.896881,23.94,83.05,1010.23,6.41,0.0
2026-09-17 23:27:57.896881,24.32,76.46,1011.03,15.09,0.0
2026-09-17 23:32:57.896881,22.51,73.84,1010.25,14.28,0.0
2026-09-17 23:37:57.896881,22.65,80.03,1010.78,14.94,0.0
2026-09-17 23:42:57.896881,23.29,83.3,1010.28,16.9,0.0
2026-09-17 23:47:57.896881,23.74,80.0,1011.03,10.5,6.11
2026-09-17 23:52:57.896881,23.16,78.56,1011.22,8.9,0.0
2026-09-17 23:57:57.896881,24.75,79.12,1010.07,11.38,4.32
2026-09-18 00:02:57.896881,24.1,82.07,1010.2,23.23,0.0
2026-09-18 00:07:57.896881,23.88,75.14,1010.78,19.74,0.0
2026-09-18 00:12:57.896881,22.8,77.37,1010.67,22.36,0.0
2026-09-18 00:17:57.896881,22.99,76.28,1010.7,14.34,0.0
2026-09-18 00:22:57.896881,24.37,74.07,1010.34,4.76,0.0
2026-09-18 00:27:57.896881,22.54,76.52,1011.08,6.63,0.0
2026-09-18 00:32:57.896881,25.16,80.76,1010.5,19.62,0.0
2026-09-18 00:37:57.896881,24.33,79.07,1009.99,23.9,0.0
2026-09-18 00:42:57.896881,27.15,79.23,1010.32,21.73,0.86
2026-09-18 00:47:57.896881,26.51,77.66,1010.08,11.44,0.0
2026-09-18 00:52:57.896881,24.63,78.72,1010.92,12.7,0.0
2026-09-18 00:57:57.896881,24.8,74.67,1010.17,11.67,8.35
2026-09-18 01:02:57.896881,25.8,76.07,1010.57,2.68,0.0
2026-09-18 01:07:57.896881,26.48,77.5,1010.25,4.24,0.0
2026-09-18 01:12:57.896881,23.92,77.68,1010.18,16.44,0.0
2026-09-18 01:17:57.896881,23.92,77.73,1009.91,8.39,0.0
2026-09-18 01:22:57.896881,24.97,76.28,1010.63,1.21,0.0
2026-09-18 01:27:57.896881,26.05,75.48,1010.88,11.85,0.0
2026-09-18 01:32:57.896881,26.1,86.0,1010.24,4.6,0.0
2026-09-18 01:37:57.896881,26.68,79.17,1010.07,4.05,0.0
2026-09-18 01:42:57.896881,24.99,77.61,1010.79,2.58,0.0
2026-09-18 01:47:57.896881,24.22,75.59,1010.07,5.61,0.0
2026-09-18 01:52:57.896881,26.88,74.85,1010.95,0.76,0.0
2026-09-18 01:57:57.896881,25.66,75.73,1010.31,4.59,0.0
2026-09-18 02:02:57.896881,24.83,76.91,1010.32,16.57,0.0
2026-09-18 02:07:57.896881,26.69,70.31,1010.66,13.87,0.0
2026-09-18 02:12:57.896881,27.34,71.16,1010.33,21.81,0.0
2026-09-18 02:17:57.896881,26.73,73.87,1010.47,14.76,0.0
2026-09-18 02:22:57.896881,26.59,76.32,1010.82,0.49,0.0
2026-09-18 02:27:57.896881,26.96,74.89,1010.04,8.22,0.0
2026-09-18 02:32:57.896881,26.92,79.96,1011.26,7.67,0.0
2026-09-18 02:37:57.896881,26.27,70.99,1010.69,4.16,0.0
2026-09-18 02:42:57.896881,26.91,73.09,1010.28,2.59,0.0
2026-09-18 02:47:57.896881,28.02,79.82,1010.31,15.84,0.0
2026-09-18 02:52:57.896881,28.0,75.57,1010.88,10.05,0.0
2026-09-18 02:57:57.896881,28.0,77.74,1010.7,3.59,0.0
2026-09-18 03:02:57.896881,27.2,81.15,1010.91,2.26,0.0
2026-09-18 03:07:57.896881,27.99,72.83,1010.26,19.17,0.0
2026-09-18 03:12:57.896881,26.52,74.53,1010.44,16.85,0.0
2026-09-18 03:17:57.896881,28.54,73.92,1010.51,17.17,0.0
2026-09-18 03:22:57.896881,29.67,68.79,1010.7,16.36,0.0
2026-09-18 03:27:57.896881,27.47,73.63,1010.86,16.35,0.0
2026-09-18 03:32:57.896881,28.31,77.12,1010.3,15.05,0.0
2026-09-18 03:37:57.896881,29.18,76.01,1010.48,6.2,0.0
2026-09-18 03:42:57.896881,30.04,76.16,1010.31,16.18,0.0
2026-09-18 03:47:57.896881,28.81,73.09,1010.48,11.26,0.0
2026-09-18 03:52:57.896881,28.74,72.17,1010.7,4.73,0.0
2026-09-18 03:57:57.896881,27.85,77.86,1009.96,10.2,0.0
2026-09-18 04:02:57.896881,29.64,72.47,1010.87,23.9,0.0
2026-09-18 04:07:57.896881,31.31,74.76,1010.12,12.77,0.0
2026-09-18 04:12:57.896881,30.03,74.29,1010.4,14.0,0.0
2026-09-18 04:17:57.896881,29.91,78.1,1010.87,3.88,0.0
2026-09-18 04:22:57.896881,30.31,76.55,1010.69,5.0,0.0
2026-09-18 04:27:57.896881,30.17,69.66,1010.71,11.29,0.0
2026-09-18 04:32:57.896881,29.65,69.91,1010.23,8.99,0.0
2026-09-18 04:37:57.896881,31.08,75.13,1010.26,7.92,0.0
2026-09-18 04:42:57.896881,30.72,73.12,1010.86,3.93,0.0
2026-09-18 04:47:57.896881,30.67,71.87,1010.34,4.9,0.0
2026-09-18 04:52:57.896881,29.99,76.2,1010.33,2.4,0.0
2026-09-18 04:57:57.896881,31.93,73.64,1010.68,6.63,0.0
2026-09-18 05:02:57.896881,31.53,73.16,1010.03,9.04,0.0
2026-09-18 05:07:57.896881,30.67,75.26,1010.43,9.58,0.0
2026-09-18 05:12:57.896881,32.03,71.73,1010.38,23.35,0.0
2026-09-18 05:17:57.896881,30.94,77.48,1010.26,1.11,0.0
2026-09-18 05:22:57.896881,30.82,70.34,1010.1,32.73,0.0
2026-09-18 05:27:57.896881,30.94,74.61,1010.11,16.38,0.0
2026-09-18 05:32:57.896881,30.24,76.87,1009.96,10.82,0.0
2026-09-18 05:37:57.896881,32.13,68.36,1010.39,4.56,0.0
2026-09-18 05:42:57.896881,30.39,71.4,1010.03,6.98,0.0
2026-09-18 05:47:57.896881,30.97,75.79,1010.49,16.12,0.0
2026-09-18 05:52:57.896881,30.39,75.77,1010.1,5.35,0.0
2026-09-18 05:57:57.896881,32.08,71.72,1009.86,17.23,0.0
2026-09-18 06:02:57.896881,32.12,69.97,1010.22,10.02,0.0
2026-09-18 06:07:57.896881,32.07,74.98,1010.13,9.99,0.0
2026-09-18 06:12:57.896881,31.59,75.6,1010.54,16.15,0.0
2026-09-18 06:17:57.896881,31.57,68.5,1010.13,3.6,0.0
2026-09-18 06:22:57.896881,32.97,68.32,1010.12,7.76,4.07
2026-09-18 06:27:57.896881,32.24,72.56,1010.68,9.09,0.0
2026-09-18 06:32:57.896881,33.01,73.71,1010.29,15.6,0.0
2026-09-18 06:37:57.896881,32.13,70.88,1010.61,22.0,4.02
2026-09-18 06:42:57.896881,33.06,73.76,1010.53,3.31,0.0
2026-09-18 06:47:57.896881,34.03,69.54,1009.87,10.09,0.0
2026-09-18 06:52:57.896881,33.53,65.28,1010.39,3.06,0.0
2026-09-18 06:57:57.896881,32.8,70.31,1010.58,10.02,0.0
2026-09-18 07:02:57.896881,33.4,71.73,1010.62,14.07,0.0
2026-09-18 07:07:57.896881,33.07,70.67,1010.47,6.98,0.0
2026-09-18 07:12:57.896881,33.33,67.98,1010.42,22.79,0.0
2026-09-18 07:17:57.896881,33.12,65.97,1010.07,14.2,0.0
2026-09-18 07:22:57.896881,33.31,69.83,1009.89,13.41,0.0
2026-09-18 07:27:57.896881,33.66,74.03,1010.07,11.11,0.0
2026-09-18 07:32:57.896881,32.75,75.07,1009.75,15.96,0.0
2026-09-18 07:37:57.896881,32.78,74.84,1010.52,24.06,0.0
2026-09-18 07:42:57.896881,32.53,68.79,1010.04,11.64,0.0
2026-09-18 07:47:57.896881,32.4,67.75,1010.42,7.31,0.0
2026-09-18 07:52:57.896881,32.75,72.68,1009.79,43.37,0.0
2026-09-18 07:57:57.896881,33.89,73.07,1010.46,11.42,0.0
2026-09-18 08:02:57.896881,33.08,72.34,1010.02,9.03,0.0
2026-09-18 08:07:57.896881,34.24,65.07,1009.79,15.37,0.0
2026-09-18 08:12:57.896881,33.89,68.49,1010.62,1.63,0.0
2026-09-18 08:17:57.896881,32.31,70.99,1010.42,3.08,0.0
2026-09-18 08:22:57.896881,34.43,72.52,1010.23,1.21,0.0
2026-09-18 08:27:57.896881,34.58,73.35,1010.22,1.55,0.0
2026-09-18 08:32:57.896881,33.15,71.47,1010.44,4.27,0.0
2026-09-18 08:37:57.896881,34.3,72.02,1010.37,6.99,0.0
2026-09-18 08:42:57.896881,33.29,71.27,1010.09,6.72,0.0
2026-09-18 08:47:57.896881,34.07,73.07,1010.19,9.23,0.0
2026-09-18 08:52:57.896881,32.98,71.94,1010.89,12.86,0.0
2026-09-18 08:57:57.896881,32.56,71.2,1011.05,7.21,0.0
2026-09-18 09:02:57.896881,33.69,70.19,1010.72,13.19,0.0
2026-09-18 09:07:57.896881,33.9,71.24,1010.35,23.91,0.0
2026-09-18 09:12:57.896881,33.68,72.46,1010.13,36.14,0.0
2026-09-18 09:17:57.896881,33.04,71.81,1010.0,26.79,0.0
2026-09-18 09:22:57.896881,33.66,72.16,1010.04,32.95,0.0
2026-09-18 09:27:57.896881,34.18,75.05,1010.17,9.39,0.0
2026-09-18 09:32:57.896881,33.91,71.83,1010.98,1.83,0.0
2026-09-18 09:37:57.896881,34.08,69.1,1010.92,8.75,0.0
2026-09-18 09:42:57.896881,33.37,73.71,1010.7,3.91,0.0
2026-09-18 09:47:57.896881,34.82,66.98,1010.26,9.49,0.0
2026-09-18 09:52:57.896881,32.92,67.85,1010.87,3.04,0.0
2026-09-18 09:57:57.896881,34.22,72.12,1010.51,10.92,0.0
2026-09-18 10:02:57.896881,34.74,72.69,1009.95,5.11,0.0
2026-09-18 10:07:57.896881,34.15,67.42,1010.62,5.07,0.13
2026-09-18 10:12:57.896881,33.56,70.04,1010.3,22.0,0.0
2026-09-18 10:17:57.896881,33.26,69.39,1010.33,11.16,0.0
2026-09-18 10:22:57.896881,34.47,69.78,1010.5,9.94,0.0
2026-09-18 10:27:57.896881,32.45,74.1,1010.47,18.28,0.0
2026-09-18 10:32:57.896881,32.77,73.42,1010.55,13.0,0.0
2026-09-18 10:37:57.896881,33.17,71.28,1010.62,18.03,0.0
2026-09-18 10:42:57.896881,34.43,69.74,1010.13,8.88,0.0
2026-09-18 10:47:57.896881,33.69,67.36,1011.14,17.22,0.0
2026-09-18 10:52:57.896881,32.55,75.71,1010.38,1.99,5.94
2026-09-18 10:57:57.896881,33.01,73.27,1010.42,8.75,0.0
2026-09-18 11:02:57.896881,32.7,69.42,1010.68,12.27,0.0
2026-09-18 11:07:57.896881,32.56,73.74,1010.75,6.96,0.0
2026-09-18 11:12:57.896881,33.84,71.42,1011.23,9.02,0.0
2026-09-18 11:17:57.896881,31.89,70.81,1010.87,18.77,0.0
2026-09-18 11:22:57.896881,34.2,73.03,1011.05,19.19,0.0
2026-09-18 11:27:57.896881,33.5,69.55,1010.94,12.22,0.0
2026-09-18 11:32:57.896881,33.63,70.8,1010.93,24.76,0.0
2026-09-18 11:37:57.896881,32.31,72.24,1011.03,3.76,0.0
2026-09-18 11:42:57.896881,32.48,70.44,1010.36,8.02,0.0
2026-09-18 11:47:57.896881,31.36,74.0,1010.92,8.26,0.0
2026-09-18 11:52:57.896881,32.0,77.66,1011.3,23.19,0.0
2026-09-18 11:57:57.896881,32.73,69.85,1012.13,14.21,0.0
2026-09-18 12:02:57.896881,33.28,67.18,1010.66,27.73,0.0
2026-09-18 12:07:57.896881,31.26,66.23,1011.11,2.12,0.0
2026-09-18 12:12:57.896881,31.76,71.85,1010.8,12.49,0.0
2026-09-18 12:17:57.896881,31.84,70.37,1011.6,10.1,0.0
2026-09-18 12:22:57.896881,30.74,73.05,1010.53,0.5,0.0
2026-09-18 12:27:57.896881,32.23,72.89,1011.11,4.98,0.0
2026-09-18 12:32:57.896881,31.07,67.76,1010.5,3.79,0.0
2026-09-18 12:37:57.896881,31.39,67.19,1010.83,14.1,0.0
2026-09-18 12:42:57.896881,31.08,73.59,1010.98,22.43,0.0
2026-09-18 12:47:57.896881,30.7,73.18,1011.39,7.43,0.0
2026-09-18 12:52:57.896881,31.22,71.57,1010.7,3.64,0.0
2026-09-18 12:57:57.896881,30.94,67.95,1011.23,2.97,0.0
2026-09-18 13:02:57.896881,30.7,74.41,1011.07,28.72,0.0
2026-09-18 13:07:57.896881,30.3,76.89,1011.22,5.55,0.0
2026-09-18 13:12:57.896881,31.03,73.99,1011.46,0.14,0.0
2026-09-18 13:17:57.896881,31.98,70.69,1010.81,6.11,3.65
2026-09-18 13:22:57.896881,30.65,73.44,1011.47,2.05,0.0
2026-09-18 13:27:57.896881,31.21,69.29,1011.09,10.47,0.0
2026-09-18 13:32:57.896881,29.18,76.64,1011.54,9.69,0.0
2026-09-18 13:37:57.896881,30.3,73.8,1011.32,7.38,0.0
2026-09-18 13:42:57.896881,29.17,68.33,1011.23,2.43,0.0
2026-09-18 13:47:57.896881,28.75,72.81,1011.11,9.43,0.0
2026-09-18 13:52:57.896881,29.21,75.19,1011.54,8.27,0.0
2026-09-18 13:57:57.896881,30.63,72.88,1011.66,9.03,2.39
2026-09-18 14:02:57.896881,30.31,73.14,1011.0,6.69,0.0
2026-09-18 14:07:57.896881,29.62,70.38,1010.82,16.38,0.0
2026-09-18 14:12:57.896881,28.07,75.83,1011.39,19.56,0.0
2026-09-18 14:17:57.896881,29.01,72.27,1010.72,2.96,0.0
2026-09-18 14:22:57.896881,29.28,67.84,1010.7,15.57,0.0
2026-09-18 14:27:57.896881,29.05,73.28,1010.73,20.36,0.0
2026-09-18 14:32:57.896881,27.31,77.42,1010.96,38.54,0.0
2026-09-18 14:37:57.896881,27.94,73.4,1010.79,11.1,1.93
2026-09-18 14:42:57.896881,28.47,79.87,1010.67,6.79,0.0
2026-09-18 14:47:57.896881,28.82,76.03,1010.85,17.51,0.0
2026-09-18 14:52:57.896881,26.5,75.84,1011.42,6.9,0.0
2026-09-18 14:57:57.896881,28.0,74.53,1010.82,21.16,0.0
2026-09-18 15:02:57.896881,28.11,74.8,1011.07,8.95,0.0
2026-09-18 15:07:57.896881,28.55,74.3,1011.73,5.12,0.0
2026-09-18 15:12:57.896881,28.29,74.27,1011.17,10.59,0.0
2026-09-18 15:17:57.896881,28.07,76.85,1011.33,8.04,0.0
2026-09-18 15:22:57.896881,26.84,72.54,1010.94,7.46,0.0
2026-09-18 15:27:57.896881,25.82,72.21,1011.87,1.25,0.0
2026-09-18 15:32:57.896881,26.9,72.15,1011.08,20.11,0.0
2026-09-18 15:37:57.896881,27.89,81.75,1011.2,20.02,0.0
2026-09-18 15:42:57.896881,28.07,77.29,1011.73,13.77,0.0
2026-09-18 15:47:57.896881,27.4,76.69,1011.21,14.63,0.0
2026-09-18 15:52:57.896881,27.04,72.69,1011.28,4.35,0.0
2026-09-18 15:57:57.896881,26.88,77.82,1011.13,0.55,2.62
2026-09-18 16:02:57.896881,26.0,75.69,1011.13,11.43,0.0
2026-09-18 16:07:57.896881,26.22,76.76,1011.31,8.82,0.0
2026-09-18 16:12:57.896881,27.53,73.27,1011.36,11.24,0.0
2026-09-18 16:17:57.896881,25.32,76.77,1010.97,0.33,0.69
2026-09-18 16:22:57.896881,27.24,75.1,1010.85,15.98,0.0
2026-09-18 16:27:57.896881,25.57,74.15,1010.8,4.29,0.0
2026-09-18 16:32:57.896881,26.76,78.73,1010.55,3.48,0.0
2026-09-18 16:37:57.896881,24.46,72.0,1010.47,30.77,0.0
2026-09-18 16:42:57.896881,25.93,78.38,1011.01,25.89,0.0
2026-09-18 16:47:57.896881,24.76,78.82,1011.26,1.22,0.0
2026-09-18 16:52:57.896881,24.1,74.21,1011.2,5.29,0.0
2026-09-18 16:57:57.896881,25.29,74.46,1010.3,7.52,0.0
2026-09-18 17:02:57.896881,25.81,76.33,1011.02,23.82,0.0
2026-09-18 17:07:57.896881,24.21,77.92,1010.66,16.89,0.0
2026-09-18 17:12:57.896881,23.58,76.69,1011.04,2.54,0.0
2026-09-18 17:17:57.896881,24.59,78.52,1010.85,10.44,0.0
2026-09-18 17:22:57.896881,24.49,82.58,1011.01,7.56,10.77
2026-09-18 17:27:57.896881,24.89,75.84,1010.76,7.76,0.0
2026-09-18 17:32:57.896881,25.11,72.29,1010.23,5.68,0.0
2026-09-18 17:37:57.896881,24.2,79.98,1010.61,7.6,0.0
2026-09-18 17:42:57.896881,25.63,82.62,1010.95,15.6,0.0
2026-09-18 17:47:57.896881,24.22,78.82,1010.99,8.38,0.0
2026-09-18 17:52:57.896881,23.67,74.44,1010.54,9.04,0.0
2026-09-18 17:57:57.896881,22.56,77.39,1010.58,16.97,0.0
2026-09-18 18:02:57.896881,23.55,74.47,1011.17,13.19,0.0
2026-09-18 18:07:57.896881,23.4,79.82,1010.7,17.08,0.0
2026-09-18 18:12:57.896881,24.34,73.9,1010.52,4.4,0.0
2026-09-18 18:17:57.896881,23.86,77.11,1010.79,9.84,0.0
2026-09-18 18:22:57.896881,22.46,75.05,1010.84,9.59,0.0
2026-09-18 18:27:57.896881,23.46,78.5,1010.72,8.48,0.0
2026-09-18 18:32:57.896881,23.78,77.07,1010.78,7.28,0.0
2026-09-18 18:37:57.896881,24.38,78.76,1010.91,25.29,0.0
2026-09-18 18:42:57.896881,23.8,78.34,1010.65,6.65,0.0
2026-09-18 18:47:57.896881,23.62,75.37,1010.87,21.11,0.0
2026-09-18 18:52:57.896881,22.99,80.25,1010.75,33.69,0.0
2026-09-18 18:57:57.896881,23.18,78.27,1010.89,3.58,0.0
2026-09-18 19:02:57.896881,23.8,75.5,1011.05,2.47,0.0
2026-09-18 19:07:57.896881,21.67,85.23,1011.0,0.97,7.55
2026-09-18 19:12:57.896881,22.4,79.98,1011.2,20.9,0.0
2026-09-18 19:17:57.896881,22.0,78.13,1011.07,21.29,0.0
2026-09-18 19:22:57.896881,22.87,82.87,1010.92,3.79,0.0
2026-09-18 19:27:57.896881,23.49,84.19,1010.68,17.28,0.0
2026-09-18 19:32:57.896881,21.98,78.26,1010.54,4.94,0.0
2026-09-18 19:37:57.896881,20.5,79.77,1010.37,10.12,0.0
2026-09-18 19:42:57.896881,22.03,75.79,1010.59,19.95,0.0
2026-09-18 19:47:57.896881,23.05,78.35,1010.82,13.28,0.0
2026-09-18 19:52:57.896881,22.71,78.22,1010.55,4.51,0.0
2026-09-18 19:57:57.896881,22.58,79.39,1010.8,10.63,0.0
2026-09-18 20:02:57.896881,21.98,79.86,1010.74,7.17,0.0
2026-09-18 20:07:57.896881,21.15,80.56,1011.03,17.13,0.0
2026-09-18 20:12:57.896881,22.55,79.62,1010.78,13.0,0.0
2026-09-18 20:17:57.896881,21.45,75.29,1010.74,12.92,0.0
2026-09-18 20:22:57.896881,23.84,76.12,1010.84,4.25,0.0
2026-09-18 20:27:57.896881,22.53,77.31,1011.29,4.13,0.0
2026-09-18 20:32:57.896881,21.59,78.12,1011.08,11.2,0.0
2026-09-18 20:37:57.896881,21.55,82.13,1010.99,18.8,0.0
2026-09-18 20:42:57.896881,21.95,75.5,1011.13,28.83,2.78
2026-09-18 20:47:57.896881,21.82,77.92,1010.97,1.58,0.0
2026-09-18 20:52:57.896881,22.9,81.86,1011.51,10.2,0.0
2026-09-18 20:57:57.896881,22.15,78.1,1010.88,20.03,0.0
2026-09-18 21:02:57.896881,21.41,80.38,1011.08,15.99,0.0
2026-09-18 21:07:57.896881,23.51,78.58,1010.73,12.62,0.0
2026-09-18 21:12:57.896881,22.05,79.77,1011.07,19.8,0.0
2026-09-18 21:17:57.896881,22.63,78.31,1010.68,3.88,0.0
2026-09-18 21:22:57.896881,21.54,80.99,1011.41,16.37,0.0
2026-09-18 21:27:57.896881,22.33,74.34,1011.41,20.73,0.0
2026-09-18 21:32:57.896881,22.3,77.88,1011.47,3.28,0.0
2026-09-18 21:37:57.896881,20.56,79.84,1011.28,13.01,0.0
2026-09-18 21:42:57.896881,23.7,80.54,1010.96,17.26,0.0
2026-09-18 21:47:57.896881,23.15,83.4,1010.93,18.36,0.0
2026-09-18 21:52:57.896881,21.82,77.73,1011.61,1.41,0.0
2026-09-18 21:57:57.896881,21.29,83.32,1011.62,5.81,0.0
2026-09-18 22:02:57.896881,22.48,76.89,1011.24,0.44,0.0
2026-09-18 22:07:57.896881,22.31,82.83,1011.01,25.13,0.0
2026-09-18 22:12:57.896881,22.56,81.27,1011.59,7.49,0.0
2026-09-18 22:17:57.896881,22.47,76.05,1010.96,3.9,0.34
2026-09-18 22:22:57.896881,22.77,79.68,1011.28,3.52,0.0
2026-09-18 22:27:57.896881,23.57,78.57,1011.63,6.08,0.0
2026-09-18 22:32:57.896881,22.91,80.57,1010.96,20.76,0.0
2026-09-18 22:37:57.896881,21.67,77.99,1011.47,4.4,0.0
2026-09-18 22:42:57.896881,23.65,77.7,1011.44,27.47,0.0
2026-09-18 22:47:57.896881,23.93,82.69,1011.25,2.52,0.0
2026-09-18 22:52:57.896881,25.2,78.25,1010.98,40.12,0.0
2026-09-18 22:57:57.896881,21.84,80.99,1011.06,6.2,0.0
2026-09-18 23:02:57.896881,23.0,77.79,1011.38,27.92,0.0
2026-09-18 23:07:57.896881,21.2,83.42,1010.84,25.17,0.0
2026-09-18 23:12:57.896881,23.38,76.34,1011.31,25.09,0.0
2026-09-18 23:17:57.896881,22.57,76.48,1011.49,9.38,0.0
2026-09-18 23:22:57.896881,24.62,82.85,1011.57,2.93,0.0
2026-09-18 23:27:57.896881,22.54,76.89,1010.79,11.97,0.0
2026-09-18 23:32:57.896881,21.89,82.98,1011.54,4.89,0.0
2026-09-18 23:37:57.896881,22.94,80.8,1011.6,25.25,0.0
2026-09-18 23:42:57.896881,21.82,77.6,1011.24,11.49,0.0
2026-09-18 23:47:57.896881,24.09,72.57,1010.74,10.23,0.0
2026-09-18 23:52:57.896881,21.92,77.89,1010.93,5.18,0.0
2026-09-18 23:57:57.896881,23.69,78.19,1011.05,6.9,0.0
2026-09-19 00:02:57.896881,22.1,81.33,1011.17,15.18,0.0
2026-09-19 00:07:57.896881,23.59,82.53,1011.07,13.36,0.0
2026-09-19 00:12:57.896881,25.26,75.65,1011.16,17.28,0.91
2026-09-19 00:17:57.896881,24.33,80.04,1011.05,18.29,0.0
2026-09-19 00:22:57.896881,23.45,79.87,1011.15,19.49,4.43
2026-09-19 00:27:57.896881,24.22,80.72,1010.92,3.41,0.0
2026-09-19 00:32:57.896881,24.36,78.93,1011.07,13.84,0.0
2026-09-19 00:37:57.896881,24.83,71.54,1011.04,13.14,0.0
2026-09-19 00:42:57.896881,23.47,76.83,1011.91,2.41,0.0
2026-09-19 00:47:57.896881,25.14,73.76,1011.75,14.46,0.0
2026-09-19 00:52:57.896881,22.61,76.54,1011.47,24.95,0.0
2026-09-19 00:57:57.896881,24.38,80.02,1011.64,14.73,0.0
2026-09-19 01:02:57.896881,24.61,77.92,1011.44,2.67,0.0
2026-09-19 01:07:57.896881,25.62,80.37,1011.35,4.91,0.0
2026-09-19 01:12:57.896881,25.25,77.87,1010.82,12.45,0.0
2026-09-19 01:17:57.896881,24.22,72.87,1011.28,4.18,0.0
2026-09-19 01:22:57.896881,24.68,69.13,1011.2,15.61,0.0
2026-09-19 01:27:57.896881,25.74,77.06,1010.91,10.35,0.0
2026-09-19 01:32:57.896881,25.64,75.89,1010.79,19.16,0.0
2026-09-19 01:37:57.896881,25.36,73.52,1011.38,8.01,0.0
2026-09-19 01:42:57.896881,25.56,71.27,1011.37,12.67,0.0
2026-09-19 01:47:57.896881,26.63,74.08,1010.95,5.58,0.0
2026-09-19 01:52:57.896881,25.78,75.62,1011.05,35.27,0.0
2026-09-19 01:57:57.896881,26.25,78.12,1011.62,10.03,2.04
2026-09-19 02:02:57.896881,28.18,76.6,1010.99,3.23,0.0
2026-09-19 02:07:57.896881,25.43,80.77,1011.26,21.13,0.0
2026-09-19 02:12:57.896881,25.22,72.76,1011.11,7.77,0.0
2026-09-19 02:17:57.896881,27.46,78.42,1011.37,20.38,0.0
2026-09-19 02:22:57.896881,26.42,75.84,1010.87,7.89,0.0
2026-09-19 02:27:57.896881,26.83,77.69,1011.23,4.12,0.0
2026-09-19 02:32:57.896881,26.59,74.21,1011.24,9.88,0.0
2026-09-19 02:37:57.896881,27.14,78.65,1011.22,3.02,0.0
2026-09-19 02:42:57.896881,28.76,76.23,1011.21,7.62,0.0
2026-09-19 02:47:57.896881,28.25,73.22,1011.36,18.59,0.0
2026-09-19 02:52:57.896881,28.43,75.14,1011.97,14.17,0.0
2026-09-19 02:57:57.896881,26.74,74.37,1012.11,11.16,0.0
2026-09-19 03:02:57.896881,27.08,76.47,1011.2,7.8,0.0
2026-09-19 03:07:57.896881,25.86,71.37,1010.61,26.14,0.0
2026-09-19 03:12:57.896881,27.61,74.74,1011.46,11.41,0.0
2026-09-19 03:17:57.896881,29.16,75.92,1011.29,5.66,0.0
2026-09-19 03:22:57.896881,28.94,74.75,1011.62,18.16,0.0
2026-09-19 03:27:57.896881,28.48,78.61,1011.36,15.03,0.0
2026-09-19 03:32:57.896881,28.77,76.8,1011.34,4.89,0.0
2026-09-19 03:37:57.896881,28.36,74.37,1011.69,22.84,0.0
2026-09-19 03:42:57.896881,29.21,74.96,1011.69,11.66,0.0
2026-09-19 03:47:57.896881,29.78,75.11,1010.86,12.82,0.0
2026-09-19 03:52:57.896881,28.01,75.34,1011.1,23.87,0.0
2026-09-19 03:57:57.896881,29.67,68.57,1011.27,2.72,0.0
2026-09-19 04:02:57.896881,30.3,73.06,1011.34,5.16,0.0
2026-09-19 04:07:57.896881,29.35,69.43,1011.2,24.13,0.0
2026-09-19 04:12:57.896881,30.36,77.63,1011.38,4.81,0.0
2026-09-19 04:17:57.896881,32.18,73.53,1011.55,10.24,0.0
2026-09-19 04:22:57.896881,29.97,73.05,1011.73,26.49,0.0
2026-09-19 04:27:57.896881,30.49,76.24,1011.34,3.75,0.0
2026-09-19 04:32:57.896881,29.71,74.74,1010.92,1.2,0.0
2026-09-19 04:37:57.896881,30.56,70.0,1011.09,3.31,0.0
2026-09-19 04:42:57.896881,30.9,73.1,1011.07,10.13,0.0
2026-09-19 04:47:57.896881,30.81,72.23,1011.2,8.43,0.0
2026-09-19 04:52:57.896881,29.95,67.92,1011.16,7.69,0.0
2026-09-19 04:57:57.896881,31.05,71.01,1011.71,7.1,0.0
2026-09-19 05:02:57.896881,32.17,72.45,1011.03,4.75,0.0
2026-09-19 05:07:57.896881,31.47,72.58,1011.25,7.31,0.0
2026-09-19 05:12:57.896881,31.99,68.4,1011.94,13.71,0.0
2026-09-19 05:17:57.896881,31.14,76.23,1011.01,17.06,0.0
2026-09-19 05:22:57.896881,32.04,72.4,1011.29,14.77,0.0
2026-09-19 05:27:57.896881,31.77,72.75,1010.92,7.17,0.0
2026-09-19 05:32:57.896881,30.89,73.77,1011.19,8.52,0.0
2026-09-19 05:37:57.896881,32.01,70.13,1010.89,18.62,0.0
2026-09-19 05:42:57.896881,31.06,73.8,1011.44,18.44,0.0
2026-09-19 05:47:57.896881,31.45,71.26,1011.2,33.22,0.58
2026-09-19 05:52:57.896881,32.21,69.61,1010.9,7.75,0.0
2026-09-19 05:57:57.896881,32.39,73.95,1011.39,3.08,0.0
2026-09-19 06:02:57.896881,31.29,76.65,1011.14,10.72,0.0
2026-09-19 06:07:57.896881,33.18,74.29,1011.33,15.38,0.0
2026-09-19 06:12:57.896881,32.88,74.82,1010.69,19.5,0.0
2026-09-19 06:17:57.896881,31.95,70.43,1011.14,6.5,0.0
2026-09-19 06:22:57.896881,31.37,67.14,1011.21,12.1,0.0
2026-09-19 06:27:57.896881,32.56,76.35,1010.87,16.58,0.0
2026-09-19 06:32:57.896881,32.4,77.99,1010.73,10.04,0.72
2026-09-19 06:37:57.896881,32.93,76.4,1011.07,8.44,0.0
2026-09-19 06:42:57.896881,32.62,70.72,1011.43,13.89,0.0
2026-09-19 06:47:57.896881,31.38,68.21,1011.42,1.1,0.72
2026-09-19 06:52:57.896881,32.75,68.43,1010.93,7.93,0.0
2026-09-19 06:57:57.896881,32.88,66.53,1010.71,36.79,0.0
2026-09-19 07:02:57.896881,33.7,71.21,1010.93,13.27,0.0
2026-09-19 07:07:57.896881,32.7,76.31,1011.01,37.46,0.0
2026-09-19 07:12:57.896881,34.67,71.03,1011.3,11.38,0.0
2026-09-19 07:17:57.896881,31.85,72.32,1011.1,22.74,0.0
2026-09-19 07:22:57.896881,34.49,75.5,1010.88,7.07,0.0
2026-09-19 07:27:57.896881,33.31,70.13,1011.41,7.95,0.0
2026-09-19 07:32:57.896881,34.23,77.41,1011.19,5.83,0.0
2026-09-19 07:37:57.896881,33.66,77.25,1011.21,21.58,0.0
2026-09-19 07:42:57.896881,34.55,70.85,1010.53,4.62,0.0
2026-09-19 07:47:57.896881,33.37,69.48,1010.3,1.69,0.0
2026-09-19 07:52:57.896881,32.84,73.28,1010.59,19.85,0.0
2026-09-19 07:57:57.896881,34.9,70.12,1010.86,4.21,0.0
2026-09-19 08:02:57.896881,33.7,67.67,1011.11,17.84,1.23
2026-09-19 08:07:57.896881,34.01,74.96,1010.21,8.32,0.0
2026-09-19 08:12:57.896881,34.85,74.74,1011.39,45.0,0.0
2026-09-19 08:17:57.896881,33.06,71.54,1010.93,33.09,4.7
2026-09-19 08:22:57.896881,34.39,67.27,1011.32,45.0,0.0
2026-09-19 08:27:57.896881,33.46,67.36,1010.69,3.75,0.0
2026-09-19 08:32:57.896881,33.84,71.36,1011.11,9.98,0.0
2026-09-19 08:37:57.896881,34.02,69.52,1010.99,1.67,0.0
2026-09-19 08:42:57.896881,32.78,69.99,1011.1,14.36,0.0
2026-09-19 08:47:57.896881,33.36,74.07,1010.77,4.21,0.0
2026-09-19 08:52:57.896881,35.08,73.2,1011.03,10.47,0.0
2026-09-19 08:57:57.896881,34.71,75.14,1011.2,0.78,0.0
2026-09-19 09:02:57.896881,33.95,68.03,1010.63,0.87,0.0
2026-09-19 09:07:57.896881,34.19,69.97,1011.02,4.81,0.0
2026-09-19 09:12:57.896881,33.76,73.28,1010.47,5.51,0.0
2026-09-19 09:17:57.896881,35.07,72.35,1011.27,26.19,0.0
2026-09-19 09:22:57.896881,33.82,75.61,1011.7,7.34,0.0
2026-09-19 09:27:57.896881,34.15,72.29,1010.63,15.47,0.0
2026-09-19 09:32:57.896881,34.87,76.58,1010.94,1.49,0.0
2026-09-19 09:37:57.896881,33.31,72.67,1011.2,12.83,0.0
2026-09-19 09:42:57.896881,35.16,74.25,1010.94,12.17,0.0
2026-09-19 09:47:57.896881,32.66,70.11,1010.95,17.31,0.0
2026-09-19 09:52:57.896881,35.16,71.14,1010.66,11.76,0.0
2026-09-19 09:57:57.896881,33.53,73.85,1010.67,35.34,0.0
2026-09-19 10:02:57.896881,33.6,75.98,1010.8,7.69,0.0
2026-09-19 10:07:57.896881,32.25,73.35,1010.91,4.48,0.0
2026-09-19 10:12:57.896881,33.36,70.94,1010.51,17.93,0.0
2026-09-19 10:17:57.896881,32.85,75.34,1010.8,12.99,0.0
2026-09-19 10:22:57.896881,33.15,64.67,1011.16,4.66,0.0
2026-09-19 10:27:57.896881,33.48,67.01,1010.55,15.67,0.0
2026-09-19 10:32:57.896881,34.31,73.35,1010.34,21.89,0.0
2026-09-19 10:37:57.896881,33.66,71.38,1010.64,13.41,0.0
2026-09-19 10:42:57.896881,33.68,73.19,1010.58,11.75,0.0
2026-09-19 10:47:57.896881,32.5,71.61,1010.38,2.58,0.0
2026-09-19 10:52:57.896881,32.62,73.16,1010.83,7.5,0.0
2026-09-19 10:57:57.896881,34.7,69.05,1010.51,4.38,0.0
2026-09-19 11:02:57.896881,32.61,73.25,1010.55,15.98,0.0
2026-09-19 11:07:57.896881,34.45,74.56,1010.68,2.67,0.0
2026-09-19 11:12:57.896881,32.87,75.29,1010.21,2.93,0.0
2026-09-19 11:17:57.896881,32.99,77.71,1010.18,3.97,0.0
2026-09-19 11:22:57.896881,33.77,72.46,1010.97,5.23,0.0
2026-09-19 11:27:57.896881,33.86,72.6,1010.14,3.54,0.0
2026-09-19 11:32:57.896881,32.67,67.26,1010.44,7.22,0.0
2026-09-19 11:37:57.896881,32.37,70.29,1010.22,7.82,0.0
2026-09-19 11:42:57.896881,32.55,71.36,1010.63,20.04,0.0
2026-09-19 11:47:57.896881,32.78,75.14,1010.87,4.52,0.0
2026-09-19 11:52:57.896881,33.14,70.22,1010.65,5.39,0.0
2026-09-19 11:57:57.896881,32.34,74.5,1011.35,15.22,0.0
2026-09-19 12:02:57.896881,32.74,72.17,1010.95,17.58,0.0
2026-09-19 12:07:57.896881,33.46,71.7,1010.32,11.04,0.0
2026-09-19 12:12:57.896881,32.36,73.04,1010.28,15.15,8.86
2026-09-19 12:17:57.896881,32.21,71.19,1011.45,1.59,0.0
2026-09-19 12:22:57.896881,30.64,71.14,1010.89,18.64,0.0
2026-09-19 12:27:57.896881,29.65,67.38,1010.65,9.64,0.0
2026-09-19 12:32:57.896881,31.96,71.82,1010.44,15.55,0.0
2026-09-19 12:37:57.896881,31.47,71.19,1010.62,11.93,0.0
2026-09-19 12:42:57.896881,31.03,71.16,1010.13,7.01,0.0
2026-09-19 12:47:57.896881,31.53,74.03,1010.63,13.4,0.0
2026-09-19 12:52:57.896881,31.18,74.83,1010.59,6.16,0.0
2026-09-19 12:57:57.896881,32.01,73.62,1010.29,39.83,0.0
2026-09-19 13:02:57.896881,31.07,75.99,1010.46,2.33,0.0
2026-09-19 13:07:57.896881,30.29,74.8,1011.05,18.3,0.0
2026-09-19 13:12:57.896881,31.56,72.27,1010.58,12.71,0.0
2026-09-19 13:17:57.896881,30.48,71.84,1011.23,9.95,0.0
2026-09-19 13:22:57.896881,30.96,74.25,1010.18,5.16,3.62
2026-09-19 13:27:57.896881,30.03,75.11,1010.58,13.18,0.0
2026-09-19 13:32:57.896881,29.78,77.66,1010.34,9.69,0.0
2026-09-19 13:37:57.896881,30.24,77.12,1010.41,2.02,4.45
2026-09-19 13:42:57.896881,30.06,72.01,1010.58,15.95,0.0
2026-09-19 13:47:57.896881,30.31,73.41,1010.9,13.49,0.0
2026-09-19 13:52:57.896881,29.59,75.81,1010.89,4.46,0.0
2026-09-19 13:57:57.896881,28.21,77.08,1010.69,20.68,0.0
2026-09-19 14:02:57.896881,29.21,76.78,1010.18,19.85,0.0
2026-09-19 14:07:57.896881,30.06,73.86,1011.3,3.31,0.0
2026-09-19 14:12:57.896881,29.06,70.37,1010.79,13.54,0.0
2026-09-19 14:17:57.896881,28.97,71.22,1010.57,17.42,0.0
2026-09-19 14:22:57.896881,29.83,75.12,1010.96,2.54,0.0
2026-09-19 14:27:57.896881,28.34,75.42,1011.05,1.17,0.0
2026-09-19 14:32:57.896881,27.55,71.18,1010.82,8.16,0.0
2026-09-19 14:37:57.896881,28.52,74.7,1011.04,6.34,0.0
2026-09-19 14:42:57.896881,28.14,76.55,1010.71,9.5,0.0
2026-09-19 14:47:57.896881,27.62,71.28,1011.38,29.7,4.14
2026-09-19 14:52:57.896881,28.12,78.14,1010.77,17.74,0.0
2026-09-19 14:57:57.896881,28.52,73.78,1010.84,5.44,0.0
2026-09-19 15:02:57.896881,27.99,78.77,1011.29,11.51,0.0
2026-09-19 15:07:57.896881,28.11,73.49,1011.37,10.54,0.0
2026-09-19 15:12:57.896881,29.19,72.09,1011.4,19.53,0.0
2026-09-19 15:17:57.896881,27.33,73.89,1011.22,18.22,0.0
2026-09-19 15:22:57.896881,27.7,75.06,1010.81,9.44,0.0
2026-09-19 15:27:57.896881,26.94,74.27,1010.53,15.5,0.0
2026-09-19 15:32:57.896881,26.54,74.87,1011.4,21.97,0.0
2026-09-19 15:37:57.896881,26.62,76.61,1011.36,16.18,7.49
2026-09-19 15:42:57.896881,26.58,75.18,1010.76,5.34,0.0
2026-09-19 15:47:57.896881,27.12,75.58,1011.27,5.47,0.0
2026-09-19 15:52:57.896881,28.58,70.74,1010.91,2.07,0.0
2026-09-19 15:57:57.896881,26.0,77.13,1011.45,5.16,0.0
2026-09-19 16:02:57.896881,26.11,75.77,1010.75,5.71,0.0
2026-09-19 16:07:57.896881,26.27,80.95,1011.45,0.79,0.0
2026-09-19 16:12:57.896881,26.51,73.38,1011.17,3.67,0.0
2026-09-19 16:17:57.896881,26.28,70.86,1011.48,2.95,0.0
2026-09-19 16:22:57.896881,26.98,78.22,1010.78,6.9,0.0
2026-09-19 16:27:57.896881,23.88,77.49,1011.1,10.85,0.0
2026-09-19 16:32:57.896881,23.79,73.51,1010.63,5.0,0.0
2026-09-19 16:37:57.896881,25.19,72.02,1011.17,27.15,0.0
2026-09-19 16:42:57.896881,26.34,81.3,1011.19,3.6,0.0
2026-09-19 16:47:57.896881,24.09,81.01,1011.62,0.61,0.0
2026-09-19 16:52:57.896881,22.82,69.38,1011.05,9.11,0.0
2026-09-19 16:57:57.896881,25.57,75.55,1011.11,17.03,0.0
2026-09-19 17:02:57.896881,25.19,81.99,1010.68,6.67,0.0
2026-09-19 17:07:57.896881,24.02,75.65,1010.99,7.3,0.0
2026-09-19 17:12:57.896881,23.99,75.68,1010.65,32.98,0.0
2026-09-19 17:17:57.896881,23.89,76.37,1010.81,18.03,0.0
2026-09-19 17:22:57.896881,24.65,73.93,1010.89,11.64,0.0
2026-09-19 17:27:57.896881,23.95,72.25,1010.72,9.54,0.0
2026-09-19 17:32:57.896881,24.74,80.59,1010.79,1.04,0.0
2026-09-19 17:37:57.896881,21.96,71.97,1010.65,23.29,0.0
2026-09-19 17:42:57.896881,23.46,78.31,1010.61,9.61,0.0
2026-09-19 17:47:57.896881,23.14,80.3,1011.07,2.56,0.0
2026-09-19 17:52:57.896881,23.74,73.35,1010.8,15.02,0.0
2026-09-19 17:57:57.896881,23.42,74.99,1010.93,18.5,0.0
2026-09-19 18:02:57.896881,24.4,81.47,1010.45,7.13,0.0
2026-09-19 18:07:57.896881,22.18,79.49,1011.01,5.9,0.0
2026-09-19 18:12:57.896881,23.61,76.1,1011.07,8.46,0.0
2026-09-19 18:17:57.896881,23.94,81.61,1010.78,4.87,0.0
2026-09-19 18:22:57.896881,24.89,81.68,1011.52,3.5,0.0
2026-09-19 18:27:57.896881,22.94,78.93,1010.19,9.18,0.0
2026-09-19 18:32:57.896881,23.5,75.47,1011.15,17.91,0.0
2026-09-19 18:37:57.896881,21.72,76.99,1011.2,30.97,0.0
2026-09-19 18:42:57.896881,21.17,79.14,1011.19,9.62,0.0
2026-09-19 18:47:57.896881,23.69,77.76,1011.13,27.31,0.0
2026-09-19 18:52:57.896881,22.94,81.19,1011.29,3.39,0.0
2026-09-19 18:57:57.896881,23.81,73.83,1011.41,17.37,0.0
2026-09-19 19:02:57.896881,21.71,73.98,1010.87,7.02,0.0
2026-09-19 19:07:57.896881,23.16,79.05,1011.27,39.11,0.0
2026-09-19 19:12:57.896881,24.17,77.07,1011.21,5.4,0.0
2026-09-19 19:17:57.896881,22.95,76.71,1010.93,11.59,0.0
2026-09-19 19:22:57.896881,22.78,73.32,1011.45,1.87,0.0
2026-09-19 19:27:57.896881,22.51,78.72,1011.1,6.52,0.0
2026-09-19 19:32:57.896881,21.2,78.54,1010.85,19.81,0.0
2026-09-19 19:37:57.896881,23.49,80.69,1011.12,16.9,2.06
2026-09-19 19:42:57.896881,21.87,78.97,1010.98,11.68,0.0
2026-09-19 19:47:57.896881,22.72,78.39,1011.55,17.48,0.0
2026-09-19 19:52:57.896881,21.03,82.35,1011.31,8.92,0.0
2026-09-19 19:57:57.896881,21.3,74.9,1011.72,29.19,0.0
2026-09-19 20:02:57.896881,23.35,80.47,1011.12,1.73,0.0
2026-09-19 20:07:57.896881,21.89,73.87,1011.57,11.4,0.0
2026-09-19 20:12:57.896881,23.3,76.39,1012.21,2.12,0.0
2026-09-19 20:17:57.896881,22.05,75.29,1011.47,3.72,0.0
2026-09-19 20:22:57.896881,20.62,81.29,1011.59,6.09,0.0
2026-09-19 20:27:57.896881,22.78,78.76,1011.53,7.21,0.0
2026-09-19 20:32:57.896881,21.58,78.93,1010.81,9.04,0.0
2026-09-19 20:37:57.896881,22.59,75.66,1011.41,9.13,0.0
2026-09-19 20:42:57.896881,22.04,78.09,1011.36,5.75,0.0
2026-09-19 20:47:57.896881,20.78,76.7,1011.2,9.77,0.0
2026-09-19 20:52:57.896881,22.14,80.15,1011.09,2.87,0.0
2026-09-19 20:57:57.896881,23.76,76.03,1011.55,18.31,0.0
2026-09-19 21:02:57.896881,22.39,82.99,1011.08,15.4,0.0
2026-09-19 21:07:57.896881,21.96,73.97,1012.05,28.9,0.0
2026-09-19 21:12:57.896881,22.87,76.58,1011.56,13.47,0.0
2026-09-19 21:17:57.896881,22.18,84.02,1011.17,14.73,0.0
2026-09-19 21:22:57.896881,22.19,77.68,1011.33,14.53,0.0
2026-09-19 21:27:57.896881,21.16,75.03,1011.44,4.47,0.0
2026-09-19 21:32:57.896881,22.24,79.62,1012.34,11.32,0.0
2026-09-19 21:37:57.896881,22.9,77.53,1011.33,6.75,0.0
2026-09-19 21:42:57.896881,21.42,76.43,1011.61,12.24,0.0
2026-09-19 21:47:57.896881,23.25,75.64,1011.54,13.77,0.0
2026-09-19 21:52:57.896881,22.07,87.21,1011.9,16.73,0.0
2026-09-19 21:57:57.896881,21.46,78.13,1011.6,14.48,0.0
2026-09-19 22:02:57.896881,23.0,73.09,1011.38,14.77,0.0
2026-09-19 22:07:57.896881,22.01,83.32,1011.66,7.12,0.0
2026-09-19 22:12:57.896881,22.89,80.65,1011.66,14.03,0.0
2026-09-19 22:17:57.896881,22.09,76.49,1011.61,10.19,0.0
2026-09-19 22:22:57.896881,22.31,75.96,1011.65,22.0,0.0
2026-09-19 22:27:57.896881,22.8,80.75,1012.14,7.73,0.0
2026-09-19 22:32:57.896881,22.69,77.95,1011.72,2.24,0.0
2026-09-19 22:37:57.896881,20.91,72.88,1011.52,5.3,0.0
2026-09-19 22:42:57.896881,21.67,83.99,1011.74,3.55,0.0
2026-09-19 22:47:57.896881,23.36,77.29,1011.85,12.51,0.0
2026-09-19 22:52:57.896881,22.57,83.03,1011.43,18.06,0.0
2026-09-19 22:57:57.896881,22.32,82.34,1012.36,3.11,0.0
2026-09-19 23:02:57.896881,21.72,75.46,1012.07,15.27,0.0
2026-09-19 23:07:57.896881,22.01,81.52,1012.13,14.46,0.0
2026-09-19 23:12:57.896881,21.32,76.42,1011.89,27.93,0.0
2026-09-19 23:17:57.896881,22.93,72.73,1011.17,20.42,0.0
2026-09-19 23:22:57.896881,22.61,77.0,1012.29,5.31,0.0
2026-09-19 23:27:57.896881,22.39,79.42,1011.52,7.17,0.0
2026-09-19 23:32:57.896881,23.19,76.79,1011.58,7.74,0.0
2026-09-19 23:37:57.896881,23.61,77.2,1011.88,25.28,0.0
2026-09-19 23:42:57.896881,25.08,81.49,1012.16,29.2,5.63
2026-09-19 23:47:57.896881,22.28,78.33,1012.14,14.06,0.0
2026-09-19 23:52:57.896881,24.5,75.42,1012.1,2.5,13.41
2026-09-19 23:57:57.896881,24.44,80.0,1011.72,8.62,0.0
2026-09-20 00:02:57.896881,23.13,78.42,1011.69,37.74,0.0
2026-09-20 00:07:57.896881,24.01,70.2,1011.79,10.43,0.0
2026-09-20 00:12:57.896881,23.58,78.99,1011.68,9.63,0.0
2026-09-20 00:17:57.896881,24.19,78.81,1012.0,22.91,0.0
2026-09-20 00:22:57.896881,25.35,77.63,1011.97,1.85,0.0
2026-09-20 00:27:57.896881,24.73,80.18,1011.96,2.65,0.0
2026-09-20 00:32:57.896881,24.75,75.42,1010.96,24.62,0.0
2026-09-20 00:37:57.896881,24.11,78.37,1011.73,15.81,0.0
2026-09-20 00:42:57.896881,23.37,72.59,1011.61,15.41,0.0
2026-09-20 00:47:57.896881,24.5,78.44,1011.68,1.37,0.0
2026-09-20 00:52:57.896881,25.74,83.01,1011.41,5.74,0.0
2026-09-20 00:57:57.896881,23.67,74.09,1011.26,14.38,0.0
2026-09-20 01:02:57.896881,24.16,74.72,1011.78,3.48,0.0
2026-09-20 01:07:57.896881,25.22,74.79,1011.49,13.59,0.0
2026-09-20 01:12:57.896881,24.44,77.24,1011.85,3.58,0.0
2026-09-20 01:17:57.896881,24.71,73.58,1011.6,2.28,11.16
2026-09-20 01:22:57.896881,25.13,77.95,1012.23,13.99,0.0
2026-09-20 01:27:57.896881,24.49,79.15,1012.07,10.46,0.0
2026-09-20 01:32:57.896881,24.92,78.13,1011.93,8.72,0.0
2026-09-20 01:37:57.896881,26.39,71.14,1011.71,9.4,0.0
2026-09-20 01:42:57.896881,24.9,79.35,1012.01,9.41,0.0
2026-09-20 01:47:57.896881,24.79,79.1,1011.84,1.67,0.0
2026-09-20 01:52:57.896881,25.69,78.69,1011.73,17.99,0.0
2026-09-20 01:57:57.896881,26.91,77.24,1011.96,23.63,0.0
2026-09-20 02:02:57.896881,26.29,76.7,1012.03,31.09,0.0
2026-09-20 02:07:57.896881,26.2,79.05,1011.23,12.27,0.0
2026-09-20 02:12:57.896881,26.74,81.64,1011.29,2.28,0.0
2026-09-20 02:17:57.896881,25.43,72.92,1011.34,17.59,0.0
2026-09-20 02:22:57.896881,27.35,78.93,1011.1,10.93,1.74
2026-09-20 02:27:57.896881,27.39,75.35,1011.53,11.58,0.0
2026-09-20 02:32:57.896881,26.89,75.13,1011.76,4.44,0.0
2026-09-20 02:37:57.896881,28.15,70.83,1011.57,13.55,0.0
2026-09-20 02:42:57.896881,26.58,74.49,1011.46,18.0,0.0
2026-09-20 02:47:57.896881,28.51,72.27,1011.99,11.02,1.5
2026-09-20 02:52:57.896881,27.86,73.78,1011.72,6.52,0.0
2026-09-20 02:57:57.896881,27.6,71.79,1011.85,6.99,0.0
2026-09-20 03:02:57.896881,27.98,73.65,1012.04,11.81,0.0
2026-09-20 03:07:57.896881,28.05,73.69,1011.63,6.72,0.0
2026-09-20 03:12:57.896881,29.24,75.12,1012.37,3.22,0.0
2026-09-20 03:17:57.896881,27.53,69.89,1011.61,17.38,0.0
2026-09-20 03:22:57.896881,27.91,70.31,1012.2,10.06,0.0
2026-09-20 03:27:57.896881,29.48,75.65,1011.3,11.15,0.0
2026-09-20 03:32:57.896881,28.31,72.09,1011.75,5.5,0.0
2026-09-20 03:37:57.896881,29.63,77.62,1011.27,3.21,0.0
2026-09-20 03:42:57.896881,30.4,74.98,1011.87,4.7,8.49
2026-09-20 03:47:57.896881,28.85,76.04,1011.35,6.2,0.0
2026-09-20 03:52:57.896881,29.84,78.37,1011.6,6.65,0.0
2026-09-20 03:57:57.896881,28.5,73.12,1011.31,8.8,0.0
2026-09-20 04:02:57.896881,30.16,72.24,1011.72,19.63,0.0
2026-09-20 04:07:57.896881,29.84,76.5,1011.19,16.15,0.0
2026-09-20 04:12:57.896881,30.18,75.33,1011.84,15.24,0.0
2026-09-20 04:17:57.896881,29.41,73.15,1011.09,3.35,0.0
2026-09-20 04:22:57.896881,28.72,77.81,1010.98,14.56,0.0
2026-09-20 04:27:57.896881,30.58,72.91,1011.64,19.28,0.0
2026-09-20 04:32:57.896881,28.65,73.57,1011.13,6.6,0.0
2026-09-20 04:37:57.896881,30.16,73.45,1011.37,3.14,0.0
2026-09-20 04:42:57.896881,31.29,70.51,1011.35,13.8,0.0
2026-09-20 04:47:57.896881,30.81,73.46,1011.11,15.94,0.0
2026-09-20 04:52:57.896881,32.33,77.34,1011.51,9.51,0.0
2026-09-20 04:57:57.896881,31.71,74.41,1011.92,17.81,0.0
2026-09-20 05:02:57.896881,30.48,73.09,1011.78,10.04,0.0
2026-09-20 05:07:57.896881,31.13,72.44,1011.54,4.17,0.0
2026-09-20 05:12:57.896881,31.19,73.84,1011.77,9.92,0.0
2026-09-20 05:17:57.896881,30.07,75.03,1011.03,10.84,0.0
2026-09-20 05:22:57.896881,30.69,74.53,1011.3,9.38,0.0
2026-09-20 05:27:57.896881,31.1,71.64,1011.48,2.51,0.0
2026-09-20 05:32:57.896881,30.02,73.54,1011.38,27.22,0.0
2026-09-20 05:37:57.896881,31.79,73.94,1011.39,37.63,0.0
2026-09-20 05:42:57.896881,31.66,69.41,1011.13,7.94,0.0
2026-09-20 05:47:57.896881,30.62,72.87,1010.9,8.6,0.0
2026-09-20 05:52:57.896881,32.38,65.81,1011.74,10.0,0.0
2026-09-20 05:57:57.896881,32.72,73.68,1011.66,9.0,0.0
2026-09-20 06:02:57.896881,32.42,74.15,1011.86,4.26,0.0
2026-09-20 06:07:57.896881,32.07,74.35,1011.47,16.9,0.0
2026-09-20 06:12:57.896881,32.9,70.87,1011.36,17.48,0.0
2026-09-20 06:17:57.896881,33.06,72.92,1011.53,8.83,0.0
2026-09-20 06:22:57.896881,32.84,76.21,1011.81,8.38,0.0
2026-09-20 06:27:57.896881,32.02,76.12,1011.49,8.19,0.0
2026-09-20 06:32:57.896881,32.98,71.74,1011.76,16.6,3.5
2026-09-20 06:37:57.896881,33.8,72.19,1011.15,9.83,0.0
2026-09-20 06:42:57.896881,32.44,75.06,1011.34,7.86,0.0
2026-09-20 06:47:57.896881,34.67,67.17,1011.42,3.21,0.0
2026-09-20 06:52:57.896881,32.64,70.66,1011.78,18.48,0.0
2026-09-20 06:57:57.896881,33.16,75.59,1011.46,5.15,0.0
2026-09-20 07:02:57.896881,32.66,74.46,1011.99,3.14,0.0
2026-09-20 07:07:57.896881,33.44,72.6,1011.01,14.61,0.0
2026-09-20 07:12:57.896881,31.93,66.93,1011.42,9.74,0.0
2026-09-20 07:17:57.896881,32.94,71.26,1011.39,38.94,0.0
2026-09-20 07:22:57.896881,32.56,69.61,1011.61,2.74,0.0
2026-09-20 07:27:57.896881,33.6,72.33,1011.28,5.96,0.0
2026-09-20 07:32:57.896881,34.34,68.88,1012.06,14.59,0.0
2026-09-20 07:37:57.896881,34.11,68.19,1011.6,9.36,0.0
2026-09-20 07:42:57.896881,31.74,65.05,1011.24,10.97,0.0
2026-09-20 07:47:57.896881,35.32,74.88,1011.66,10.95,0.0
2026-09-20 07:52:57.896881,33.96,69.99,1011.58,1.77,5.54
2026-09-20 07:57:57.896881,33.14,71.63,1012.56,11.5,0.0
2026-09-20 08:02:57.896881,33.92,71.13,1012.03,16.19,0.0
2026-09-20 08:07:57.896881,33.97,67.91,1011.72,4.53,0.0
2026-09-20 08:12:57.896881,33.32,67.32,1011.75,4.79,0.0
2026-09-20 08:17:57.896881,34.04,68.06,1012.1,6.75,0.0
2026-09-20 08:22:57.896881,33.42,68.89,1012.18,3.05,0.0
2026-09-20 08:27:57.896881,33.61,72.15,1011.02,4.07,0.0
2026-09-20 08:32:57.896881,33.4,68.65,1012.05,10.15,0.0
2026-09-20 08:37:57.896881,32.82,76.26,1011.83,22.28,0.0
2026-09-20 08:42:57.896881,34.09,74.1,1011.44,6.14,0.0
2026-09-20 08:47:57.896881,34.46,73.43,1012.06,28.84,0.0
2026-09-20 08:52:57.896881,34.41,70.64,1012.42,6.05,0.0
2026-09-20 08:57:57.896881,34.65,75.54,1011.97,17.24,0.0
2026-09-20 09:02:57.896881,34.26,70.35,1012.11,5.04,0.0
2026-09-20 09:07:57.896881,33.57,70.91,1012.33,12.72,0.0
2026-09-20 09:12:57.896881,34.67,71.51,1011.55,26.3,10.87
2026-09-20 09:17:57.896881,32.9,73.11,1011.21,14.87,0.0
2026-09-20 09:22:57.896881,33.26,72.93,1012.04,8.63,0.0
2026-09-20 09:27:57.896881,33.19,69.6,1011.71,8.2,0.0
2026-09-20 09:32:57.896881,34.81,69.44,1011.39,12.85,0.0
2026-09-20 09:37:57.896881,34.68,72.97,1011.79,15.84,0.0
2026-09-20 09:42:57.896881,34.3,73.21,1012.03,17.12,0.0
2026-09-20 09:47:57.896881,34.74,69.9,1011.7,10.26,0.0
2026-09-20 09:52:57.896881,33.15,66.33,1011.55,12.49,0.0
2026-09-20 09:57:57.896881,34.11,70.49,1011.76,4.85,0.0
2026-09-20 10:02:57.896881,33.7,73.01,1011.79,13.72,0.0
2026-09-20 10:07:57.896881,34.44,76.58,1011.25,5.11,0.0
2026-09-20 10:12:57.896881,33.63,67.59,1011.8,11.07,0.0
2026-09-20 10:17:57.896881,33.37,69.93,1011.38,7.35,1.47
2026-09-20 10:22:57.896881,34.07,70.07,1011.94,24.49,0.0
2026-09-20 10:27:57.896881,34.29,75.34,1011.33,10.19,0.0
2026-09-20 10:32:57.896881,33.01,71.2,1012.11,26.25,0.0
2026-09-20 10:37:57.896881,33.44,68.62,1011.66,9.45,0.0
2026-09-20 10:42:57.896881,32.59,73.05,1011.58,29.29,0.0
2026-09-20 10:47:57.896881,31.38,70.2,1011.8,14.18,0.0
2026-09-20 10:52:57.896881,33.48,67.78,1011.43,1.89,0.0
2026-09-20 10:57:57.896881,33.75,68.81,1011.73,7.47,0.0
2026-09-20 11:02:57.896881,33.41,76.74,1011.34,5.54,0.0
2026-09-20 11:07:57.896881,31.57,72.73,1011.45,3.28,0.0
2026-09-20 11:12:57.896881,32.78,71.95,1011.79,5.28,0.0
2026-09-20 11:17:57.896881,31.21,70.92,1011.26,6.3,0.0
2026-09-20 11:22:57.896881,34.01,72.6,1011.23,2.07,0.0
2026-09-20 11:27:57.896881,31.97,72.61,1011.64,8.51,0.0
2026-09-20 11:32:57.896881,33.76,72.7,1011.54,13.72,0.0
2026-09-20 11:37:57.896881,33.44,72.22,1011.59,39.59,0.0
2026-09-20 11:42:57.896881,31.88,74.54,1011.61,22.91,0.0
2026-09-20 11:47:57.896881,31.6,72.06,1011.63,8.27,0.0
2026-09-20 11:52:57.896881,32.7,69.12,1011.77,9.99,0.0
2026-09-20 11:57:57.896881,31.66,70.27,1011.58,14.65,2.61
2026-09-20 12:02:57.896881,32.32,66.23,1010.91,8.76,0.0
2026-09-20 12:07:57.896881,31.76,78.31,1011.04,10.34,0.0
2026-09-20 12:12:57.896881,30.63,74.89,1012.06,5.28,0.0
2026-09-20 12:17:57.896881,30.17,69.87,1011.45,9.69,0.0
2026-09-20 12:22:57.896881,32.04,71.58,1011.8,10.7,0.0
2026-09-20 12:27:57.896881,31.31,70.59,1011.43,3.38,0.0
2026-09-20 12:32:57.896881,31.21,77.19,1011.52,14.38,0.0
2026-09-20 12:37:57.896881,32.1,68.38,1011.51,14.88,0.0
2026-09-20 12:42:57.896881,32.38,73.05,1012.4,15.31,0.0
2026-09-20 12:47:57.896881,31.12,72.45,1011.7,5.37,0.0
2026-09-20 12:52:57.896881,30.95,75.33,1011.45,26.28,0.0
2026-09-20 12:57:57.896881,31.51,72.61,1011.06,7.52,0.0
2026-09-20 13:02:57.896881,29.91,67.73,1012.21,3.67,0.0
2026-09-20 13:07:57.896881,31.06,72.32,1011.59,25.09,0.0
2026-09-20 13:12:57.896881,31.21,70.24,1011.92,4.36,0.0
2026-09-20 13:17:57.896881,31.2,73.47,1012.02,12.25,0.0
2026-09-20 13:22:57.896881,28.99,77.61,1011.6,6.09,0.0
2026-09-20 13:27:57.896881,29.81,68.17,1011.89,2.42,0.0
2026-09-20 13:32:57.896881,29.59,71.07,1011.51,4.24,0.0
2026-09-20 13:37:57.896881,30.25,71.89,1011.35,23.18,0.0
2026-09-20 13:42:57.896881,30.44,72.49,1012.0,10.05,0.0
2026-09-20 13:47:57.896881,31.13,75.93,1011.66,6.58,0.0
2026-09-20 13:52:57.896881,29.41,73.28,1011.86,7.93,0.0
2026-09-20 13:57:57.896881,29.28,75.13,1011.83,3.77,0.0
2026-09-20 14:02:57.896881,30.47,72.09,1011.9,4.93,0.0
2026-09-20 14:07:57.896881,29.66,74.74,1011.28,17.19,0.0
2026-09-20 14:12:57.896881,30.31,76.47,1011.54,11.51,0.0
2026-09-20 14:17:57.896881,29.4,72.02,1011.5,9.65,0.0
2026-09-20 14:22:57.896881,28.12,76.65,1011.38,8.47,0.0
2026-09-20 14:27:57.896881,27.85,74.55,1011.8,2.1,0.0
2026-09-20 14:32:57.896881,27.54,77.61,1012.05,9.02,0.0
2026-09-20 14:37:57.896881,29.18,73.96,1012.07,17.2,0.0
2026-09-20 14:42:57.896881,29.47,75.8,1011.51,5.98,3.96
2026-09-20 14:47:57.896881,29.87,74.62,1011.72,9.12,0.0
2026-09-20 14:52:57.896881,28.94,74.54,1011.77,0.94,0.0
2026-09-20 14:57:57.896881,29.06,75.69,1011.82,21.82,0.0
2026-09-20 15:02:57.896881,27.54,76.61,1011.46,26.5,0.0
2026-09-20 15:07:57.896881,26.94,71.34,1012.22,26.39,2.79
2026-09-20 15:12:57.896881,28.42,79.48,1012.04,2.32,0.0
2026-09-20 15:17:57.896881,27.94,69.68,1012.05,18.2,0.0
2026-09-20 15:22:57.896881,27.56,73.29,1012.04,18.91,0.0
2026-09-20 15:27:57.896881,27.66,75.15,1011.83,9.54,0.0
2026-09-20 15:32:57.896881,27.48,76.76,1011.41,7.31,0.0
2026-09-20 15:37:57.896881,28.11,80.34,1011.66,18.11,0.0
2026-09-20 15:42:57.896881,27.99,70.12,1011.13,10.48,0.0
2026-09-20 15:47:57.896881,27.26,74.26,1011.74,4.9,0.0
2026-09-20 15:52:57.896881,27.38,69.49,1011.52,15.6,0.0
2026-09-20 15:57:57.896881,26.99,76.05,1011.58,21.34,1.49
2026-09-20 16:02:57.896881,26.08,76.85,1012.0,17.2,0.0
2026-09-20 16:07:57.896881,26.93,80.89,1011.45,17.94,0.0
2026-09-20 16:12:57.896881,25.08,76.56,1011.47,3.73,0.0
2026-09-20 16:17:57.896881,26.91,79.42,1011.59,6.45,8.0
2026-09-20 16:22:57.896881,24.99,78.12,1010.99,11.65,0.0
2026-09-20 16:27:57.896881,26.05,75.14,1011.41,24.67,0.0
2026-09-20 16:32:57.896881,25.03,72.3,1010.68,5.05,1.66
2026-09-20 16:37:57.896881,26.03,77.44,1011.27,23.82,0.0
2026-09-20 16:42:57.896881,25.44,72.21,1011.72,1.75,0.0
2026-09-20 16:47:57.896881,24.07,80.65,1011.56,21.85,0.0
2026-09-20 16:52:57.896881,25.57,76.36,1011.25,20.55,0.0
2026-09-20 16:57:57.896881,24.65,80.51,1011.52,33.46,0.0
2026-09-20 17:02:57.896881,25.7,75.56,1011.13,18.81,10.95
2026-09-20 17:07:57.896881,24.89,77.88,1011.36,12.41,0.0
2026-09-20 17:12:57.896881,25.09,77.78,1012.26,7.38,0.0
2026-09-20 17:17:57.896881,23.9,77.09,1011.93,6.69,0.0
2026-09-20 17:22:57.896881,24.09,76.0,1011.36,9.3,0.0
2026-09-20 17:27:57.896881,24.09,78.54,1011.42,6.98,0.0
2026-09-20 17:32:57.896881,25.03,74.66,1011.12,15.6,0.0
2026-09-20 17:37:57.896881,25.59,73.88,1011.06,18.5,0.0
2026-09-20 17:42:57.896881,23.5,81.3,1011.38,4.74,0.0
2026-09-20 17:47:57.896881,24.91,79.82,1011.23,19.15,0.0
2026-09-20 17:52:57.896881,22.21,77.9,1011.69,13.04,0.0
2026-09-20 17:57:57.896881,22.9,82.76,1011.92,7.8,0.0
2026-09-20 18:02:57.896881,22.99,77.03,1011.61,21.53,0.0
2026-09-20 18:07:57.896881,22.58,81.86,1011.54,5.37,0.0
2026-09-20 18:12:57.896881,22.31,78.48,1011.05,3.23,0.0
2026-09-20 18:17:57.896881,23.82,74.93,1011.81,5.15,0.0
2026-09-20 18:22:57.896881,23.23,83.61,1011.27,6.45,0.0
2026-09-20 18:27:57.896881,23.62,81.09,1011.47,20.95,0.0
2026-09-20 18:32:57.896881,23.79,77.81,1011.89,20.27,0.0
2026-09-20 18:37:57.896881,23.37,80.41,1011.89,10.12,0.0
2026-09-20 18:42:57.896881,23.61,77.07,1011.44,1.45,0.0
2026-09-20 18:47:57.896881,22.96,80.81,1011.4,5.62,0.0
2026-09-20 18:52:57.896881,21.99,71.2,1011.27,31.32,0.0
2026-09-20 18:57:57.896881,23.72,75.36,1011.11,17.7,0.0
2026-09-20 19:02:57.896881,22.33,81.4,1011.23,1.34,0.0
2026-09-20 19:07:57.896881,21.99,77.76,1010.91,0.75,2.6
2026-09-20 19:12:57.896881,22.54,79.17,1011.59,17.18,0.78
2026-09-20 19:17:57.896881,21.89,74.55,1011.52,24.19,13.08
2026-09-20 19:22:57.896881,22.23,84.17,1011.62,4.05,0.0
2026-09-20 19:27:57.896881,22.78,82.23,1011.14,5.42,0.0
2026-09-20 19:32:57.896881,22.74,78.09,1011.14,19.79,0.0
2026-09-20 19:37:57.896881,21.69,77.51,1011.56,7.82,0.0
2026-09-20 19:42:57.896881,21.97,81.85,1011.59,8.67,0.0
2026-09-20 19:47:57.896881,23.18,84.74,1011.53,8.35,0.0
2026-09-20 19:52:57.896881,22.67,81.68,1011.5,10.91,0.0
2026-09-20 19:57:57.896881,23.9,85.36,1012.16,12.63,0.0
2026-09-20 20:02:57.896881,23.15,76.1,1011.84,33.08,0.0
2026-09-20 20:07:57.896881,23.09,76.43,1012.37,7.33,0.0
2026-09-20 20:12:57.896881,21.03,75.34,1012.16,8.64,0.0
2026-09-20 20:17:57.896881,22.73,80.25,1012.32,3.7,0.0
2026-09-20 20:22:57.896881,22.05,79.47,1011.55,10.82,0.0
2026-09-20 20:27:57.896881,21.63,78.5,1012.02,20.82,0.0
2026-09-20 20:32:57.896881,22.19,81.39,1011.7,5.36,12.6
2026-09-20 20:37:57.896881,22.79,82.67,1011.33,4.71,0.0
2026-09-20 20:42:57.896881,22.42,74.41,1012.32,19.57,0.0
2026-09-20 20:47:57.896881,21.31,77.2,1011.83,12.58,0.0
2026-09-20 20:52:57.896881,22.6,81.46,1011.59,4.75,0.0
2026-09-20 20:57:57.896881,21.49,77.6,1011.71,11.26,0.0
2026-09-20 21:02:57.896881,22.17,76.61,1011.61,4.37,0.0
2026-09-20 21:07:57.896881,21.76,82.05,1011.59,7.59,0.0
2026-09-20 21:12:57.896881,21.83,75.13,1011.66,8.17,0.0
2026-09-20 21:17:57.896881,22.63,78.09,1012.18,19.37,0.0
2026-09-20 21:22:57.896881,21.19,79.97,1011.48,14.94,0.0
2026-09-20 21:27:57.896881,23.59,77.25,1012.24,20.18,0.0
2026-09-20 21:32:57.896881,20.59,81.32,1012.0,7.49,0.0
2026-09-20 21:37:57.896881,21.59,77.25,1011.88,13.94,0.0
2026-09-20 21:42:57.896881,22.39,83.17,1012.04,2.0,0.0
2026-09-20 21:47:57.896881,22.58,78.55,1011.74,4.59,0.0
2026-09-20 21:52:57.896881,22.06,80.92,1012.15,3.18,0.0
2026-09-20 21:57:57.896881,22.13,81.12,1011.94,17.42,0.0
2026-09-20 22:02:57.896881,22.53,76.98,1011.29,29.36,0.0
2026-09-20 22:07:57.896881,22.05,72.68,1011.86,8.46,0.0
2026-09-20 22:12:57.896881,23.39,79.9,1011.96,14.71,0.0
2026-09-20 22:17:57.896881,22.99,79.0,1011.65,14.45,0.0
2026-09-20 22:22:57.896881,23.06,80.43,1011.86,27.51,0.0
2026-09-20 22:27:57.896881,21.64,78.05,1011.68,7.59,0.0
2026-09-20 22:32:57.896881,22.39,77.4,1011.42,10.6,0.0
2026-09-20 22:37:57.896881,22.27,84.69,1011.3,4.73,0.0
2026-09-20 22:42:57.896881,21.76,74.21,1011.22,3.46,0.0
2026-09-20 22:47:57.896881,22.91,80.79,1011.95,16.07,0.0
2026-09-20 22:52:57.896881,22.25,76.82,1010.96,5.61,0.0
2026-09-20 22:57:57.896881,23.26,77.5,1011.49,5.87,0.0
2026-09-20 23:02:57.896881,21.95,77.51,1011.52,13.67,0.0
2026-09-20 23:07:57.896881,24.25,76.01,1011.59,8.06,0.0
2026-09-20 23:12:57.896881,22.22,80.09,1011.19,16.31,0.0
2026-09-20 23:17:57.896881,23.19,82.5,1011.86,16.54,0.0
2026-09-20 23:22:57.896881,23.72,79.69,1011.29,11.34,0.0
2026-09-20 23:27:57.896881,22.7,78.54,1012.0,10.41,0.0
2026-09-20 23:32:57.896881,23.92,75.21,1011.44,28.98,7.2
2026-09-20 23:37:57.896881,22.34,79.67,1011.62,8.96,0.0
2026-09-20 23:42:57.896881,24.57,84.53,1011.62,17.03,0.0
2026-09-20 23:47:57.896881,23.5,76.87,1011.6,4.37,0.0
2026-09-20 23:52:57.896881,23.1,76.82,1011.52,10.22,0.0
2026-09-20 23:57:57.896881,23.43,76.21,1011.32,17.11,0.0
2026-09-21 00:02:57.896881,24.4,76.36,1011.56,4.91,0.0
2026-09-21 00:07:57.896881,23.38,69.53,1011.53,9.38,0.0
2026-09-21 00:12:57.896881,23.35,78.92,1011.14,9.99,0.0
2026-09-21 00:17:57.896881,23.87,75.1,1011.51,5.17,0.0
2026-09-21 00:22:57.896881,23.2,72.74,1011.73,5.9,0.0
2026-09-21 00:27:57.896881,25.7,79.76,1011.59,4.27,0.0
2026-09-21 00:32:57.896881,23.89,74.19,1011.69,1.22,1.25
2026-09-21 00:37:57.896881,25.12,76.35,1011.41,4.46,0.0
2026-09-21 00:42:57.896881,24.73,81.69,1011.07,11.27,0.0
2026-09-21 00:47:57.896881,23.88,72.99,1010.94,6.1,0.0
2026-09-21 00:52:57.896881,24.77,72.55,1011.3,9.45,0.0
2026-09-21 00:57:57.896881,25.51,77.88,1011.47,10.49,0.0
2026-09-21 01:02:57.896881,24.85,80.45,1011.97,8.36,0.0
2026-09-21 01:07:57.896881,26.07,72.2,1011.45,16.92,0.0
2026-09-21 01:12:57.896881,26.05,78.07,1010.86,35.68,0.0
2026-09-21 01:17:57.896881,26.08,78.51,1010.96,4.5,0.0
2026-09-21 01:22:57.896881,25.1,70.51,1011.82,19.35,0.0
2026-09-21 01:27:57.896881,24.72,79.01,1011.08,5.19,0.0
2026-09-21 01:32:57.896881,25.21,79.16,1011.09,12.96,0.0
2026-09-21 01:37:57.896881,25.98,75.51,1010.76,3.16,0.0
2026-09-21 01:42:57.896881,26.38,80.13,1011.58,12.27,0.0
2026-09-21 01:47:57.896881,24.33,79.7,1011.26,7.24,0.0
2026-09-21 01:52:57.896881,26.19,76.51,1010.78,7.09,0.0
2026-09-21 01:57:57.896881,26.45,74.76,1010.63,11.25,0.0
2026-09-21 02:02:57.896881,26.23,73.12,1011.03,4.07,0.0
2026-09-21 02:07:57.896881,27.61,75.84,1010.99,4.05,2.05
2026-09-21 02:12:57.896881,27.04,77.58,1011.15,7.47,0.0
2026-09-21 02:17:57.896881,27.88,74.81,1011.08,19.0,0.0
2026-09-21 02:22:57.896881,26.79,69.1,1010.91,7.63,0.0
2026-09-21 02:27:57.896881,27.84,79.41,1010.92,36.16,0.0
2026-09-21 02:32:57.896881,28.52,76.09,1011.05,43.04,0.0
2026-09-21 02:37:57.896881,28.4,74.3,1010.96,9.31,0.0
2026-09-21 02:42:57.896881,26.6,77.92,1010.98,28.28,0.0
2026-09-21 02:47:57.896881,27.4,79.84,1011.13,4.62,0.0
2026-09-21 02:52:57.896881,27.46,66.77,1010.82,10.16,0.0
2026-09-21 02:57:57.896881,28.26,76.39,1011.24,11.62,2.73
2026-09-21 03:02:57.896881,28.55,70.72,1010.92,14.93,0.0
2026-09-21 03:07:57.896881,27.46,76.41,1010.86,2.66,0.0
2026-09-21 03:12:57.896881,28.32,75.21,1011.11,11.07,0.0
2026-09-21 03:17:57.896881,26.78,76.65,1011.3,22.98,0.0
2026-09-21 03:22:57.896881,29.68,73.15,1011.3,1.09,0.0
2026-09-21 03:27:57.896881,28.24,68.94,1011.4,4.89,0.0
2026-09-21 03:32:57.896881,28.83,73.13,1011.5,23.34,0.0
2026-09-21 03:37:57.896881,28.67,75.61,1011.69,5.98,0.0
2026-09-21 03:42:57.896881,29.96,77.35,1011.35,10.8,0.0
2026-09-21 03:47:57.896881,26.9,70.7,1011.02,13.26,0.0
2026-09-21 03:52:57.896881,29.29,77.22,1011.33,4.91,0.0
2026-09-21 03:57:57.896881,29.34,72.11,1011.14,3.53,0.0
2026-09-21 04:02:57.896881,29.19,75.05,1012.04,8.33,0.0
2026-09-21 04:07:57.896881,31.06,72.35,1012.24,20.38,0.0
2026-09-21 04:12:57.896881,29.09,74.34,1011.83,11.14,0.0
2026-09-21 04:17:57.896881,30.55,76.39,1011.85,3.61,0.0
2026-09-21 04:22:57.896881,30.34,69.95,1011.58,17.12,0.0
2026-09-21 04:27:57.896881,31.18,71.51,1011.72,3.8,0.0
2026-09-21 04:32:57.896881,29.76,74.02,1011.11,13.0,0.0
2026-09-21 04:37:57.896881,29.83,80.59,1011.63,8.67,0.0
2026-09-21 04:42:57.896881,31.41,70.72,1011.35,6.85,0.0
2026-09-21 04:47:57.896881,30.99,79.35,1011.77,7.99,0.0
2026-09-21 04:52:57.896881,29.53,79.17,1011.64,8.87,0.0
2026-09-21 04:57:57.896881,30.45,72.78,1012.18,9.51,0.0
2026-09-21 05:02:57.896881,31.31,72.11,1011.86,11.63,0.0
2026-09-21 05:07:57.896881,31.78,70.85,1011.64,18.94,0.0
2026-09-21 05:12:57.896881,30.68,72.65,1011.51,30.83,0.0
2026-09-21 05:17:57.896881,29.0,68.56,1012.09,9.78,0.0
2026-09-21 05:22:57.896881,31.86,72.48,1011.61,17.52,0.39
2026-09-21 05:27:57.896881,30.57,77.13,1011.7,10.65,0.0
2026-09-21 05:32:57.896881,30.04,70.73,1011.58,7.61,0.0
2026-09-21 05:37:57.896881,29.49,71.77,1011.42,12.05,0.0
2026-09-21 05:42:57.896881,32.51,67.33,1011.65,2.63,0.0
2026-09-21 05:47:57.896881,32.06,73.48,1011.06,4.35,0.0
2026-09-21 05:52:57.896881,31.87,73.09,1011.09,3.35,0.0
2026-09-21 05:57:57.896881,33.26,72.43,1011.63,11.57,7.76
2026-09-21 06:02:57.896881,32.75,71.52,1012.0,1.45,0.0
2026-09-21 06:07:57.896881,33.63,71.23,1011.73,3.01,0.0
2026-09-21 06:12:57.896881,31.31,73.56,1011.46,1.88,0.0
2026-09-21 06:17:57.896881,32.48,71.91,1011.2,9.92,0.0
2026-09-21 06:22:57.896881,31.3,72.88,1011.99,6.76,0.0
2026-09-21 06:27:57.896881,32.5,72.53,1011.58,8.04,0.0
2026-09-21 06:32:57.896881,32.56,75.2,1012.0,13.02,0.0
2026-09-21 06:37:57.896881,33.34,73.81,1011.87,9.18,0.0
2026-09-21 06:42:57.896881,32.95,72.3,1011.78,7.36,0.0
2026-09-21 06:47:57.896881,33.49,76.23,1011.57,1.41,0.0
2026-09-21 06:52:57.896881,33.62,72.89,1011.52,13.03,0.0
2026-09-21 06:57:57.896881,34.85,75.5,1011.47,1.29,0.0
2026-09-21 07:02:57.896881,32.94,73.36,1011.33,11.2,11.68
2026-09-21 07:07:57.896881,32.51,65.97,1011.18,45.0,0.0
2026-09-21 07:12:57.896881,33.52,75.37,1010.78,14.63,0.0
2026-09-21 07:17:57.896881,32.74,71.82,1011.45,5.61,0.0
2026-09-21 07:22:57.896881,34.62,71.22,1011.99,18.43,0.0
2026-09-21 07:27:57.896881,33.27,72.18,1011.81,34.18,0.0
2026-09-21 07:32:57.896881,33.09,70.27,1011.65,20.56,0.0
2026-09-21 07:37:57.896881,33.21,71.95,1011.32,25.19,0.0
2026-09-21 07:42:57.896881,34.21,69.47,1011.88,4.6,0.0
2026-09-21 07:47:57.896881,33.56,75.04,1011.58,6.89,0.0
2026-09-21 07:52:57.896881,33.21,70.84,1012.09,16.2,0.0
2026-09-21 07:57:57.896881,35.09,70.01,1011.44,9.01,0.0
2026-09-21 08:02:57.896881,33.11,68.36,1011.48,4.28,0.0
2026-09-21 08:07:57.896881,33.86,71.92,1011.41,14.8,0.0
2026-09-21 08:12:57.896881,34.38,71.66,1011.24,16.16,0.0
2026-09-21 08:17:57.896881,32.58,72.24,1011.37,7.63,0.0
2026-09-21 08:22:57.896881,34.29,67.98,1011.71,3.69,0.0
2026-09-21 08:27:57.896881,33.09,66.24,1011.42,6.62,0.0
2026-09-21 08:32:57.896881,34.61,72.91,1010.46,7.06,0.89
2026-09-21 08:37:57.896881,33.19,75.48,1012.03,10.7,0.0
2026-09-21 08:42:57.896881,34.53,67.94,1011.18,3.12,0.0
2026-09-21 08:47:57.896881,34.87,75.78,1011.83,8.46,0.0
2026-09-21 08:52:57.896881,34.68,71.86,1011.72,6.22,0.0
2026-09-21 08:57:57.896881,34.2,70.98,1012.29,14.92,0.0
2026-09-21 09:02:57.896881,33.81,69.81,1011.92,45.0,0.0
2026-09-21 09:07:57.896881,33.54,66.85,1011.5,11.14,0.0
2026-09-21 09:12:57.896881,35.17,73.97,1011.49,9.3,0.0
2026-09-21 09:17:57.896881,33.43,68.68,1012.21,12.84,0.0
2026-09-21 09:22:57.896881,33.15,68.68,1011.28,16.48,0.0
2026-09-21 09:27:57.896881,34.5,74.0,1011.81,0.44,0.0
2026-09-21 09:32:57.896881,33.31,65.39,1011.69,9.24,3.45
2026-09-21 09:37:57.896881,33.17,66.48,1011.59,17.88,0.0
2026-09-21 09:42:57.896881,32.75,71.01,1011.86,2.09,0.0
2026-09-21 09:47:57.896881,33.5,71.96,1011.79,11.08,0.0
2026-09-21 09:52:57.896881,33.79,72.55,1011.88,19.12,0.0
2026-09-21 09:57:57.896881,34.02,70.21,1011.79,33.43,0.0
2026-09-21 10:02:57.896881,34.56,78.73,1011.82,11.95,0.0
2026-09-21 10:07:57.896881,34.18,70.48,1011.77,14.84,0.0
2026-09-21 10:12:57.896881,33.57,70.49,1011.57,13.78,0.0
2026-09-21 10:17:57.896881,33.52,68.82,1011.67,2.63,0.0
2026-09-21 10:22:57.896881,34.05,71.61,1011.47,42.13,0.0
2026-09-21 10:27:57.896881,34.61,73.12,1011.41,12.71,0.0
2026-09-21 10:32:57.896881,33.64,74.92,1011.6,8.22,6.05
2026-09-21 10:37:57.896881,33.12,66.87,1011.6,23.32,0.0
2026-09-21 10:42:57.896881,32.64,70.64,1011.62,5.25,0.0
2026-09-21 10:47:57.896881,32.23,72.75,1011.91,14.0,0.0
2026-09-21 10:52:57.896881,33.86,73.21,1011.48,7.61,0.0
2026-09-21 10:57:57.896881,33.72,71.51,1011.73,5.07,0.0
2026-09-21 11:02:57.896881,33.66,73.16,1011.63,9.98,0.0
2026-09-21 11:07:57.896881,33.03,69.15,1011.5,11.09,0.0
2026-09-21 11:12:57.896881,34.19,76.3,1011.73,9.04,0.0
2026-09-21 11:17:57.896881,32.6,74.65,1012.07,44.95,0.0
2026-09-21 11:22:57.896881,33.68,67.69,1011.87,11.01,0.0
2026-09-21 11:27:57.896881,32.81,68.55,1011.88,7.34,0.0
2026-09-21 11:32:57.896881,32.27,68.69,1011.54,10.8,0.0
2026-09-21 11:37:57.896881,33.15,73.91,1012.31,16.3,0.0
2026-09-21 11:42:57.896881,32.92,68.08,1011.61,13.39,0.0
2026-09-21 11:47:57.896881,32.8,71.0,1011.37,28.2,0.0
2026-09-21 11:52:57.896881,32.49,73.42,1012.1,12.0,0.0
2026-09-21 11:57:57.896881,32.3,71.91,1011.67,0.94,0.0
2026-09-21 12:02:57.896881,34.15,72.95,1011.6,11.1,0.0
2026-09-21 12:07:57.896881,33.1,69.04,1011.51,11.21,7.54
2026-09-21 12:12:57.896881,32.63,74.08,1012.22,19.74,0.0
2026-09-21 12:17:57.896881,32.05,70.52,1011.8,1.39,0.0
2026-09-21 12:22:57.896881,32.66,71.45,1011.9,14.44,0.0
2026-09-21 12:27:57.896881,32.17,73.21,1011.83,17.8,0.0
2026-09-21 12:32:57.896881,31.67,72.87,1011.89,11.27,0.0
2026-09-21 12:37:57.896881,31.31,72.71,1012.13,16.75,0.0
2026-09-21 12:42:57.896881,31.38,70.45,1011.62,4.39,0.0
2026-09-21 12:47:57.896881,28.8,71.88,1011.38,18.59,0.0
2026-09-21 12:52:57.896881,31.39,72.86,1012.09,3.75,0.0
2026-09-21 12:57:57.896881,30.72,68.8,1012.0,5.97,0.0
2026-09-21 13:02:57.896881,32.27,71.61,1011.9,15.67,0.0
2026-09-21 13:07:57.896881,30.9,74.24,1012.03,35.88,0.0
2026-09-21 13:12:57.896881,29.82,69.32,1011.66,31.67,0.0
2026-09-21 13:17:57.896881,30.61,76.7,1011.76,12.78,0.0
2026-09-21 13:22:57.896881,29.7,77.12,1011.72,2.16,0.0
2026-09-21 13:27:57.896881,30.8,69.65,1011.64,6.17,0.0
2026-09-21 13:32:57.896881,30.53,77.54,1012.18,7.79,0.0
2026-09-21 13:37:57.896881,30.94,73.12,1011.32,0.57,0.0
2026-09-21 13:42:57.896881,29.42,74.89,1012.47,3.68,0.0
2026-09-21 13:47:57.896881,29.96,72.22,1011.98,18.97,0.0
2026-09-21 13:52:57.896881,28.71,76.57,1011.13,30.3,0.0
2026-09-21 13:57:57.896881,30.24,75.1,1011.55,21.15,0.0
2026-09-21 14:02:57.896881,29.97,71.52,1011.6,6.49,0.0
2026-09-21 14:07:57.896881,29.82,70.55,1011.83,16.21,0.0
2026-09-21 14:12:57.896881,29.3,69.75,1011.44,9.74,1.02
2026-09-21 14:17:57.896881,29.5,74.78,1011.77,3.65,0.0
2026-09-21 14:22:57.896881,30.33,76.02,1011.75,12.33,0.0
2026-09-21 14:27:57.896881,28.68,76.34,1011.57,15.16,0.0
2026-09-21 14:32:57.896881,28.89,74.12,1011.57,4.38,0.0
2026-09-21 14:37:57.896881,27.78,71.09,1011.98,2.7,0.0
2026-09-21 14:42:57.896881,27.83,72.61,1011.2,6.6,0.0
2026-09-21 14:47:57.896881,28.47,78.2,1011.8,23.4,0.0
2026-09-21 14:52:57.896881,29.14,73.37,1011.96,17.23,0.0
2026-09-21 14:57:57.896881,27.93,75.34,1011.65,7.0,0.0
2026-09-21 15:02:57.896881,27.81,71.77,1011.73,4.74,0.0
2026-09-21 15:07:57.896881,27.54,76.1,1011.99,9.67,0.0
2026-09-21 15:12:57.896881,27.31,73.8,1011.48,3.46,0.0
2026-09-21 15:17:57.896881,27.84,78.4,1011.54,11.37,0.0
2026-09-21 15:22:57.896881,26.28,77.67,1011.6,8.57,0.0
2026-09-21 15:27:57.896881,28.37,73.95,1012.06,0.48,0.0
2026-09-21 15:32:57.896881,26.68,75.14,1012.06,7.31,0.0
2026-09-21 15:37:57.896881,27.66,73.96,1011.26,0.61,0.0
2026-09-21 15:42:57.896881,25.94,71.44,1011.95,11.96,0.0
2026-09-21 15:47:57.896881,27.36,73.21,1011.91,3.2,0.0
2026-09-21 15:52:57.896881,27.24,76.46,1012.02,1.77,0.0
2026-09-21 15:57:57.896881,26.88,76.93,1011.65,7.99,0.0
2026-09-21 16:02:57.896881,25.65,76.48,1011.61,7.41,0.0
2026-09-21 16:07:57.896881,26.52,75.21,1011.99,12.26,0.0
2026-09-21 16:12:57.896881,25.25,79.0,1011.86,3.34,0.0
2026-09-21 16:17:57.896881,25.87,76.48,1012.43,25.32,0.0
2026-09-21 16:22:57.896881,26.77,78.48,1011.92,16.58,0.0
2026-09-21 16:27:57.896881,26.46,71.13,1011.64,25.99,0.0
2026-09-21 16:32:57.896881,25.72,64.76,1011.22,8.32,0.0
2026-09-21 16:37:57.896881,24.8,77.46,1011.44,4.29,0.0
2026-09-21 16:42:57.896881,25.98,72.42,1011.23,30.34,0.0
2026-09-21 16:47:57.896881,25.36,76.13,1011.56,16.36,0.0
2026-09-21 16:52:57.896881,23.37,75.94,1011.95,7.82,0.0
2026-09-21 16:57:57.896881,25.74,81.69,1011.65,9.4,0.0
2026-09-21 17:02:57.896881,24.98,78.2,1012.02,6.67,0.0
2026-09-21 17:07:57.896881,25.85,77.57,1011.76,19.44,0.0
2026-09-21 17:12:57.896881,23.9,79.66,1011.53,13.0,0.0
2026-09-21 17:17:57.896881,22.13,78.33,1011.65,14.25,0.0
2026-09-21 17:22:57.896881,24.78,75.92,1011.82,3.93,0.0
2026-09-21 17:27:57.896881,24.69,80.58,1011.7,8.73,0.0
2026-09-21 17:32:57.896881,22.99,74.11,1011.7,11.21,0.0
2026-09-21 17:37:57.896881,23.46,78.47,1011.45,1.99,0.0
2026-09-21 17:42:57.896881,26.35,72.93,1011.57,12.85,0.0
2026-09-21 17:47:57.896881,23.8,78.25,1012.43,10.4,0.0
2026-09-21 17:52:57.896881,24.53,78.28,1012.13,18.28,0.0
2026-09-21 17:57:57.896881,23.33,82.8,1011.3,20.51,0.0
2026-09-21 18:02:57.896881,22.09,73.13,1011.01,35.06,0.0
2026-09-21 18:07:57.896881,23.53,76.09,1011.75,10.95,0.0
2026-09-21 18:12:57.896881,23.36,80.42,1012.0,7.31,0.0
2026-09-21 18:17:57.896881,23.17,79.01,1011.57,3.38,0.0
2026-09-21 18:22:57.896881,23.31,78.61,1012.04,2.82,0.0
2026-09-21 18:27:57.896881,23.53,75.25,1011.67,9.29,0.0
2026-09-21 18:32:57.896881,23.12,76.4,1011.64,2.56,0.0
2026-09-21 18:37:57.896881,22.15,81.96,1011.92,3.05,0.0
2026-09-21 18:42:57.896881,23.47,78.12,1011.59,9.55,0.0
2026-09-21 18:47:57.896881,21.45,79.45,1011.66,6.86,0.0
2026-09-21 18:52:57.896881,21.3,78.03,1011.86,4.26,0.0
2026-09-21 18:57:57.896881,23.46,74.87,1011.63,7.26,0.0
2026-09-21 19:02:57.896881,23.21,81.27,1012.2,16.98,0.0
2026-09-21 19:07:57.896881,22.69,80.02,1011.88,13.03,0.0
2026-09-21 19:12:57.896881,21.56,85.46,1011.75,19.94,0.0
2026-09-21 19:17:57.896881,22.05,75.54,1011.55,8.33,0.0
2026-09-21 19:22:57.896881,22.35,81.09,1011.85,6.67,0.0
2026-09-21 19:27:57.896881,21.23,74.73,1011.46,10.74,0.0
2026-09-21 19:32:57.896881,21.87,79.17,1011.65,3.11,0.0
2026-09-21 19:37:57.896881,22.93,81.66,1011.26,7.81,0.0
2026-09-21 19:42:57.896881,23.5,72.54,1011.81,7.15,0.0
2026-09-21 19:47:57.896881,21.98,78.17,1011.56,45.0,0.0
2026-09-21 19:52:57.896881,22.88,77.13,1012.03,22.65,0.0
2026-09-21 19:57:57.896881,20.71,76.73,1012.19,15.48,0.0
2026-09-21 20:02:57.896881,22.73,80.02,1011.67,13.37,0.0
2026-09-21 20:07:57.896881,21.53,82.25,1011.41,28.51,0.0
2026-09-21 20:12:57.896881,22.39,78.51,1011.2,13.28,0.0
2026-09-21 20:17:57.896881,21.92,79.54,1011.8,4.95,0.0
2026-09-21 20:22:57.896881,23.15,79.28,1011.5,4.61,0.0
2026-09-21 20:27:57.896881,21.37,78.96,1011.56,17.3,0.0
2026-09-21 20:32:57.896881,22.55,75.7,1011.93,15.13,0.0
2026-09-21 20:37:57.896881,21.81,82.3,1011.18,13.23,3.55
2026-09-21 20:42:57.896881,21.9,79.87,1011.07,20.57,0.0
2026-09-21 20:47:57.896881,21.87,80.18,1011.34,19.79,0.0
2026-09-21 20:52:57.896881,21.33,76.58,1011.7,1.59,0.0
2026-09-21 20:57:57.896881,21.99,77.62,1011.64,8.51,0.0
2026-09-21 21:02:57.896881,21.95,78.47,1011.27,14.27,0.0
2026-09-21 21:07:57.896881,22.19,74.4,1011.79,24.2,0.0
2026-09-21 21:12:57.896881,22.07,73.93,1011.23,15.9,0.0
2026-09-21 21:17:57.896881,22.65,77.19,1011.41,17.46,2.67
2026-09-21 21:22:57.896881,22.76,80.55,1011.68,3.58,0.0
2026-09-21 21:27:57.896881,21.2,77.02,1011.51,2.32,0.0
2026-09-21 21:32:57.896881,22.75,75.91,1011.98,12.8,0.0
2026-09-21 21:37:57.896881,21.12,76.51,1011.76,6.58,0.0
2026-09-21 21:42:57.896881,22.56,77.57,1012.23,14.53,0.0
2026-09-21 21:47:57.896881,22.61,77.86,1011.65,5.57,0.0
2026-09-21 21:52:57.896881,20.61,85.4,1011.62,6.43,0.35
2026-09-21 21:57:57.896881,22.25,82.05,1012.01,17.11,0.0
2026-09-21 22:02:57.896881,21.83,81.94,1011.64,9.99,0.0
2026-09-21 22:07:57.896881,21.63,82.35,1012.09,5.3,0.0
2026-09-21 22:12:57.896881,23.36,75.82,1011.82,8.88,0.0
2026-09-21 22:17:57.896881,21.8,75.12,1010.99,15.44,0.0
2026-09-21 22:22:57.896881,21.72,75.44,1012.05,9.36,0.0
2026-09-21 22:27:57.896881,22.47,82.73,1011.98,14.17,0.0
2026-09-21 22:32:57.896881,23.01,77.05,1012.06,7.97,0.0
2026-09-21 22:37:57.896881,22.39,74.91,1011.23,22.84,0.0
2026-09-21 22:42:57.896881,23.5,77.33,1011.61,8.73,0.22
2026-09-21 22:47:57.896881,23.04,77.87,1011.58,6.22,0.0
2026-09-21 22:52:57.896881,20.94,79.35,1011.54,26.87,8.69
2026-09-21 22:57:57.896881,22.32,79.26,1012.33,10.04,0.0
2026-09-21 23:02:57.896881,22.35,75.98,1011.87,14.01,0.0
2026-09-21 23:07:57.896881,23.25,80.48,1011.87,6.16,0.0
2026-09-21 23:12:57.896881,20.84,76.46,1011.95,13.69,6.19
2026-09-21 23:17:57.896881,25.05,77.86,1011.87,15.38,0.0
2026-09-21 23:22:57.896881,23.51,80.34,1010.74,4.96,0.0
2026-09-21 23:27:57.896881,23.28,76.3,1011.52,18.13,0.0
2026-09-21 23:32:57.896881,24.19,76.47,1011.31,9.16,0.0
2026-09-21 23:37:57.896881,25.2,79.89,1011.86,18.13,0.0
2026-09-21 23:42:57.896881,24.1,75.49,1011.64,5.45,0.0
2026-09-21 23:47:57.896881,24.25,76.85,1011.73,6.47,0.0
2026-09-21 23:52:57.896881,23.68,79.62,1011.06,11.27,0.0
2026-09-21 23:57:57.896881,23.55,84.05,1011.59,4.6,0.0
2026-09-22 00:02:57.896881,23.38,79.64,1011.99,11.55,0.0
2026-09-22 00:07:57.896881,23.19,79.18,1012.06,12.91,0.0
2026-09-22 00:12:57.896881,23.4,79.29,1011.83,11.25,0.0
2026-09-22 00:17:57.896881,22.96,74.42,1011.2,10.7,6.82
2026-09-22 00:22:57.896881,24.08,77.92,1012.03,3.8,0.0
2026-09-22 00:27:57.896881,22.9,77.41,1011.86,2.67,4.89
2026-09-22 00:32:57.896881,24.5,78.4,1011.66,9.6,0.0
2026-09-22 00:37:57.896881,24.42,77.71,1011.17,1.75,0.0
2026-09-22 00:42:57.896881,24.68,78.43,1012.1,1.44,0.0
2026-09-22 00:47:57.896881,24.25,76.29,1011.66,6.4,0.0
2026-09-22 00:52:57.896881,27.24,77.33,1011.96,4.52,0.0
2026-09-22 00:57:57.896881,25.98,73.39,1011.92,13.25,0.0
2026-09-22 01:02:57.896881,24.0,76.04,1012.37,9.59,0.0
2026-09-22 01:07:57.896881,25.3,81.1,1011.92,12.86,0.0
2026-09-22 01:12:57.896881,24.74,77.8,1011.98,17.96,0.0
2026-09-22 01:17:57.896881,24.53,76.71,1012.44,23.05,0.0
2026-09-22 01:22:57.896881,24.39,82.38,1011.82,16.52,0.0
2026-09-22 01:27:57.896881,25.93,72.53,1012.26,11.05,0.0
2026-09-22 01:32:57.896881,25.16,73.2,1011.95,4.19,0.0
2026-09-22 01:37:57.896881,26.6,81.59,1011.69,21.71,0.0
2026-09-22 01:42:57.896881,26.74,76.51,1012.0,3.46,0.0
2026-09-22 01:47:57.896881,27.17,75.56,1012.25,18.28,0.0
2026-09-22 01:52:57.896881,25.51,72.61,1012.5,24.72,0.0
2026-09-22 01:57:57.896881,26.7,77.46,1012.55,13.45,0.0
2026-09-22 02:02:57.896881,26.95,77.67,1012.05,4.3,0.0
2026-09-22 02:07:57.896881,26.19,72.67,1011.91,6.79,0.34
2026-09-22 02:12:57.896881,26.08,75.44,1012.1,11.81,0.0
2026-09-22 02:17:57.896881,28.12,74.77,1011.78,5.24,0.0
2026-09-22 02:22:57.896881,27.14,76.46,1012.14,10.93,0.0
2026-09-22 02:27:57.896881,27.6,72.25,1012.08,13.29,0.0
2026-09-22 02:32:57.896881,26.56,79.28,1012.36,14.24,0.0
2026-09-22 02:37:57.896881,26.37,78.18,1011.39,6.71,0.0
2026-09-22 02:42:57.896881,27.02,74.26,1011.86,10.01,0.0
2026-09-22 02:47:57.896881,27.51,74.61,1011.78,11.41,0.0
2026-09-22 02:52:57.896881,26.89,74.77,1012.32,2.2,4.4
2026-09-22 02:57:57.896881,27.86,72.75,1011.66,6.51,0.0
2026-09-22 03:02:57.896881,26.65,73.67,1012.1,10.5,0.0
2026-09-22 03:07:57.896881,27.23,74.1,1011.96,13.18,0.0
2026-09-22 03:12:57.896881,28.8,79.66,1012.3,26.23,0.0
2026-09-22 03:17:57.896881,28.88,77.58,1012.12,12.42,0.0
2026-09-22 03:22:57.896881,28.21,77.46,1011.96,3.32,0.0
2026-09-22 03:27:57.896881,27.84,75.67,1011.77,4.9,0.0
2026-09-22 03:32:57.896881,27.96,71.13,1011.35,18.99,0.0
2026-09-22 03:37:57.896881,28.61,74.27,1011.97,32.72,0.0
2026-09-22 03:42:57.896881,29.56,77.22,1011.98,4.08,0.0
2026-09-22 03:47:57.896881,29.91,70.44,1011.41,6.33,0.0
2026-09-22 03:52:57.896881,28.9,76.04,1011.53,33.69,0.0
2026-09-22 03:57:57.896881,28.5,81.02,1012.02,28.47,0.0
2026-09-22 04:02:57.896881,29.77,77.15,1012.11,15.17,0.0
2026-09-22 04:07:57.896881,29.02,78.12,1011.67,6.43,0.0
2026-09-22 04:12:57.896881,29.39,74.45,1011.78,3.91,0.0
2026-09-22 04:17:57.896881,30.99,76.62,1011.3,6.04,0.0
2026-09-22 04:22:57.896881,30.71,71.48,1012.42,7.44,0.0
2026-09-22 04:27:57.896881,30.3,75.94,1011.61,7.72,0.0
2026-09-22 04:32:57.896881,29.28,75.43,1012.22,2.17,0.0
2026-09-22 04:37:57.896881,30.59,74.26,1011.98,4.64,0.0
2026-09-22 04:42:57.896881,31.39,77.26,1012.43,10.74,0.0
2026-09-22 04:47:57.896881,30.35,71.61,1011.9,6.24,0.0
2026-09-22 04:52:57.896881,31.85,72.59,1012.15,3.21,6.17
2026-09-22 04:57:57.896881,31.92,73.36,1011.57,4.21,0.0
2026-09-22 05:02:57.896881,32.33,69.91,1011.49,8.42,0.0
2026-09-22 05:07:57.896881,31.36,73.61,1012.14,2.61,0.0
2026-09-22 05:12:57.896881,31.69,67.69,1011.43,23.64,0.0
2026-09-22 05:17:57.896881,32.46,75.92,1011.94,2.78,0.0
2026-09-22 05:22:57.896881,31.8,72.85,1012.31,16.02,0.0
2026-09-22 05:27:57.896881,31.15,71.07,1012.21,32.37,0.0
2026-09-22 05:32:57.896881,31.29,70.06,1011.81,3.09,0.0
2026-09-22 05:37:57.896881,31.95,71.79,1011.57,3.76,0.0
2026-09-22 05:42:57.896881,30.82,74.49,1012.11,8.53,0.0
2026-09-22 05:47:57.896881,31.84,74.01,1012.37,6.82,0.0
2026-09-22 05:52:57.896881,32.93,70.18,1011.89,19.4,0.0
2026-09-22 05:57:57.896881,30.4,69.7,1011.78,8.07,0.0
2026-09-22 06:02:57.896881,33.47,74.14,1011.86,4.56,0.0
2026-09-22 06:07:57.896881,33.23,69.94,1012.28,16.75,0.0
2026-09-22 06:12:57.896881,32.06,72.23,1012.54,7.46,0.0
2026-09-22 06:17:57.896881,32.95,72.36,1011.77,4.46,0.0
2026-09-22 06:22:57.896881,32.6,72.87,1011.7,5.14,0.0
2026-09-22 06:27:57.896881,33.66,74.46,1012.86,2.98,0.0
2026-09-22 06:32:57.896881,33.55,68.04,1012.06,1.11,0.0
2026-09-22 06:37:57.896881,31.72,66.04,1012.19,3.28,0.0
2026-09-22 06:42:57.896881,33.38,70.02,1011.89,8.23,0.0
2026-09-22 06:47:57.896881,32.82,77.08,1012.25,7.32,0.0
2026-09-22 06:52:57.896881,33.13,77.69,1012.35,2.37,0.0
2026-09-22 06:57:57.896881,32.55,77.07,1012.09,4.64,0.0
2026-09-22 07:02:57.896881,34.59,70.96,1012.52,15.18,0.0
2026-09-22 07:07:57.896881,34.09,66.15,1011.99,14.29,0.0
2026-09-22 07:12:57.896881,32.73,64.42,1012.01,10.26,0.0
2026-09-22 07:17:57.896881,32.31,69.57,1012.14,3.59,1.25
2026-09-22 07:22:57.896881,33.13,70.78,1012.25,19.27,0.0
2026-09-22 07:27:57.896881,33.84,75.24,1012.17,8.57,0.0
2026-09-22 07:32:57.896881,33.74,73.91,1011.81,5.11,0.0
2026-09-22 07:37:57.896881,34.59,71.95,1012.29,3.72,0.0
2026-09-22 07:42:57.896881,34.27,68.57,1012.12,16.2,1.38
2026-09-22 07:47:57.896881,34.46,68.33,1012.02,0.31,0.0
2026-09-22 07:52:57.896881,33.98,71.95,1012.23,12.02,0.0
2026-09-22 07:57:57.896881,32.65,73.25,1011.94,6.54,0.0
2026-09-22 08:02:57.896881,33.64,72.31,1011.89,21.07,1.05
2026-09-22 08:07:57.896881,34.68,68.01,1011.42,39.83,0.0
2026-09-22 08:12:57.896881,33.82,73.05,1012.7,5.15,0.0
2026-09-22 08:17:57.896881,34.29,72.35,1012.35,19.47,0.0
2026-09-22 08:22:57.896881,33.65,67.85,1012.18,12.45,0.0
2026-09-22 08:27:57.896881,33.11,68.69,1012.01,11.49,0.0
2026-09-22 08:32:57.896881,33.85,73.1,1011.36,2.42,0.0
2026-09-22 08:37:57.896881,34.21,70.32,1012.01,6.1,0.0
2026-09-22 08:42:57.896881,33.45,75.78,1012.44,18.92,0.0
2026-09-22 08:47:57.896881,33.8,72.51,1012.5,22.89,0.0
2026-09-22 08:52:57.896881,33.24,69.54,1012.41,28.03,0.0
2026-09-22 08:57:57.896881,34.89,70.97,1012.4,6.13,0.0
2026-09-22 09:02:57.896881,33.76,71.19,1012.76,13.98,14.82
2026-09-22 09:07:57.896881,35.16,68.82,1012.3,6.36,0.0
2026-09-22 09:12:57.896881,35.22,68.27,1012.75,10.8,5.73
2026-09-22 09:17:57.896881,33.92,73.11,1012.3,13.83,0.0
2026-09-22 09:22:57.896881,33.17,73.55,1012.21,6.57,0.0
2026-09-22 09:27:57.896881,32.3,72.84,1012.16,14.66,0.0
2026-09-22 09:32:57.896881,32.77,75.58,1012.2,8.21,0.0
2026-09-22 09:37:57.896881,32.83,69.42,1012.7,9.26,0.0
2026-09-22 09:42:57.896881,35.01,76.08,1012.23,2.46,0.0
2026-09-22 09:47:57.896881,33.98,68.37,1012.16,5.83,0.0
2026-09-22 09:52:57.896881,34.17,68.06,1012.63,5.93,1.95
2026-09-22 09:57:57.896881,32.05,65.83,1012.54,42.18,0.0
2026-09-22 10:02:57.896881,32.84,69.8,1012.67,4.83,0.0
2026-09-22 10:07:57.896881,34.47,69.65,1012.52,9.12,0.0
2026-09-22 10:12:57.896881,33.95,72.76,1012.07,4.92,0.0
2026-09-22 10:17:57.896881,33.56,71.94,1012.46,8.23,0.0
2026-09-22 10:22:57.896881,34.09,67.66,1012.39,10.65,0.0
2026-09-22 10:27:57.896881,34.9,70.09,1012.08,4.07,0.0
2026-09-22 10:32:57.896881,33.37,70.19,1012.08,18.03,0.0
2026-09-22 10:37:57.896881,33.55,66.01,1012.26,4.26,0.0
2026-09-22 10:42:57.896881,33.59,68.43,1013.11,2.12,0.0
2026-09-22 10:47:57.896881,35.29,69.1,1012.36,9.98,0.0
2026-09-22 10:52:57.896881,31.64,75.75,1012.92,33.24,0.0
2026-09-22 10:57:57.896881,33.81,72.07,1012.46,1.47,0.0
2026-09-22 11:02:57.896881,33.1,73.52,1012.88,2.83,0.0
2026-09-22 11:07:57.896881,33.58,67.08,1012.89,17.03,0.0
2026-09-22 11:12:57.896881,32.53,75.21,1012.89,4.81,0.0
2026-09-22 11:17:57.896881,32.95,75.58,1012.68,11.14,0.0
2026-09-22 11:22:57.896881,33.48,65.73,1013.04,20.21,0.0
2026-09-22 11:27:57.896881,35.33,69.66,1012.8,16.24,0.0
2026-09-22 11:32:57.896881,33.41,73.31,1013.16,10.57,0.0
2026-09-22 11:37:57.896881,32.0,73.81,1012.15,10.72,0.0
